[{"type": "products", "id": "PPS1-B017VOMJ6A", "attributes": {"name": "Himalaya Gentle Baby Wipes - 72 Wipes - (Pack of 2)", "card_type": true, "product_label": "", "category_price_starting_from": "", "category_earn_text": "", "category_detail": "", "facets": [], "image_url": "https://m.media-amazon.com/images/I/41fmRAq-sUL._SL500_.jpg", "image_urls": {"image_url_1": "https://m.media-amazon.com/images/I/41fmRAq-sUL._SL500_.jpg", "image_url_2": "https://m.media-amazon.com/images/I/41CzpZHO4FS._SL500_.jpg", "image_url_3": "https://m.media-amazon.com/images/I/41+lXCrV87S._SL500_.jpg", "image_url_4": ""}, "cashback_url": "https://tracking.cashkaro.com/visitproduct/18858/PPS1-B017VOMJ6A?id=", "is_compared": true, "brand": "Himalaya", "product_button_text": "", "product_start_datetime": null, "product_end_datetime": null, "merchant_offer_id": "18858", "merchant_name": "Amazon Baby Products", "cashback_type": "Rewards", "merchant_image_url": "https://asset20.ckassets.com/resources/image/stores/amazon-1602658695.png", "offer_type": "Cashback + Coupons", "coupons_count": 0, "secondary_cashback_count": 0, "compared_CKSID": "CKS-Wipes-000008", "compared_sellers_count": 4, "compared_product_name": "Himalaya Gentle Baby Wipes - 72 Wipes - (Pack of 2)", "price": {"original_price": "318.00", "discounted_price": "216.00", "cashback_amount": "5.40", "price_aftercashback": "210.60", "currency": "INR", "discount_percentage": 32}}, "relationships": {"products_compared": [{"type": "products", "id": "PPS1-B017VOMJ6A", "attributes": {"cashback_url": "https://tracking.cashkaro.com/visitproduct/18858/PPS1-B017VOMJ6A?id=", "product_label": "", "availability": "Yes", "card_type": true, "price": {"original_price": "318.00", "discounted_price": "216.00", "cashback_amount": "5.40", "price_aftercashback": "210.60", "currency": "INR"}, "product_button_text": "", "product_start_datetime": null, "product_end_datetime": null, "merchant": {"offer_id": "18858", "name": "Amazon Baby Products", "unique_identifier": "amazon-baby-products", "cashback_type": "Rewards", "cashback_payment_type": "percent", "offer_type": "Cashback + Coupons", "image_url": "https://asset20.ckassets.com/resources/image/stores/amazon-1602658695.png", "coupons_count": 0, "secondary_cashback_count": 0, "final_terms_condition": "<li>Add Products to your cart / wishlist only after clicking out from CashKaro</li><li>Rewards on Amazon App orders: Yes</li><li>No CashKaro Rewards on transactions through Amazon Business Account</li><li>Your Missing Rewards ticket will be resolved within 10 Days</li>", "report_storename": "Amazon", "app_tracking_enabled_android": 1, "app_tracking_enabled_ios": 1, "is_custom_override_case": 1, "intermediate_page_text": ""}}}, {"type": "products", "id": "PPS3-734609", "attributes": {"cashback_url": "https://tracking.cashkaro.com/visitproduct/20635/PPS3-734609?id=", "product_label": "", "availability": "Yes", "card_type": true, "price": {"original_price": "350.00", "discounted_price": "213.00", "cashback_amount": "0.00", "price_aftercashback": "213.00", "currency": "INR"}, "product_button_text": "", "product_start_datetime": null, "product_end_datetime": null, "merchant": {"offer_id": "20635", "name": "Firstcry Mapping", "unique_identifier": "firstcry-mapping", "cashback_type": "Cashback", "cashback_payment_type": "pound", "offer_type": "Cashback only", "image_url": "https://asset20.ckassets.com/resources/image/stores/firstcry.png", "coupons_count": 0, "secondary_cashback_count": 2, "final_terms_condition": "<li>No CashKaro Cashback on orders below \u20b9100</li><li>No CashKaro Cashback for Bulk Transactions</li><li>CashKaro Cashback is not applicable if you pay using Firstcry Credits</li><li>No CashKaro Cashback on Firstcry App Transactions</li><li>Referral Earnings are not applicable on this Offer</li>", "report_storename": "Firstcry", "app_tracking_enabled_android": 0, "app_tracking_enabled_ios": 0, "is_custom_override_case": 0, "intermediate_page_text": ""}}}, {"type": "products", "id": "PPS14-393954-72Pcs", "attributes": {"cashback_url": "https://tracking.cashkaro.com/visitproduct/17218/PPS14-393954-72Pcs?id=", "product_label": "", "availability": "Yes", "card_type": true, "price": {"original_price": "350.00", "discounted_price": "333.00", "cashback_amount": "23.31", "price_aftercashback": "309.69", "currency": "INR"}, "product_button_text": "", "product_start_datetime": null, "product_end_datetime": null, "merchant": {"offer_id": "17218", "name": "Nykaa", "unique_identifier": "nykaa", "cashback_type": "Cashback", "cashback_payment_type": "percent", "offer_type": "Cashback + Coupons", "image_url": "https://asset20.ckassets.com/resources/image/stores/nykaa-test-1658416806.png", "coupons_count": 0, "secondary_cashback_count": 1, "final_terms_condition": "<li>Cashback on Nykaa App orders will track at Existing User rate & will be corrected at the time of validation</li><li>Cashback might track at higher rate & will get normalised on validation</li><li>No Cashback applicable on purchases of Gold/Silver Coins, Bars, Jewellery, and Idols</li><li>Cashback is applicable Thrice per unique user per month basis email, phone number and address</li><li>No CashKaro Cashback for Bulk Transactions</li><li>Cashback on Nykaa App Orders: Applicable</li><li>No Cashback on orders placed with Nykaa Credits or Gift Vouchers</li>", "report_storename": "Nykaa", "app_tracking_enabled_android": 0, "app_tracking_enabled_ios": 0, "is_custom_override_case": 0, "intermediate_page_text": ""}}}, {"type": "products", "id": "PPS4-itmb2b1e31bdd602", "attributes": {"cashback_url": "https://tracking.cashkaro.com/visitproduct/22008/PPS4-itmb2b1e31bdd602?id=", "product_label": "", "availability": "Yes", "card_type": true, "price": {"original_price": "400.00", "discounted_price": "375.00", "cashback_amount": "13.13", "price_aftercashback": "361.88", "currency": "INR"}, "product_button_text": "", "product_start_datetime": null, "product_end_datetime": null, "merchant": {"offer_id": "22008", "name": "Flipkart Books and General MarMap", "unique_identifier": "flipkart-bgm-marmap", "cashback_type": "Rewards", "cashback_payment_type": "percent", "offer_type": "Cashback only", "image_url": "https://asset20.ckassets.com/resources/image/stores/flipkart-tv-bbd-mapping-1697103111.png", "coupons_count": 0, "secondary_cashback_count": 1, "final_terms_condition": "<li>Add products to your Cart/Wishlist only after clicking out from CashKaro</li><li>Missing Reward Tickets will be resolved within 10 days</li>", "report_storename": "Flipkart", "app_tracking_enabled_android": 1, "app_tracking_enabled_ios": 1, "is_custom_override_case": 1, "intermediate_page_text": ""}}}]}}, {"type": "products", "id": "PPS1-B06X3QQZWS", "attributes": {"name": "Mee Mee Baby Gentle Baby Wipes - 72 Wipes - (Pack of 3)", "card_type": true, "product_label": "", "category_price_starting_from": "", "category_earn_text": "", "category_detail": "", "facets": {"Quantity": ["72 Count"]}, "image_url": "https://m.media-amazon.com/images/I/41iSTkJLYuL._SL500_.jpg", "image_urls": {"image_url_1": "https://m.media-amazon.com/images/I/41iSTkJLYuL._SL500_.jpg", "image_url_2": "https://m.media-amazon.com/images/I/41SIXApzq4L._SL500_.jpg", "image_url_3": "https://m.media-amazon.com/images/I/51CtcLxaGqL._SL500_.jpg", "image_url_4": ""}, "cashback_url": "https://tracking.cashkaro.com/visitproduct/18858/PPS1-B06X3QQZWS?id=", "is_compared": true, "brand": "Mee Mee", "product_button_text": "", "product_start_datetime": null, "product_end_datetime": null, "merchant_offer_id": "18858", "merchant_name": "Amazon Baby Products", "cashback_type": "Rewards", "merchant_image_url": "https://asset20.ckassets.com/resources/image/stores/amazon-1602658695.png", "offer_type": "Cashback + Coupons", "coupons_count": 0, "secondary_cashback_count": 0, "compared_CKSID": "CKS-Wipes-000005", "compared_sellers_count": 2, "compared_product_name": "Mee Mee Baby Gentle Baby Wipes - 72 Wipes", "price": {"original_price": "99.00", "discounted_price": "90.00", "cashback_amount": "2.25", "price_aftercashback": "87.75", "currency": "INR", "discount_percentage": 9}, "key_features": {"Seller": "Amazon", "Brand": "Mee Mee"}}, "relationships": {"products_compared": [{"type": "products", "id": "PPS1-B06X3QQZWS", "attributes": {"cashback_url": "https://tracking.cashkaro.com/visitproduct/18858/PPS1-B06X3QQZWS?id=", "product_label": "", "availability": "Yes", "card_type": true, "price": {"original_price": "99.00", "discounted_price": "90.00", "cashback_amount": "2.25", "price_aftercashback": "87.75", "currency": "INR"}, "product_button_text": "", "product_start_datetime": null, "product_end_datetime": null, "merchant": {"offer_id": "18858", "name": "Amazon Baby Products", "unique_identifier": "amazon-baby-products", "cashback_type": "Rewards", "cashback_payment_type": "percent", "offer_type": "Cashback + Coupons", "image_url": "https://asset20.ckassets.com/resources/image/stores/amazon-1602658695.png", "coupons_count": 0, "secondary_cashback_count": 0, "final_terms_condition": "<li>Add Products to your cart / wishlist only after clicking out from CashKaro</li><li>Rewards on Amazon App orders: Yes</li><li>No CashKaro Rewards on transactions through Amazon Business Account</li><li>Your Missing Rewards ticket will be resolved within 10 Days</li>", "report_storename": "Amazon", "app_tracking_enabled_android": 1, "app_tracking_enabled_ios": 1, "is_custom_override_case": 1, "intermediate_page_text": ""}}}, {"type": "products", "id": "PPS4-WIPF7Q6CURQHJZNP", "attributes": {"cashback_url": "https://tracking.cashkaro.com/visitproduct/22008/PPS4-WIPF7Q6CURQHJZNP?id=", "product_label": "", "availability": "Yes", "card_type": true, "price": {"original_price": "149.00", "discounted_price": "143.00", "cashback_amount": "5.01", "price_aftercashback": "138.00", "currency": "INR"}, "product_button_text": "", "product_start_datetime": null, "product_end_datetime": null, "merchant": {"offer_id": "22008", "name": "Flipkart Books and General MarMap", "unique_identifier": "flipkart-bgm-marmap", "cashback_type": "Rewards", "cashback_payment_type": "percent", "offer_type": "Cashback only", "image_url": "https://asset20.ckassets.com/resources/image/stores/flipkart-tv-bbd-mapping-1697103111.png", "coupons_count": 0, "secondary_cashback_count": 1, "final_terms_condition": "<li>Add products to your Cart/Wishlist only after clicking out from CashKaro</li><li>Missing Reward Tickets will be resolved within 10 days</li>", "report_storename": "Flipkart", "app_tracking_enabled_android": 1, "app_tracking_enabled_ios": 1, "is_custom_override_case": 1, "intermediate_page_text": ""}}}]}}, {"type": "products", "id": "PPS1-B07QSLRRWS", "attributes": {"name": "Supples Baby Baby Wipes - 72 Wipes", "card_type": true, "product_label": "", "category_price_starting_from": "", "category_earn_text": "", "category_detail": "", "facets": {"Quantity": ["72 Count"]}, "image_url": "https://m.media-amazon.com/images/I/51b58b1y+QL._SL500_.jpg", "image_urls": {"image_url_1": "https://m.media-amazon.com/images/I/51b58b1y+QL._SL500_.jpg", "image_url_2": "https://m.media-amazon.com/images/I/41wvxGJ2i0L._SL500_.jpg", "image_url_3": "https://m.media-amazon.com/images/I/41lI3fi6BML._SL500_.jpg", "image_url_4": ""}, "cashback_url": "https://tracking.cashkaro.com/visitproduct/18858/PPS1-B07QSLRRWS?id=", "is_compared": true, "brand": "Supples", "product_button_text": "", "product_start_datetime": null, "product_end_datetime": null, "merchant_offer_id": "18858", "merchant_name": "Amazon Baby Products", "cashback_type": "Rewards", "merchant_image_url": "https://asset20.ckassets.com/resources/image/stores/amazon-1602658695.png", "offer_type": "Cashback + Coupons", "coupons_count": 0, "secondary_cashback_count": 0, "compared_CKSID": "CKS-Wipes-000007", "compared_sellers_count": 1, "compared_product_name": "Supples Baby Baby Wipes - 72 Wipes", "price": {"original_price": "387.00", "discounted_price": "322.00", "cashback_amount": "8.05", "price_aftercashback": "313.95", "currency": "INR", "discount_percentage": 17}, "key_features": {"Seller": "Amazon", "Brand": "Supples"}}, "relationships": {"products_compared": [{"type": "products", "id": "PPS1-B07QSLRRWS", "attributes": {"cashback_url": "https://tracking.cashkaro.com/visitproduct/18858/PPS1-B07QSLRRWS?id=", "product_label": "", "availability": "Yes", "card_type": true, "price": {"original_price": "387.00", "discounted_price": "322.00", "cashback_amount": "8.05", "price_aftercashback": "313.95", "currency": "INR"}, "product_button_text": "", "product_start_datetime": null, "product_end_datetime": null, "merchant": {"offer_id": "18858", "name": "Amazon Baby Products", "unique_identifier": "amazon-baby-products", "cashback_type": "Rewards", "cashback_payment_type": "percent", "offer_type": "Cashback + Coupons", "image_url": "https://asset20.ckassets.com/resources/image/stores/amazon-1602658695.png", "coupons_count": 0, "secondary_cashback_count": 0, "final_terms_condition": "<li>Add Products to your cart / wishlist only after clicking out from CashKaro</li><li>Rewards on Amazon App orders: Yes</li><li>No CashKaro Rewards on transactions through Amazon Business Account</li><li>Your Missing Rewards ticket will be resolved within 10 Days</li>", "report_storename": "Amazon", "app_tracking_enabled_android": 1, "app_tracking_enabled_ios": 1, "is_custom_override_case": 1, "intermediate_page_text": ""}}}]}}, {"type": "products", "id": "PPS4-WIPG3E87ZYHZMZMC", "attributes": {"name": "Mylo Care Gentle Baby Wipes With Lid (Pack of 3)", "card_type": true, "product_label": "", "category_price_starting_from": "", "category_earn_text": "", "category_detail": "", "facets": [], "image_url": "https://m.media-amazon.com/images/I/71KGZPCZirL._SX679_PIbundle-3,TopRight,0,0_AA679SH20_.jpg", "image_urls": {"image_url_1": "https://m.media-amazon.com/images/I/71KGZPCZirL._SX679_PIbundle-3,TopRight,0,0_AA679SH20_.jpg", "image_url_2": "https://m.media-amazon.com/images/I/714-0B8mDRL._SX679_.jpg", "image_url_3": "https://m.media-amazon.com/images/I/71S+VmsjfdL._SX679_.jpg", "image_url_4": ""}, "cashback_url": "https://tracking.cashkaro.com/visitproduct/22008/PPS4-WIPG3E87ZYHZMZMC?id=", "is_compared": true, "brand": "Mylo", "product_button_text": "", "product_start_datetime": null, "product_end_datetime": null, "merchant_offer_id": "22008", "merchant_name": "Flipkart Books and General MarMap", "cashback_type": "Rewards", "merchant_image_url": "https://asset20.ckassets.com/resources/image/stores/flipkart-tv-bbd-mapping-1697103111.png", "offer_type": "Cashback only", "coupons_count": 0, "secondary_cashback_count": 1, "compared_CKSID": "CKS-Wipes-000014", "compared_sellers_count": 5, "compared_product_name": "Mylo Care Gentle Baby Wipes With Lid (Pack of 3)", "price": {"original_price": "539.00", "discounted_price": "234.00", "cashback_amount": "8.19", "price_aftercashback": "225.81", "currency": "INR", "discount_percentage": 57}}, "relationships": {"products_compared": [{"type": "products", "id": "PPS4-WIPG3E87ZYHZMZMC", "attributes": {"cashback_url": "https://tracking.cashkaro.com/visitproduct/22008/PPS4-WIPG3E87ZYHZMZMC?id=", "product_label": "", "availability": "Yes", "card_type": true, "price": {"original_price": "539.00", "discounted_price": "234.00", "cashback_amount": "8.19", "price_aftercashback": "225.81", "currency": "INR"}, "product_button_text": "", "product_start_datetime": null, "product_end_datetime": null, "merchant": {"offer_id": "22008", "name": "Flipkart Books and General MarMap", "unique_identifier": "flipkart-bgm-marmap", "cashback_type": "Rewards", "cashback_payment_type": "percent", "offer_type": "Cashback only", "image_url": "https://asset20.ckassets.com/resources/image/stores/flipkart-tv-bbd-mapping-1697103111.png", "coupons_count": 0, "secondary_cashback_count": 1, "final_terms_condition": "<li>Add products to your Cart/Wishlist only after clicking out from CashKaro</li><li>Missing Reward Tickets will be resolved within 10 days</li>", "report_storename": "Flipkart", "app_tracking_enabled_android": 1, "app_tracking_enabled_ios": 1, "is_custom_override_case": 1, "intermediate_page_text": ""}}}, {"type": "products", "id": "PPS1-B095Z12RLX", "attributes": {"cashback_url": "https://tracking.cashkaro.com/visitproduct/18858/PPS1-B095Z12RLX?id=", "product_label": "", "availability": "Yes", "card_type": true, "price": {"original_price": "539.00", "discounted_price": "234.00", "cashback_amount": "5.85", "price_aftercashback": "228.15", "currency": "INR"}, "product_button_text": "", "product_start_datetime": null, "product_end_datetime": null, "merchant": {"offer_id": "18858", "name": "Amazon Baby Products", "unique_identifier": "amazon-baby-products", "cashback_type": "Rewards", "cashback_payment_type": "percent", "offer_type": "Cashback + Coupons", "image_url": "https://asset20.ckassets.com/resources/image/stores/amazon-1602658695.png", "coupons_count": 0, "secondary_cashback_count": 0, "final_terms_condition": "<li>Add Products to your cart / wishlist only after clicking out from CashKaro</li><li>Rewards on Amazon App orders: Yes</li><li>No CashKaro Rewards on transactions through Amazon Business Account</li><li>Your Missing Rewards ticket will be resolved within 10 Days</li>", "report_storename": "Amazon", "app_tracking_enabled_android": 1, "app_tracking_enabled_ios": 1, "is_custom_override_case": 1, "intermediate_page_text": ""}}}, {"type": "products", "id": "PPS3-10488771", "attributes": {"cashback_url": "https://tracking.cashkaro.com/visitproduct/20635/PPS3-10488771?id=", "product_label": "", "availability": "Yes", "card_type": true, "price": {"original_price": "539.00", "discounted_price": "539.00", "cashback_amount": "35.00", "price_aftercashback": "504.00", "currency": "INR"}, "product_button_text": "", "product_start_datetime": null, "product_end_datetime": null, "merchant": {"offer_id": "20635", "name": "Firstcry Mapping", "unique_identifier": "firstcry-mapping", "cashback_type": "Cashback", "cashback_payment_type": "pound", "offer_type": "Cashback only", "image_url": "https://asset20.ckassets.com/resources/image/stores/firstcry.png", "coupons_count": 0, "secondary_cashback_count": 2, "final_terms_condition": "<li>No CashKaro Cashback on orders below \u20b9100</li><li>No CashKaro Cashback for Bulk Transactions</li><li>CashKaro Cashback is not applicable if you pay using Firstcry Credits</li><li>No CashKaro Cashback on Firstcry App Transactions</li><li>Referral Earnings are not applicable on this Offer</li>", "report_storename": "Firstcry", "app_tracking_enabled_android": 0, "app_tracking_enabled_ios": 0, "is_custom_override_case": 0, "intermediate_page_text": ""}}}, {"type": "products", "id": "PPS6-gentle-791", "attributes": {"cashback_url": "https://tracking.cashkaro.com/visitproduct/17017/PPS6-gentle-791?id=", "product_label": "", "availability": "No", "card_type": true, "price": {"original_price": "537.00", "discounted_price": "299.00", "cashback_amount": "0.00", "price_aftercashback": "299.00", "currency": "INR"}, "product_button_text": "", "product_start_datetime": null, "product_end_datetime": null, "merchant": {"offer_id": "17017", "name": null, "unique_identifier": null, "cashback_type": null, "cashback_payment_type": null, "offer_type": "Cashback + Coupons", "image_url": "https://asset20.ckassets.com/resources/image/stores/no-image.jpg", "coupons_count": 0, "secondary_cashback_count": 0, "final_terms_condition": null, "report_storename": null, "app_tracking_enabled_android": null, "app_tracking_enabled_ios": null, "is_custom_override_case": null, "intermediate_page_text": null}}}, {"type": "products", "id": "PPS14-6072318", "attributes": {"cashback_url": "https://tracking.cashkaro.com/visitproduct/17218/PPS14-6072318?id=", "product_label": "", "availability": "No", "card_type": true, "price": {"original_price": "539.00", "discounted_price": "458.00", "cashback_amount": "32.06", "price_aftercashback": "425.94", "currency": "INR"}, "product_button_text": "", "product_start_datetime": null, "product_end_datetime": null, "merchant": {"offer_id": "17218", "name": "Nykaa", "unique_identifier": "nykaa", "cashback_type": "Cashback", "cashback_payment_type": "percent", "offer_type": "Cashback + Coupons", "image_url": "https://asset20.ckassets.com/resources/image/stores/nykaa-test-1658416806.png", "coupons_count": 0, "secondary_cashback_count": 1, "final_terms_condition": "<li>Cashback on Nykaa App orders will track at Existing User rate & will be corrected at the time of validation</li><li>Cashback might track at higher rate & will get normalised on validation</li><li>No Cashback applicable on purchases of Gold/Silver Coins, Bars, Jewellery, and Idols</li><li>Cashback is applicable Thrice per unique user per month basis email, phone number and address</li><li>No CashKaro Cashback for Bulk Transactions</li><li>Cashback on Nykaa App Orders: Applicable</li><li>No Cashback on orders placed with Nykaa Credits or Gift Vouchers</li>", "report_storename": "Nykaa", "app_tracking_enabled_android": 0, "app_tracking_enabled_ios": 0, "is_custom_override_case": 0, "intermediate_page_text": ""}}}]}}, {"type": "products", "id": "PPS1-B004X7545M", "attributes": {"name": "Littles Soft Cleansing Baby Wipes - 80 Wipes - (Pack of 3)", "card_type": true, "product_label": "", "category_price_starting_from": "", "category_earn_text": "", "category_detail": "", "facets": [], "image_url": "https://m.media-amazon.com/images/I/51SddyvhhpL._SL500_.jpg", "image_urls": {"image_url_1": "https://m.media-amazon.com/images/I/51SddyvhhpL._SL500_.jpg", "image_url_2": "https://m.media-amazon.com/images/I/51S8byxUjtL._SL500_.jpg", "image_url_3": "https://m.media-amazon.com/images/I/51kvHXZ+w2L._SL500_.jpg", "image_url_4": ""}, "cashback_url": "https://tracking.cashkaro.com/visitproduct/18858/PPS1-B004X7545M?id=", "is_compared": true, "brand": "Littles", "product_button_text": "", "product_start_datetime": null, "product_end_datetime": null, "merchant_offer_id": "18858", "merchant_name": "Amazon Baby Products", "cashback_type": "Rewards", "merchant_image_url": "https://asset20.ckassets.com/resources/image/stores/amazon-1602658695.png", "offer_type": "Cashback + Coupons", "coupons_count": 0, "secondary_cashback_count": 0, "compared_CKSID": "CKS-Wipes-000010", "compared_sellers_count": 2, "compared_product_name": "Littles Soft Cleansing Baby Wipes - 80 Wipes - (Pack of 3)", "price": {"original_price": "570.00", "discounted_price": "199.00", "cashback_amount": "4.98", "price_aftercashback": "194.03", "currency": "INR", "discount_percentage": 65}}, "relationships": {"products_compared": [{"type": "products", "id": "PPS1-B004X7545M", "attributes": {"cashback_url": "https://tracking.cashkaro.com/visitproduct/18858/PPS1-B004X7545M?id=", "product_label": "", "availability": "Yes", "card_type": true, "price": {"original_price": "570.00", "discounted_price": "199.00", "cashback_amount": "4.98", "price_aftercashback": "194.03", "currency": "INR"}, "product_button_text": "", "product_start_datetime": null, "product_end_datetime": null, "merchant": {"offer_id": "18858", "name": "Amazon Baby Products", "unique_identifier": "amazon-baby-products", "cashback_type": "Rewards", "cashback_payment_type": "percent", "offer_type": "Cashback + Coupons", "image_url": "https://asset20.ckassets.com/resources/image/stores/amazon-1602658695.png", "coupons_count": 0, "secondary_cashback_count": 0, "final_terms_condition": "<li>Add Products to your cart / wishlist only after clicking out from CashKaro</li><li>Rewards on Amazon App orders: Yes</li><li>No CashKaro Rewards on transactions through Amazon Business Account</li><li>Your Missing Rewards ticket will be resolved within 10 Days</li>", "report_storename": "Amazon", "app_tracking_enabled_android": 1, "app_tracking_enabled_ios": 1, "is_custom_override_case": 1, "intermediate_page_text": ""}}}, {"type": "products", "id": "PPS4-WIPG4ZY6F3HHPYN7", "attributes": {"cashback_url": "https://tracking.cashkaro.com/visitproduct/22008/PPS4-WIPG4ZY6F3HHPYN7?id=", "product_label": "", "availability": "Yes", "card_type": true, "price": {"original_price": "660.00", "discounted_price": "655.00", "cashback_amount": "22.93", "price_aftercashback": "632.08", "currency": "INR"}, "product_button_text": "", "product_start_datetime": null, "product_end_datetime": null, "merchant": {"offer_id": "22008", "name": "Flipkart Books and General MarMap", "unique_identifier": "flipkart-bgm-marmap", "cashback_type": "Rewards", "cashback_payment_type": "percent", "offer_type": "Cashback only", "image_url": "https://asset20.ckassets.com/resources/image/stores/flipkart-tv-bbd-mapping-1697103111.png", "coupons_count": 0, "secondary_cashback_count": 1, "final_terms_condition": "<li>Add products to your Cart/Wishlist only after clicking out from CashKaro</li><li>Missing Reward Tickets will be resolved within 10 days</li>", "report_storename": "Flipkart", "app_tracking_enabled_android": 1, "app_tracking_enabled_ios": 1, "is_custom_override_case": 1, "intermediate_page_text": ""}}}]}}, {"type": "products", "id": "PPS1-B088TZJVGH", "attributes": {"name": "Littles Soft Cleansing Baby Wipes Lid - 80 Wipes - (Pack of 6)", "card_type": true, "product_label": "", "category_price_starting_from": "", "category_earn_text": "", "category_detail": "", "facets": {"Quantity": ["80 Count"]}, "image_url": "https://m.media-amazon.com/images/I/5167fElY5vL._SL500_.jpg", "image_urls": {"image_url_1": "https://m.media-amazon.com/images/I/5167fElY5vL._SL500_.jpg", "image_url_2": "https://m.media-amazon.com/images/I/51S8byxUjtL._SL500_.jpg", "image_url_3": "https://m.media-amazon.com/images/I/51kvHXZ+w2L._SL500_.jpg", "image_url_4": ""}, "cashback_url": "https://tracking.cashkaro.com/visitproduct/18858/PPS1-B088TZJVGH?id=", "is_compared": true, "brand": "Littles", "product_button_text": "", "product_start_datetime": null, "product_end_datetime": null, "merchant_offer_id": "18858", "merchant_name": "Amazon Baby Products", "cashback_type": "Rewards", "merchant_image_url": "https://asset20.ckassets.com/resources/image/stores/amazon-1602658695.png", "offer_type": "Cashback + Coupons", "coupons_count": 0, "secondary_cashback_count": 0, "compared_CKSID": "CKS-Wipes-000011", "compared_sellers_count": 2, "compared_product_name": "Littles Soft Cleansing Baby Wipes - 80 Wipes - (Pack of 6)", "price": {"original_price": "1320.00", "discounted_price": "429.00", "cashback_amount": "10.73", "price_aftercashback": "418.28", "currency": "INR", "discount_percentage": 68}, "key_features": {"Seller": "Flipkart", "Brand": "Littles"}}, "relationships": {"products_compared": [{"type": "products", "id": "PPS4-WIPG4ZY6SRDYGGRP", "attributes": {"cashback_url": "https://tracking.cashkaro.com/visitproduct/22008/PPS4-WIPG4ZY6SRDYGGRP?id=", "product_label": "", "availability": "Yes", "card_type": true, "price": {"original_price": "1500.00", "discounted_price": "1320.00", "cashback_amount": "46.20", "price_aftercashback": "1273.80", "currency": "INR"}, "product_button_text": "", "product_start_datetime": null, "product_end_datetime": null, "merchant": {"offer_id": "22008", "name": "Flipkart Books and General MarMap", "unique_identifier": "flipkart-bgm-marmap", "cashback_type": "Rewards", "cashback_payment_type": "percent", "offer_type": "Cashback only", "image_url": "https://asset20.ckassets.com/resources/image/stores/flipkart-tv-bbd-mapping-1697103111.png", "coupons_count": 0, "secondary_cashback_count": 1, "final_terms_condition": "<li>Add products to your Cart/Wishlist only after clicking out from CashKaro</li><li>Missing Reward Tickets will be resolved within 10 days</li>", "report_storename": "Flipkart", "app_tracking_enabled_android": 1, "app_tracking_enabled_ios": 1, "is_custom_override_case": 1, "intermediate_page_text": ""}}}]}}, {"type": "products", "id": "PPS1-B07B2LGT97", "attributes": {"name": "Littles Soft Cleansing Baby Wipes - 80 Wipes - (Pack of 2)", "card_type": true, "product_label": "", "category_price_starting_from": "", "category_earn_text": "", "category_detail": "", "facets": [], "image_url": "https://m.media-amazon.com/images/I/41j29CaoicL._SL500_.jpg", "image_urls": {"image_url_1": "https://m.media-amazon.com/images/I/41j29CaoicL._SL500_.jpg", "image_url_2": "https://m.media-amazon.com/images/I/51S8byxUjtL._SL500_.jpg", "image_url_3": "https://m.media-amazon.com/images/I/51kvHXZ+w2L._SL500_.jpg", "image_url_4": ""}, "cashback_url": "https://tracking.cashkaro.com/visitproduct/18858/PPS1-B07B2LGT97?id=", "is_compared": true, "brand": "Littles", "product_button_text": "", "product_start_datetime": null, "product_end_datetime": null, "merchant_offer_id": "18858", "merchant_name": "Amazon Baby Products", "cashback_type": "Rewards", "merchant_image_url": "https://asset20.ckassets.com/resources/image/stores/amazon-1602658695.png", "offer_type": "Cashback + Coupons", "coupons_count": 0, "secondary_cashback_count": 0, "compared_CKSID": "CKS-Wipes-000004", "compared_sellers_count": 2, "compared_product_name": "Littles Soft Cleansing Baby Wipes - 80 Wipes", "price": {"original_price": "380.00", "discounted_price": "250.00", "cashback_amount": "6.25", "price_aftercashback": "243.75", "currency": "INR", "discount_percentage": 34}}, "relationships": {"products_compared": [{"type": "products", "id": "PPS1-B07B2LGT97", "attributes": {"cashback_url": "https://tracking.cashkaro.com/visitproduct/18858/PPS1-B07B2LGT97?id=", "product_label": "", "availability": "Yes", "card_type": true, "price": {"original_price": "380.00", "discounted_price": "250.00", "cashback_amount": "6.25", "price_aftercashback": "243.75", "currency": "INR"}, "product_button_text": "", "product_start_datetime": null, "product_end_datetime": null, "merchant": {"offer_id": "18858", "name": "Amazon Baby Products", "unique_identifier": "amazon-baby-products", "cashback_type": "Rewards", "cashback_payment_type": "percent", "offer_type": "Cashback + Coupons", "image_url": "https://asset20.ckassets.com/resources/image/stores/amazon-1602658695.png", "coupons_count": 0, "secondary_cashback_count": 0, "final_terms_condition": "<li>Add Products to your cart / wishlist only after clicking out from CashKaro</li><li>Rewards on Amazon App orders: Yes</li><li>No CashKaro Rewards on transactions through Amazon Business Account</li><li>Your Missing Rewards ticket will be resolved within 10 Days</li>", "report_storename": "Amazon", "app_tracking_enabled_android": 1, "app_tracking_enabled_ios": 1, "is_custom_override_case": 1, "intermediate_page_text": ""}}}, {"type": "products", "id": "PPS4-WIPF3F663EHYAJQ", "attributes": {"cashback_url": "https://tracking.cashkaro.com/visitproduct/22008/PPS4-WIPF3F663EHYAJQ?id=", "product_label": "", "availability": "No", "card_type": true, "price": {"original_price": "380.00", "discounted_price": "145.00", "cashback_amount": "5.08", "price_aftercashback": "139.93", "currency": "INR"}, "product_button_text": "", "product_start_datetime": null, "product_end_datetime": null, "merchant": {"offer_id": "22008", "name": "Flipkart Books and General MarMap", "unique_identifier": "flipkart-bgm-marmap", "cashback_type": "Rewards", "cashback_payment_type": "percent", "offer_type": "Cashback only", "image_url": "https://asset20.ckassets.com/resources/image/stores/flipkart-tv-bbd-mapping-1697103111.png", "coupons_count": 0, "secondary_cashback_count": 1, "final_terms_condition": "<li>Add products to your Cart/Wishlist only after clicking out from CashKaro</li><li>Missing Reward Tickets will be resolved within 10 days</li>", "report_storename": "Flipkart", "app_tracking_enabled_android": 1, "app_tracking_enabled_ios": 1, "is_custom_override_case": 1, "intermediate_page_text": ""}}}]}}, {"type": "products", "id": "PPS4-WIPGABZM2KNJG3AD", "attributes": {"name": "Mylo Care Gentle Baby Wipes Without Lid (Pack of 4)", "card_type": true, "product_label": "", "category_price_starting_from": "", "category_earn_text": "", "category_detail": "", "facets": [], "image_url": "https://m.media-amazon.com/images/I/41eAE8ax+iL._SY300_SX300_.jpg", "image_urls": {"image_url_1": "https://m.media-amazon.com/images/I/41eAE8ax+iL._SY300_SX300_.jpg", "image_url_2": "https://m.media-amazon.com/images/I/71wB7SZ+lRL._SX679_.jpg", "image_url_3": "https://m.media-amazon.com/images/I/71NbqRb5DBL._SX679_.jpg", "image_url_4": ""}, "cashback_url": "https://tracking.cashkaro.com/visitproduct/22008/PPS4-WIPGABZM2KNJG3AD?id=", "is_compared": true, "brand": "Mylo", "product_button_text": "", "product_start_datetime": null, "product_end_datetime": null, "merchant_offer_id": "22008", "merchant_name": "Flipkart Books and General MarMap", "cashback_type": "Rewards", "merchant_image_url": "https://asset20.ckassets.com/resources/image/stores/flipkart-tv-bbd-mapping-1697103111.png", "offer_type": "Cashback only", "coupons_count": 0, "secondary_cashback_count": 1, "compared_CKSID": "CKS-Wipes-000022", "compared_sellers_count": 4, "compared_product_name": "Mylo Care Gentle Baby Wipes Without Lid (Pack of 4)", "price": {"original_price": "596.00", "discounted_price": "299.00", "cashback_amount": "10.47", "price_aftercashback": "288.54", "currency": "INR", "discount_percentage": 50}}, "relationships": {"products_compared": [{"type": "products", "id": "PPS4-WIPGABZM2KNJG3AD", "attributes": {"cashback_url": "https://tracking.cashkaro.com/visitproduct/22008/PPS4-WIPGABZM2KNJG3AD?id=", "product_label": "", "availability": "Yes", "card_type": true, "price": {"original_price": "596.00", "discounted_price": "299.00", "cashback_amount": "10.47", "price_aftercashback": "288.54", "currency": "INR"}, "product_button_text": "", "product_start_datetime": null, "product_end_datetime": null, "merchant": {"offer_id": "22008", "name": "Flipkart Books and General MarMap", "unique_identifier": "flipkart-bgm-marmap", "cashback_type": "Rewards", "cashback_payment_type": "percent", "offer_type": "Cashback only", "image_url": "https://asset20.ckassets.com/resources/image/stores/flipkart-tv-bbd-mapping-1697103111.png", "coupons_count": 0, "secondary_cashback_count": 1, "final_terms_condition": "<li>Add products to your Cart/Wishlist only after clicking out from CashKaro</li><li>Missing Reward Tickets will be resolved within 10 days</li>", "report_storename": "Flipkart", "app_tracking_enabled_android": 1, "app_tracking_enabled_ios": 1, "is_custom_override_case": 1, "intermediate_page_text": ""}}}, {"type": "products", "id": "PPS1-B09PQHRD5T", "attributes": {"cashback_url": "https://tracking.cashkaro.com/visitproduct/18858/PPS1-B09PQHRD5T?id=", "product_label": "", "availability": "Yes", "card_type": true, "price": {"original_price": "596.00", "discounted_price": "299.00", "cashback_amount": "7.48", "price_aftercashback": "291.53", "currency": "INR"}, "product_button_text": "", "product_start_datetime": null, "product_end_datetime": null, "merchant": {"offer_id": "18858", "name": "Amazon Baby Products", "unique_identifier": "amazon-baby-products", "cashback_type": "Rewards", "cashback_payment_type": "percent", "offer_type": "Cashback + Coupons", "image_url": "https://asset20.ckassets.com/resources/image/stores/amazon-1602658695.png", "coupons_count": 0, "secondary_cashback_count": 0, "final_terms_condition": "<li>Add Products to your cart / wishlist only after clicking out from CashKaro</li><li>Rewards on Amazon App orders: Yes</li><li>No CashKaro Rewards on transactions through Amazon Business Account</li><li>Your Missing Rewards ticket will be resolved within 10 Days</li>", "report_storename": "Amazon", "app_tracking_enabled_android": 1, "app_tracking_enabled_ios": 1, "is_custom_override_case": 1, "intermediate_page_text": ""}}}, {"type": "products", "id": "PPS3-14204502", "attributes": {"cashback_url": "https://tracking.cashkaro.com/visitproduct/20635/PPS3-14204502?id=", "product_label": "", "availability": "No", "card_type": true, "price": {"original_price": "596.00", "discounted_price": "339.00", "cashback_amount": "0.00", "price_aftercashback": "339.00", "currency": "INR"}, "product_button_text": "", "product_start_datetime": null, "product_end_datetime": null, "merchant": {"offer_id": "20635", "name": "Firstcry Mapping", "unique_identifier": "firstcry-mapping", "cashback_type": "Cashback", "cashback_payment_type": "pound", "offer_type": "Cashback only", "image_url": "https://asset20.ckassets.com/resources/image/stores/firstcry.png", "coupons_count": 0, "secondary_cashback_count": 2, "final_terms_condition": "<li>No CashKaro Cashback on orders below \u20b9100</li><li>No CashKaro Cashback for Bulk Transactions</li><li>CashKaro Cashback is not applicable if you pay using Firstcry Credits</li><li>No CashKaro Cashback on Firstcry App Transactions</li><li>Referral Earnings are not applicable on this Offer</li>", "report_storename": "Firstcry", "app_tracking_enabled_android": 0, "app_tracking_enabled_ios": 0, "is_custom_override_case": 0, "intermediate_page_text": ""}}}, {"type": "products", "id": "PPS6-gentle-3147", "attributes": {"cashback_url": "https://tracking.cashkaro.com/visitproduct/17017/PPS6-gentle-3147?id=", "product_label": "", "availability": "No", "card_type": true, "price": {"original_price": "596.00", "discounted_price": "355.00", "cashback_amount": "0.00", "price_aftercashback": "355.00", "currency": "INR"}, "product_button_text": "", "product_start_datetime": null, "product_end_datetime": null, "merchant": {"offer_id": "17017", "name": null, "unique_identifier": null, "cashback_type": null, "cashback_payment_type": null, "offer_type": "Cashback + Coupons", "image_url": "https://asset20.ckassets.com/resources/image/stores/no-image.jpg", "coupons_count": 0, "secondary_cashback_count": 0, "final_terms_condition": null, "report_storename": null, "app_tracking_enabled_android": null, "app_tracking_enabled_ios": null, "is_custom_override_case": null, "intermediate_page_text": null}}}]}}, {"type": "products", "id": "PPS4-itmezhg7vkb5zgvy", "attributes": {"name": "Himalaya Gentle Baby Wipes - 72 Wipes", "card_type": true, "product_label": "", "category_price_starting_from": "", "category_earn_text": "", "category_detail": "", "facets": [], "image_url": "https://m.media-amazon.com/images/I/41mGXT9yjqL._SL500_.jpg", "image_urls": {"image_url_1": "https://m.media-amazon.com/images/I/41mGXT9yjqL._SL500_.jpg", "image_url_2": "https://m.media-amazon.com/images/I/51D0A3304dL._SL500_.jpg", "image_url_3": "https://m.media-amazon.com/images/I/51MNPk2vKUL._SL500_.jpg", "image_url_4": ""}, "cashback_url": "https://tracking.cashkaro.com/visitproduct/22008/PPS4-itmezhg7vkb5zgvy?id=", "is_compared": true, "brand": "Himalaya", "product_button_text": "", "product_start_datetime": null, "product_end_datetime": null, "merchant_offer_id": "22008", "merchant_name": "Flipkart Books and General MarMap", "cashback_type": "Rewards", "merchant_image_url": "https://asset20.ckassets.com/resources/image/stores/flipkart-tv-bbd-mapping-1697103111.png", "offer_type": "Cashback only", "coupons_count": 0, "secondary_cashback_count": 1, "compared_CKSID": "CKS-Wipes-000001", "compared_sellers_count": 2, "compared_product_name": "Himalaya Gentle Baby Wipes - 72 Wipes", "price": {"original_price": "200.00", "discounted_price": "146.00", "cashback_amount": "5.11", "price_aftercashback": "140.89", "currency": "INR", "discount_percentage": 27}}, "relationships": {"products_compared": [{"type": "products", "id": "PPS4-itmezhg7vkb5zgvy", "attributes": {"cashback_url": "https://tracking.cashkaro.com/visitproduct/22008/PPS4-itmezhg7vkb5zgvy?id=", "product_label": "", "availability": "Yes", "card_type": true, "price": {"original_price": "200.00", "discounted_price": "146.00", "cashback_amount": "5.11", "price_aftercashback": "140.89", "currency": "INR"}, "product_button_text": "", "product_start_datetime": null, "product_end_datetime": null, "merchant": {"offer_id": "22008", "name": "Flipkart Books and General MarMap", "unique_identifier": "flipkart-bgm-marmap", "cashback_type": "Rewards", "cashback_payment_type": "percent", "offer_type": "Cashback only", "image_url": "https://asset20.ckassets.com/resources/image/stores/flipkart-tv-bbd-mapping-1697103111.png", "coupons_count": 0, "secondary_cashback_count": 1, "final_terms_condition": "<li>Add products to your Cart/Wishlist only after clicking out from CashKaro</li><li>Missing Reward Tickets will be resolved within 10 days</li>", "report_storename": "Flipkart", "app_tracking_enabled_android": 1, "app_tracking_enabled_ios": 1, "is_custom_override_case": 1, "intermediate_page_text": ""}}}, {"type": "products", "id": "PPS1-B013NH0DRQ", "attributes": {"cashback_url": "https://tracking.cashkaro.com/visitproduct/18858/PPS1-B013NH0DRQ?id=", "product_label": "", "availability": "Yes", "card_type": true, "price": {"original_price": "200.00", "discounted_price": "164.00", "cashback_amount": "4.10", "price_aftercashback": "159.90", "currency": "INR"}, "product_button_text": "", "product_start_datetime": null, "product_end_datetime": null, "merchant": {"offer_id": "18858", "name": "Amazon Baby Products", "unique_identifier": "amazon-baby-products", "cashback_type": "Rewards", "cashback_payment_type": "percent", "offer_type": "Cashback + Coupons", "image_url": "https://asset20.ckassets.com/resources/image/stores/amazon-1602658695.png", "coupons_count": 0, "secondary_cashback_count": 0, "final_terms_condition": "<li>Add Products to your cart / wishlist only after clicking out from CashKaro</li><li>Rewards on Amazon App orders: Yes</li><li>No CashKaro Rewards on transactions through Amazon Business Account</li><li>Your Missing Rewards ticket will be resolved within 10 Days</li>", "report_storename": "Amazon", "app_tracking_enabled_android": 1, "app_tracking_enabled_ios": 1, "is_custom_override_case": 1, "intermediate_page_text": ""}}}]}}, {"type": "products", "id": "PPS1-B09PQB6KMS", "attributes": {"name": "Mylo Care Gentle Baby Wipes With Lid (Pack of 4)", "card_type": true, "product_label": "", "category_price_starting_from": "", "category_earn_text": "", "category_detail": "", "facets": [], "image_url": "https://m.media-amazon.com/images/I/71W05LcNzQL._SX679_PIbundle-4,TopRight,0,0_AA679SH20_.jpg", "image_urls": {"image_url_1": "https://m.media-amazon.com/images/I/71W05LcNzQL._SX679_PIbundle-4,TopRight,0,0_AA679SH20_.jpg", "image_url_2": "https://m.media-amazon.com/images/I/714-0B8mDRL._SX679_.jpg", "image_url_3": "https://m.media-amazon.com/images/I/71S+VmsjfdL._SX679_.jpg", "image_url_4": ""}, "cashback_url": "https://tracking.cashkaro.com/visitproduct/18858/PPS1-B09PQB6KMS?id=", "is_compared": true, "brand": "Mylo", "product_button_text": "", "product_start_datetime": null, "product_end_datetime": null, "merchant_offer_id": "18858", "merchant_name": "Amazon Baby Products", "cashback_type": "Rewards", "merchant_image_url": "https://asset20.ckassets.com/resources/image/stores/amazon-1602658695.png", "offer_type": "Cashback + Coupons", "coupons_count": 0, "secondary_cashback_count": 0, "compared_CKSID": "CKS-Wipes-000015", "compared_sellers_count": 5, "compared_product_name": "Mylo Care Gentle Baby Wipes With Lid (Pack of 4)", "price": {"original_price": "716.00", "discounted_price": "304.00", "cashback_amount": "7.60", "price_aftercashback": "296.40", "currency": "INR", "discount_percentage": 58}}, "relationships": {"products_compared": [{"type": "products", "id": "PPS1-B09PQB6KMS", "attributes": {"cashback_url": "https://tracking.cashkaro.com/visitproduct/18858/PPS1-B09PQB6KMS?id=", "product_label": "", "availability": "Yes", "card_type": true, "price": {"original_price": "716.00", "discounted_price": "304.00", "cashback_amount": "7.60", "price_aftercashback": "296.40", "currency": "INR"}, "product_button_text": "", "product_start_datetime": null, "product_end_datetime": null, "merchant": {"offer_id": "18858", "name": "Amazon Baby Products", "unique_identifier": "amazon-baby-products", "cashback_type": "Rewards", "cashback_payment_type": "percent", "offer_type": "Cashback + Coupons", "image_url": "https://asset20.ckassets.com/resources/image/stores/amazon-1602658695.png", "coupons_count": 0, "secondary_cashback_count": 0, "final_terms_condition": "<li>Add Products to your cart / wishlist only after clicking out from CashKaro</li><li>Rewards on Amazon App orders: Yes</li><li>No CashKaro Rewards on transactions through Amazon Business Account</li><li>Your Missing Rewards ticket will be resolved within 10 Days</li>", "report_storename": "Amazon", "app_tracking_enabled_android": 1, "app_tracking_enabled_ios": 1, "is_custom_override_case": 1, "intermediate_page_text": ""}}}, {"type": "products", "id": "PPS3-14204504", "attributes": {"cashback_url": "https://tracking.cashkaro.com/visitproduct/20635/PPS3-14204504?id=", "product_label": "", "availability": "Yes", "card_type": true, "price": {"original_price": "716.00", "discounted_price": "400.00", "cashback_amount": "0.00", "price_aftercashback": "400.00", "currency": "INR"}, "product_button_text": "", "product_start_datetime": null, "product_end_datetime": null, "merchant": {"offer_id": "20635", "name": "Firstcry Mapping", "unique_identifier": "firstcry-mapping", "cashback_type": "Cashback", "cashback_payment_type": "pound", "offer_type": "Cashback only", "image_url": "https://asset20.ckassets.com/resources/image/stores/firstcry.png", "coupons_count": 0, "secondary_cashback_count": 2, "final_terms_condition": "<li>No CashKaro Cashback on orders below \u20b9100</li><li>No CashKaro Cashback for Bulk Transactions</li><li>CashKaro Cashback is not applicable if you pay using Firstcry Credits</li><li>No CashKaro Cashback on Firstcry App Transactions</li><li>Referral Earnings are not applicable on this Offer</li>", "report_storename": "Firstcry", "app_tracking_enabled_android": 0, "app_tracking_enabled_ios": 0, "is_custom_override_case": 0, "intermediate_page_text": ""}}}, {"type": "products", "id": "PPS4-WIPGABZMYHNQN9Z5", "attributes": {"cashback_url": "https://tracking.cashkaro.com/visitproduct/22008/PPS4-WIPGABZMYHNQN9Z5?id=", "product_label": "", "availability": "Yes", "card_type": true, "price": {"original_price": "716.00", "discounted_price": "509.00", "cashback_amount": "17.82", "price_aftercashback": "491.19", "currency": "INR"}, "product_button_text": "", "product_start_datetime": null, "product_end_datetime": null, "merchant": {"offer_id": "22008", "name": "Flipkart Books and General MarMap", "unique_identifier": "flipkart-bgm-marmap", "cashback_type": "Rewards", "cashback_payment_type": "percent", "offer_type": "Cashback only", "image_url": "https://asset20.ckassets.com/resources/image/stores/flipkart-tv-bbd-mapping-1697103111.png", "coupons_count": 0, "secondary_cashback_count": 1, "final_terms_condition": "<li>Add products to your Cart/Wishlist only after clicking out from CashKaro</li><li>Missing Reward Tickets will be resolved within 10 days</li>", "report_storename": "Flipkart", "app_tracking_enabled_android": 1, "app_tracking_enabled_ios": 1, "is_custom_override_case": 1, "intermediate_page_text": ""}}}, {"type": "products", "id": "PPS14-6072321", "attributes": {"cashback_url": "https://tracking.cashkaro.com/visitproduct/17218/PPS14-6072321?id=", "product_label": "", "availability": "No", "card_type": true, "price": {"original_price": "596.00", "discounted_price": "447.00", "cashback_amount": "31.29", "price_aftercashback": "415.71", "currency": "INR"}, "product_button_text": "", "product_start_datetime": null, "product_end_datetime": null, "merchant": {"offer_id": "17218", "name": "Nykaa", "unique_identifier": "nykaa", "cashback_type": "Cashback", "cashback_payment_type": "percent", "offer_type": "Cashback + Coupons", "image_url": "https://asset20.ckassets.com/resources/image/stores/nykaa-test-1658416806.png", "coupons_count": 0, "secondary_cashback_count": 1, "final_terms_condition": "<li>Cashback on Nykaa App orders will track at Existing User rate & will be corrected at the time of validation</li><li>Cashback might track at higher rate & will get normalised on validation</li><li>No Cashback applicable on purchases of Gold/Silver Coins, Bars, Jewellery, and Idols</li><li>Cashback is applicable Thrice per unique user per month basis email, phone number and address</li><li>No CashKaro Cashback for Bulk Transactions</li><li>Cashback on Nykaa App Orders: Applicable</li><li>No Cashback on orders placed with Nykaa Credits or Gift Vouchers</li>", "report_storename": "Nykaa", "app_tracking_enabled_android": 0, "app_tracking_enabled_ios": 0, "is_custom_override_case": 0, "intermediate_page_text": ""}}}, {"type": "products", "id": "PPS6-gentle-3148", "attributes": {"cashback_url": "https://tracking.cashkaro.com/visitproduct/17017/PPS6-gentle-3148?id=", "product_label": "", "availability": "No", "card_type": true, "price": {"original_price": "716.00", "discounted_price": "469.00", "cashback_amount": "0.00", "price_aftercashback": "469.00", "currency": "INR"}, "product_button_text": "", "product_start_datetime": null, "product_end_datetime": null, "merchant": {"offer_id": "17017", "name": null, "unique_identifier": null, "cashback_type": null, "cashback_payment_type": null, "offer_type": "Cashback + Coupons", "image_url": "https://asset20.ckassets.com/resources/image/stores/no-image.jpg", "coupons_count": 0, "secondary_cashback_count": 0, "final_terms_condition": null, "report_storename": null, "app_tracking_enabled_android": null, "app_tracking_enabled_ios": null, "is_custom_override_case": null, "intermediate_page_text": null}}}]}}, {"type": "products", "id": "PPS4-WIPG5YG8KDFHQKHZ", "attributes": {"name": "Mylo Care Gentle Baby Wipes With Lid (Pack of 6)", "card_type": true, "product_label": "", "category_price_starting_from": "", "category_earn_text": "", "category_detail": "", "facets": [], "image_url": "https://m.media-amazon.com/images/I/71mhwxvqXVL._SX679_PIbundle-6,TopRight,0,0_AA679SH20_.jpg", "image_urls": {"image_url_1": "https://m.media-amazon.com/images/I/71mhwxvqXVL._SX679_PIbundle-6,TopRight,0,0_AA679SH20_.jpg", "image_url_2": "https://m.media-amazon.com/images/I/714-0B8mDRL._SX679_.jpg", "image_url_3": "https://m.media-amazon.com/images/I/71S+VmsjfdL._SX679_.jpg", "image_url_4": ""}, "cashback_url": "https://tracking.cashkaro.com/visitproduct/22008/PPS4-WIPG5YG8KDFHQKHZ?id=", "is_compared": true, "brand": "Mylo", "product_button_text": "", "product_start_datetime": null, "product_end_datetime": null, "merchant_offer_id": "22008", "merchant_name": "Flipkart Books and General MarMap", "cashback_type": "Rewards", "merchant_image_url": "https://asset20.ckassets.com/resources/image/stores/flipkart-tv-bbd-mapping-1697103111.png", "offer_type": "Cashback only", "coupons_count": 0, "secondary_cashback_count": 1, "compared_CKSID": "CKS-Wipes-000016", "compared_sellers_count": 4, "compared_product_name": "Mylo Care Gentle Baby Wipes With Lid (Pack of 6)", "price": {"original_price": "1075.00", "discounted_price": "439.00", "cashback_amount": "15.37", "price_aftercashback": "423.64", "currency": "INR", "discount_percentage": 59}}, "relationships": {"products_compared": [{"type": "products", "id": "PPS4-WIPG5YG8KDFHQKHZ", "attributes": {"cashback_url": "https://tracking.cashkaro.com/visitproduct/22008/PPS4-WIPG5YG8KDFHQKHZ?id=", "product_label": "", "availability": "Yes", "card_type": true, "price": {"original_price": "1075.00", "discounted_price": "439.00", "cashback_amount": "15.37", "price_aftercashback": "423.64", "currency": "INR"}, "product_button_text": "", "product_start_datetime": null, "product_end_datetime": null, "merchant": {"offer_id": "22008", "name": "Flipkart Books and General MarMap", "unique_identifier": "flipkart-bgm-marmap", "cashback_type": "Rewards", "cashback_payment_type": "percent", "offer_type": "Cashback only", "image_url": "https://asset20.ckassets.com/resources/image/stores/flipkart-tv-bbd-mapping-1697103111.png", "coupons_count": 0, "secondary_cashback_count": 1, "final_terms_condition": "<li>Add products to your Cart/Wishlist only after clicking out from CashKaro</li><li>Missing Reward Tickets will be resolved within 10 days</li>", "report_storename": "Flipkart", "app_tracking_enabled_android": 1, "app_tracking_enabled_ios": 1, "is_custom_override_case": 1, "intermediate_page_text": ""}}}, {"type": "products", "id": "PPS1-B0992JG7ST", "attributes": {"cashback_url": "https://tracking.cashkaro.com/visitproduct/18858/PPS1-B0992JG7ST?id=", "product_label": "", "availability": "Yes", "card_type": true, "price": {"original_price": "1075.00", "discounted_price": "439.00", "cashback_amount": "10.98", "price_aftercashback": "428.03", "currency": "INR"}, "product_button_text": "", "product_start_datetime": null, "product_end_datetime": null, "merchant": {"offer_id": "18858", "name": "Amazon Baby Products", "unique_identifier": "amazon-baby-products", "cashback_type": "Rewards", "cashback_payment_type": "percent", "offer_type": "Cashback + Coupons", "image_url": "https://asset20.ckassets.com/resources/image/stores/amazon-1602658695.png", "coupons_count": 0, "secondary_cashback_count": 0, "final_terms_condition": "<li>Add Products to your cart / wishlist only after clicking out from CashKaro</li><li>Rewards on Amazon App orders: Yes</li><li>No CashKaro Rewards on transactions through Amazon Business Account</li><li>Your Missing Rewards ticket will be resolved within 10 Days</li>", "report_storename": "Amazon", "app_tracking_enabled_android": 1, "app_tracking_enabled_ios": 1, "is_custom_override_case": 1, "intermediate_page_text": ""}}}, {"type": "products", "id": "PPS3-10488772", "attributes": {"cashback_url": "https://tracking.cashkaro.com/visitproduct/20635/PPS3-10488772?id=", "product_label": "", "availability": "Yes", "card_type": true, "price": {"original_price": "1075.00", "discounted_price": "548.00", "cashback_amount": "35.00", "price_aftercashback": "513.00", "currency": "INR"}, "product_button_text": "", "product_start_datetime": null, "product_end_datetime": null, "merchant": {"offer_id": "20635", "name": "Firstcry Mapping", "unique_identifier": "firstcry-mapping", "cashback_type": "Cashback", "cashback_payment_type": "pound", "offer_type": "Cashback only", "image_url": "https://asset20.ckassets.com/resources/image/stores/firstcry.png", "coupons_count": 0, "secondary_cashback_count": 2, "final_terms_condition": "<li>No CashKaro Cashback on orders below \u20b9100</li><li>No CashKaro Cashback for Bulk Transactions</li><li>CashKaro Cashback is not applicable if you pay using Firstcry Credits</li><li>No CashKaro Cashback on Firstcry App Transactions</li><li>Referral Earnings are not applicable on this Offer</li>", "report_storename": "Firstcry", "app_tracking_enabled_android": 0, "app_tracking_enabled_ios": 0, "is_custom_override_case": 0, "intermediate_page_text": ""}}}, {"type": "products", "id": "PPS6-gentle-792", "attributes": {"cashback_url": "https://tracking.cashkaro.com/visitproduct/17017/PPS6-gentle-792?id=", "product_label": "", "availability": "No", "card_type": true, "price": {"original_price": "1074.00", "discounted_price": "549.00", "cashback_amount": "0.00", "price_aftercashback": "549.00", "currency": "INR"}, "product_button_text": "", "product_start_datetime": null, "product_end_datetime": null, "merchant": {"offer_id": "17017", "name": null, "unique_identifier": null, "cashback_type": null, "cashback_payment_type": null, "offer_type": "Cashback + Coupons", "image_url": "https://asset20.ckassets.com/resources/image/stores/no-image.jpg", "coupons_count": 0, "secondary_cashback_count": 0, "final_terms_condition": null, "report_storename": null, "app_tracking_enabled_android": null, "app_tracking_enabled_ios": null, "is_custom_override_case": null, "intermediate_page_text": null}}}]}}, {"type": "products", "id": "PPS1-B09ZNXKN5T", "attributes": {"name": "Mylo Care Gentle Baby Wipes Without Lid (Pack of 2)", "card_type": true, "product_label": "", "category_price_starting_from": "", "category_earn_text": "", "category_detail": "", "facets": [], "image_url": "https://m.media-amazon.com/images/I/71fwoH7HyvL._SX679_PIbundle-2,TopRight,0,0_AA679SH20_.jpg", "image_urls": {"image_url_1": "https://m.media-amazon.com/images/I/71fwoH7HyvL._SX679_PIbundle-2,TopRight,0,0_AA679SH20_.jpg", "image_url_2": "https://m.media-amazon.com/images/I/71wB7SZ+lRL._SX679_.jpg", "image_url_3": "https://m.media-amazon.com/images/I/71NbqRb5DBL._SX679_.jpg", "image_url_4": ""}, "cashback_url": "https://tracking.cashkaro.com/visitproduct/18858/PPS1-B09ZNXKN5T?id=", "is_compared": true, "brand": "Mylo", "product_button_text": "", "product_start_datetime": null, "product_end_datetime": null, "merchant_offer_id": "18858", "merchant_name": "Amazon Baby Products", "cashback_type": "Rewards", "merchant_image_url": "https://asset20.ckassets.com/resources/image/stores/amazon-1602658695.png", "offer_type": "Cashback + Coupons", "coupons_count": 0, "secondary_cashback_count": 0, "compared_CKSID": "CKS-Wipes-000020", "compared_sellers_count": 4, "compared_product_name": "Mylo Care Gentle Baby Wipes Without Lid (Pack of 2)", "price": {"original_price": "358.00", "discounted_price": "220.00", "cashback_amount": "5.50", "price_aftercashback": "214.50", "currency": "INR", "discount_percentage": 39}}, "relationships": {"products_compared": [{"type": "products", "id": "PPS1-B09ZNXKN5T", "attributes": {"cashback_url": "https://tracking.cashkaro.com/visitproduct/18858/PPS1-B09ZNXKN5T?id=", "product_label": "", "availability": "Yes", "card_type": true, "price": {"original_price": "358.00", "discounted_price": "220.00", "cashback_amount": "5.50", "price_aftercashback": "214.50", "currency": "INR"}, "product_button_text": "", "product_start_datetime": null, "product_end_datetime": null, "merchant": {"offer_id": "18858", "name": "Amazon Baby Products", "unique_identifier": "amazon-baby-products", "cashback_type": "Rewards", "cashback_payment_type": "percent", "offer_type": "Cashback + Coupons", "image_url": "https://asset20.ckassets.com/resources/image/stores/amazon-1602658695.png", "coupons_count": 0, "secondary_cashback_count": 0, "final_terms_condition": "<li>Add Products to your cart / wishlist only after clicking out from CashKaro</li><li>Rewards on Amazon App orders: Yes</li><li>No CashKaro Rewards on transactions through Amazon Business Account</li><li>Your Missing Rewards ticket will be resolved within 10 Days</li>", "report_storename": "Amazon", "app_tracking_enabled_android": 1, "app_tracking_enabled_ios": 1, "is_custom_override_case": 1, "intermediate_page_text": ""}}}, {"type": "products", "id": "PPS4-WIPGE72YWANF4DRB", "attributes": {"cashback_url": "https://tracking.cashkaro.com/visitproduct/22008/PPS4-WIPGE72YWANF4DRB?id=", "product_label": "", "availability": "Yes", "card_type": true, "price": {"original_price": "358.00", "discounted_price": "269.00", "cashback_amount": "9.42", "price_aftercashback": "259.59", "currency": "INR"}, "product_button_text": "", "product_start_datetime": null, "product_end_datetime": null, "merchant": {"offer_id": "22008", "name": "Flipkart Books and General MarMap", "unique_identifier": "flipkart-bgm-marmap", "cashback_type": "Rewards", "cashback_payment_type": "percent", "offer_type": "Cashback only", "image_url": "https://asset20.ckassets.com/resources/image/stores/flipkart-tv-bbd-mapping-1697103111.png", "coupons_count": 0, "secondary_cashback_count": 1, "final_terms_condition": "<li>Add products to your Cart/Wishlist only after clicking out from CashKaro</li><li>Missing Reward Tickets will be resolved within 10 days</li>", "report_storename": "Flipkart", "app_tracking_enabled_android": 1, "app_tracking_enabled_ios": 1, "is_custom_override_case": 1, "intermediate_page_text": ""}}}, {"type": "products", "id": "PPS6-gentle-2169", "attributes": {"cashback_url": "https://tracking.cashkaro.com/visitproduct/17017/PPS6-gentle-2169?id=", "product_label": "", "availability": "No", "card_type": true, "price": {"original_price": "298.00", "discounted_price": "149.00", "cashback_amount": "0.00", "price_aftercashback": "149.00", "currency": "INR"}, "product_button_text": "", "product_start_datetime": null, "product_end_datetime": null, "merchant": {"offer_id": "17017", "name": null, "unique_identifier": null, "cashback_type": null, "cashback_payment_type": null, "offer_type": "Cashback + Coupons", "image_url": "https://asset20.ckassets.com/resources/image/stores/no-image.jpg", "coupons_count": 0, "secondary_cashback_count": 0, "final_terms_condition": null, "report_storename": null, "app_tracking_enabled_android": null, "app_tracking_enabled_ios": null, "is_custom_override_case": null, "intermediate_page_text": null}}}, {"type": "products", "id": "PPS3-14204507", "attributes": {"cashback_url": "https://tracking.cashkaro.com/visitproduct/20635/PPS3-14204507?id=", "product_label": "", "availability": "No", "card_type": true, "price": {"original_price": "298.00", "discounted_price": "187.00", "cashback_amount": "0.00", "price_aftercashback": "187.00", "currency": "INR"}, "product_button_text": "", "product_start_datetime": null, "product_end_datetime": null, "merchant": {"offer_id": "20635", "name": "Firstcry Mapping", "unique_identifier": "firstcry-mapping", "cashback_type": "Cashback", "cashback_payment_type": "pound", "offer_type": "Cashback only", "image_url": "https://asset20.ckassets.com/resources/image/stores/firstcry.png", "coupons_count": 0, "secondary_cashback_count": 2, "final_terms_condition": "<li>No CashKaro Cashback on orders below \u20b9100</li><li>No CashKaro Cashback for Bulk Transactions</li><li>CashKaro Cashback is not applicable if you pay using Firstcry Credits</li><li>No CashKaro Cashback on Firstcry App Transactions</li><li>Referral Earnings are not applicable on this Offer</li>", "report_storename": "Firstcry", "app_tracking_enabled_android": 0, "app_tracking_enabled_ios": 0, "is_custom_override_case": 0, "intermediate_page_text": ""}}}]}}, {"type": "products", "id": "PPS1-B0992H21B6", "attributes": {"name": "Mylo Care Gentle Baby Wipes Without Lid (Pack of 6)", "card_type": true, "product_label": "", "category_price_starting_from": "", "category_earn_text": "", "category_detail": "", "facets": [], "image_url": "https://m.media-amazon.com/images/I/71-10OwOO3L._SX679_PIbundle-6,TopRight,0,0_AA679SH20_.jpg", "image_urls": {"image_url_1": "https://m.media-amazon.com/images/I/71-10OwOO3L._SX679_PIbundle-6,TopRight,0,0_AA679SH20_.jpg", "image_url_2": "https://m.media-amazon.com/images/I/71wB7SZ+lRL._SX679_.jpg", "image_url_3": "https://m.media-amazon.com/images/I/71NbqRb5DBL._SX679_.jpg", "image_url_4": ""}, "cashback_url": "https://tracking.cashkaro.com/visitproduct/18858/PPS1-B0992H21B6?id=", "is_compared": true, "brand": "Mylo", "product_button_text": "", "product_start_datetime": null, "product_end_datetime": null, "merchant_offer_id": "18858", "merchant_name": "Amazon Baby Products", "cashback_type": "Rewards", "merchant_image_url": "https://asset20.ckassets.com/resources/image/stores/amazon-1602658695.png", "offer_type": "Cashback + Coupons", "coupons_count": 0, "secondary_cashback_count": 0, "compared_CKSID": "CKS-Wipes-000013", "compared_sellers_count": 4, "compared_product_name": "Mylo Care Gentle Baby Wipes Without Lid (Pack of 6)", "price": {"original_price": "899.00", "discounted_price": "434.00", "cashback_amount": "10.85", "price_aftercashback": "423.15", "currency": "INR", "discount_percentage": 52}}, "relationships": {"products_compared": [{"type": "products", "id": "PPS4-WIPG5T369BHRMMCM", "attributes": {"cashback_url": "https://tracking.cashkaro.com/visitproduct/22008/PPS4-WIPG5T369BHRMMCM?id=", "product_label": "", "availability": "Yes", "card_type": true, "price": {"original_price": "889.00", "discounted_price": "434.00", "cashback_amount": "15.19", "price_aftercashback": "418.81", "currency": "INR"}, "product_button_text": "", "product_start_datetime": null, "product_end_datetime": null, "merchant": {"offer_id": "22008", "name": "Flipkart Books and General MarMap", "unique_identifier": "flipkart-bgm-marmap", "cashback_type": "Rewards", "cashback_payment_type": "percent", "offer_type": "Cashback only", "image_url": "https://asset20.ckassets.com/resources/image/stores/flipkart-tv-bbd-mapping-1697103111.png", "coupons_count": 0, "secondary_cashback_count": 1, "final_terms_condition": "<li>Add products to your Cart/Wishlist only after clicking out from CashKaro</li><li>Missing Reward Tickets will be resolved within 10 days</li>", "report_storename": "Flipkart", "app_tracking_enabled_android": 1, "app_tracking_enabled_ios": 1, "is_custom_override_case": 1, "intermediate_page_text": ""}}}, {"type": "products", "id": "PPS1-B0992H21B6", "attributes": {"cashback_url": "https://tracking.cashkaro.com/visitproduct/18858/PPS1-B0992H21B6?id=", "product_label": "", "availability": "Yes", "card_type": true, "price": {"original_price": "899.00", "discounted_price": "434.00", "cashback_amount": "10.85", "price_aftercashback": "423.15", "currency": "INR"}, "product_button_text": "", "product_start_datetime": null, "product_end_datetime": null, "merchant": {"offer_id": "18858", "name": "Amazon Baby Products", "unique_identifier": "amazon-baby-products", "cashback_type": "Rewards", "cashback_payment_type": "percent", "offer_type": "Cashback + Coupons", "image_url": "https://asset20.ckassets.com/resources/image/stores/amazon-1602658695.png", "coupons_count": 0, "secondary_cashback_count": 0, "final_terms_condition": "<li>Add Products to your cart / wishlist only after clicking out from CashKaro</li><li>Rewards on Amazon App orders: Yes</li><li>No CashKaro Rewards on transactions through Amazon Business Account</li><li>Your Missing Rewards ticket will be resolved within 10 Days</li>", "report_storename": "Amazon", "app_tracking_enabled_android": 1, "app_tracking_enabled_ios": 1, "is_custom_override_case": 1, "intermediate_page_text": ""}}}, {"type": "products", "id": "PPS3-10488770", "attributes": {"cashback_url": "https://tracking.cashkaro.com/visitproduct/20635/PPS3-10488770?id=", "product_label": "", "availability": "No", "card_type": true, "price": {"original_price": "899.00", "discounted_price": "476.00", "cashback_amount": "0.00", "price_aftercashback": "476.00", "currency": "INR"}, "product_button_text": "", "product_start_datetime": null, "product_end_datetime": null, "merchant": {"offer_id": "20635", "name": "Firstcry Mapping", "unique_identifier": "firstcry-mapping", "cashback_type": "Cashback", "cashback_payment_type": "pound", "offer_type": "Cashback only", "image_url": "https://asset20.ckassets.com/resources/image/stores/firstcry.png", "coupons_count": 0, "secondary_cashback_count": 2, "final_terms_condition": "<li>No CashKaro Cashback on orders below \u20b9100</li><li>No CashKaro Cashback for Bulk Transactions</li><li>CashKaro Cashback is not applicable if you pay using Firstcry Credits</li><li>No CashKaro Cashback on Firstcry App Transactions</li><li>Referral Earnings are not applicable on this Offer</li>", "report_storename": "Firstcry", "app_tracking_enabled_android": 0, "app_tracking_enabled_ios": 0, "is_custom_override_case": 0, "intermediate_page_text": ""}}}, {"type": "products", "id": "PPS6-gentle-790", "attributes": {"cashback_url": "https://tracking.cashkaro.com/visitproduct/17017/PPS6-gentle-790?id=", "product_label": "", "availability": "No", "card_type": true, "price": {"original_price": "894.00", "discounted_price": "519.00", "cashback_amount": "0.00", "price_aftercashback": "519.00", "currency": "INR"}, "product_button_text": "", "product_start_datetime": null, "product_end_datetime": null, "merchant": {"offer_id": "17017", "name": null, "unique_identifier": null, "cashback_type": null, "cashback_payment_type": null, "offer_type": "Cashback + Coupons", "image_url": "https://asset20.ckassets.com/resources/image/stores/no-image.jpg", "coupons_count": 0, "secondary_cashback_count": 0, "final_terms_condition": null, "report_storename": null, "app_tracking_enabled_android": null, "app_tracking_enabled_ios": null, "is_custom_override_case": null, "intermediate_page_text": null}}}]}}, {"type": "products", "id": "PPS1-B09ZP3FFR3", "attributes": {"name": "Mylo Care Gentle Baby Wipes Without Lid (Pack of 8)", "card_type": true, "product_label": "", "category_price_starting_from": "", "category_earn_text": "", "category_detail": "", "facets": [], "image_url": "https://m.media-amazon.com/images/I/817xYbMgwGL._SX679_PIbundle-8,TopRight,0,0_AA679SH20_.jpg", "image_urls": {"image_url_1": "https://m.media-amazon.com/images/I/817xYbMgwGL._SX679_PIbundle-8,TopRight,0,0_AA679SH20_.jpg", "image_url_2": "https://m.media-amazon.com/images/I/71wB7SZ+lRL._SX679_.jpg", "image_url_3": "https://m.media-amazon.com/images/I/71NbqRb5DBL._SX679_.jpg", "image_url_4": ""}, "cashback_url": "https://tracking.cashkaro.com/visitproduct/18858/PPS1-B09ZP3FFR3?id=", "is_compared": true, "brand": "Mylo", "product_button_text": "", "product_start_datetime": null, "product_end_datetime": null, "merchant_offer_id": "18858", "merchant_name": "Amazon Baby Products", "cashback_type": "Rewards", "merchant_image_url": "https://asset20.ckassets.com/resources/image/stores/amazon-1602658695.png", "offer_type": "Cashback + Coupons", "coupons_count": 0, "secondary_cashback_count": 0, "compared_CKSID": "CKS-Wipes-000017", "compared_sellers_count": 4, "compared_product_name": "Mylo Care Gentle Baby Wipes Without Lid (Pack of 8)", "price": {"original_price": "175.00", "discounted_price": "175.00", "cashback_amount": "4.38", "price_aftercashback": "170.63", "currency": "INR"}}, "relationships": {"products_compared": [{"type": "products", "id": "PPS1-B09ZP3FFR3", "attributes": {"cashback_url": "https://tracking.cashkaro.com/visitproduct/18858/PPS1-B09ZP3FFR3?id=", "product_label": "", "availability": "Yes", "card_type": true, "price": {"original_price": "175.00", "discounted_price": "175.00", "cashback_amount": "4.38", "price_aftercashback": "170.63", "currency": "INR"}, "product_button_text": "", "product_start_datetime": null, "product_end_datetime": null, "merchant": {"offer_id": "18858", "name": "Amazon Baby Products", "unique_identifier": "amazon-baby-products", "cashback_type": "Rewards", "cashback_payment_type": "percent", "offer_type": "Cashback + Coupons", "image_url": "https://asset20.ckassets.com/resources/image/stores/amazon-1602658695.png", "coupons_count": 0, "secondary_cashback_count": 0, "final_terms_condition": "<li>Add Products to your cart / wishlist only after clicking out from CashKaro</li><li>Rewards on Amazon App orders: Yes</li><li>No CashKaro Rewards on transactions through Amazon Business Account</li><li>Your Missing Rewards ticket will be resolved within 10 Days</li>", "report_storename": "Amazon", "app_tracking_enabled_android": 1, "app_tracking_enabled_ios": 1, "is_custom_override_case": 1, "intermediate_page_text": ""}}}, {"type": "products", "id": "PPS4-WIPGE72YHYFXHUTY", "attributes": {"cashback_url": "https://tracking.cashkaro.com/visitproduct/22008/PPS4-WIPGE72YHYFXHUTY?id=", "product_label": "", "availability": "Yes", "card_type": true, "price": {"original_price": "1432.00", "discounted_price": "559.00", "cashback_amount": "19.57", "price_aftercashback": "539.44", "currency": "INR"}, "product_button_text": "", "product_start_datetime": null, "product_end_datetime": null, "merchant": {"offer_id": "22008", "name": "Flipkart Books and General MarMap", "unique_identifier": "flipkart-bgm-marmap", "cashback_type": "Rewards", "cashback_payment_type": "percent", "offer_type": "Cashback only", "image_url": "https://asset20.ckassets.com/resources/image/stores/flipkart-tv-bbd-mapping-1697103111.png", "coupons_count": 0, "secondary_cashback_count": 1, "final_terms_condition": "<li>Add products to your Cart/Wishlist only after clicking out from CashKaro</li><li>Missing Reward Tickets will be resolved within 10 days</li>", "report_storename": "Flipkart", "app_tracking_enabled_android": 1, "app_tracking_enabled_ios": 1, "is_custom_override_case": 1, "intermediate_page_text": ""}}}, {"type": "products", "id": "PPS3-14204511", "attributes": {"cashback_url": "https://tracking.cashkaro.com/visitproduct/20635/PPS3-14204511?id=", "product_label": "", "availability": "No", "card_type": true, "price": {"original_price": "1192.00", "discounted_price": "584.00", "cashback_amount": "35.00", "price_aftercashback": "549.00", "currency": "INR"}, "product_button_text": "", "product_start_datetime": null, "product_end_datetime": null, "merchant": {"offer_id": "20635", "name": "Firstcry Mapping", "unique_identifier": "firstcry-mapping", "cashback_type": "Cashback", "cashback_payment_type": "pound", "offer_type": "Cashback only", "image_url": "https://asset20.ckassets.com/resources/image/stores/firstcry.png", "coupons_count": 0, "secondary_cashback_count": 2, "final_terms_condition": "<li>No CashKaro Cashback on orders below \u20b9100</li><li>No CashKaro Cashback for Bulk Transactions</li><li>CashKaro Cashback is not applicable if you pay using Firstcry Credits</li><li>No CashKaro Cashback on Firstcry App Transactions</li><li>Referral Earnings are not applicable on this Offer</li>", "report_storename": "Firstcry", "app_tracking_enabled_android": 0, "app_tracking_enabled_ios": 0, "is_custom_override_case": 0, "intermediate_page_text": ""}}}, {"type": "products", "id": "PPS6-gentle-2317", "attributes": {"cashback_url": "https://tracking.cashkaro.com/visitproduct/17017/PPS6-gentle-2317?id=", "product_label": "", "availability": "No", "card_type": true, "price": {"original_price": "1192.00", "discounted_price": "655.00", "cashback_amount": "0.00", "price_aftercashback": "655.00", "currency": "INR"}, "product_button_text": "", "product_start_datetime": null, "product_end_datetime": null, "merchant": {"offer_id": "17017", "name": null, "unique_identifier": null, "cashback_type": null, "cashback_payment_type": null, "offer_type": "Cashback + Coupons", "image_url": "https://asset20.ckassets.com/resources/image/stores/no-image.jpg", "coupons_count": 0, "secondary_cashback_count": 0, "final_terms_condition": null, "report_storename": null, "app_tracking_enabled_android": null, "app_tracking_enabled_ios": null, "is_custom_override_case": null, "intermediate_page_text": null}}}]}}, {"type": "products", "id": "PPS1-B09ZNWZ2SG", "attributes": {"name": "Mylo Care Gentle Baby Wipes Without Lid (Pack of 9)", "card_type": true, "product_label": "", "category_price_starting_from": "", "category_earn_text": "", "category_detail": "", "facets": [], "image_url": "https://m.media-amazon.com/images/I/81hEGBmIQrL._SX679_PIbundle-9,TopRight,0,0_AA679SH20_.jpg", "image_urls": {"image_url_1": "https://m.media-amazon.com/images/I/81hEGBmIQrL._SX679_PIbundle-9,TopRight,0,0_AA679SH20_.jpg", "image_url_2": "https://m.media-amazon.com/images/I/71wB7SZ+lRL._SX679_.jpg", "image_url_3": "https://m.media-amazon.com/images/I/71NbqRb5DBL._SX679_.jpg", "image_url_4": ""}, "cashback_url": "https://tracking.cashkaro.com/visitproduct/18858/PPS1-B09ZNWZ2SG?id=", "is_compared": true, "brand": "Mylo", "product_button_text": "", "product_start_datetime": null, "product_end_datetime": null, "merchant_offer_id": "18858", "merchant_name": "Amazon Baby Products", "cashback_type": "Rewards", "merchant_image_url": "https://asset20.ckassets.com/resources/image/stores/amazon-1602658695.png", "offer_type": "Cashback + Coupons", "coupons_count": 0, "secondary_cashback_count": 0, "compared_CKSID": "CKS-Wipes-000018", "compared_sellers_count": 4, "compared_product_name": "Mylo Care Gentle Baby Wipes Without Lid (Pack of 9)", "price": {"original_price": "175.00", "discounted_price": "175.00", "cashback_amount": "4.38", "price_aftercashback": "170.63", "currency": "INR"}}, "relationships": {"products_compared": [{"type": "products", "id": "PPS1-B09ZNWZ2SG", "attributes": {"cashback_url": "https://tracking.cashkaro.com/visitproduct/18858/PPS1-B09ZNWZ2SG?id=", "product_label": "", "availability": "Yes", "card_type": true, "price": {"original_price": "175.00", "discounted_price": "175.00", "cashback_amount": "4.38", "price_aftercashback": "170.63", "currency": "INR"}, "product_button_text": "", "product_start_datetime": null, "product_end_datetime": null, "merchant": {"offer_id": "18858", "name": "Amazon Baby Products", "unique_identifier": "amazon-baby-products", "cashback_type": "Rewards", "cashback_payment_type": "percent", "offer_type": "Cashback + Coupons", "image_url": "https://asset20.ckassets.com/resources/image/stores/amazon-1602658695.png", "coupons_count": 0, "secondary_cashback_count": 0, "final_terms_condition": "<li>Add Products to your cart / wishlist only after clicking out from CashKaro</li><li>Rewards on Amazon App orders: Yes</li><li>No CashKaro Rewards on transactions through Amazon Business Account</li><li>Your Missing Rewards ticket will be resolved within 10 Days</li>", "report_storename": "Amazon", "app_tracking_enabled_android": 1, "app_tracking_enabled_ios": 1, "is_custom_override_case": 1, "intermediate_page_text": ""}}}, {"type": "products", "id": "PPS4-WIPGE72YYFNYGNFE", "attributes": {"cashback_url": "https://tracking.cashkaro.com/visitproduct/22008/PPS4-WIPGE72YYFNYGNFE?id=", "product_label": "", "availability": "Yes", "card_type": true, "price": {"original_price": "1611.00", "discounted_price": "619.00", "cashback_amount": "21.67", "price_aftercashback": "597.34", "currency": "INR"}, "product_button_text": "", "product_start_datetime": null, "product_end_datetime": null, "merchant": {"offer_id": "22008", "name": "Flipkart Books and General MarMap", "unique_identifier": "flipkart-bgm-marmap", "cashback_type": "Rewards", "cashback_payment_type": "percent", "offer_type": "Cashback only", "image_url": "https://asset20.ckassets.com/resources/image/stores/flipkart-tv-bbd-mapping-1697103111.png", "coupons_count": 0, "secondary_cashback_count": 1, "final_terms_condition": "<li>Add products to your Cart/Wishlist only after clicking out from CashKaro</li><li>Missing Reward Tickets will be resolved within 10 days</li>", "report_storename": "Flipkart", "app_tracking_enabled_android": 1, "app_tracking_enabled_ios": 1, "is_custom_override_case": 1, "intermediate_page_text": ""}}}, {"type": "products", "id": "PPS3-14204513", "attributes": {"cashback_url": "https://tracking.cashkaro.com/visitproduct/20635/PPS3-14204513?id=", "product_label": "", "availability": "No", "card_type": true, "price": {"original_price": "1341.00", "discounted_price": "630.00", "cashback_amount": "35.00", "price_aftercashback": "595.00", "currency": "INR"}, "product_button_text": "", "product_start_datetime": null, "product_end_datetime": null, "merchant": {"offer_id": "20635", "name": "Firstcry Mapping", "unique_identifier": "firstcry-mapping", "cashback_type": "Cashback", "cashback_payment_type": "pound", "offer_type": "Cashback only", "image_url": "https://asset20.ckassets.com/resources/image/stores/firstcry.png", "coupons_count": 0, "secondary_cashback_count": 2, "final_terms_condition": "<li>No CashKaro Cashback on orders below \u20b9100</li><li>No CashKaro Cashback for Bulk Transactions</li><li>CashKaro Cashback is not applicable if you pay using Firstcry Credits</li><li>No CashKaro Cashback on Firstcry App Transactions</li><li>Referral Earnings are not applicable on this Offer</li>", "report_storename": "Firstcry", "app_tracking_enabled_android": 0, "app_tracking_enabled_ios": 0, "is_custom_override_case": 0, "intermediate_page_text": ""}}}, {"type": "products", "id": "PPS6-gentle-2319", "attributes": {"cashback_url": "https://tracking.cashkaro.com/visitproduct/17017/PPS6-gentle-2319?id=", "product_label": "", "availability": "No", "card_type": true, "price": {"original_price": "1341.00", "discounted_price": "719.00", "cashback_amount": "0.00", "price_aftercashback": "719.00", "currency": "INR"}, "product_button_text": "", "product_start_datetime": null, "product_end_datetime": null, "merchant": {"offer_id": "17017", "name": null, "unique_identifier": null, "cashback_type": null, "cashback_payment_type": null, "offer_type": "Cashback + Coupons", "image_url": "https://asset20.ckassets.com/resources/image/stores/no-image.jpg", "coupons_count": 0, "secondary_cashback_count": 0, "final_terms_condition": null, "report_storename": null, "app_tracking_enabled_android": null, "app_tracking_enabled_ios": null, "is_custom_override_case": null, "intermediate_page_text": null}}}]}}, {"type": "products", "id": "PPS1-B0742BRWS2", "attributes": {"name": "Mee Mee Baby Gentle Baby Wipes - 72 Wipes - (Pack of 5)", "card_type": true, "product_label": "", "category_price_starting_from": "", "category_earn_text": "", "category_detail": "", "facets": {"Quantity": ["72 Count"]}, "image_url": "https://m.media-amazon.com/images/I/51jWHtjZZcL._SL500_.jpg", "image_urls": {"image_url_1": "https://m.media-amazon.com/images/I/51jWHtjZZcL._SL500_.jpg", "image_url_2": "https://m.media-amazon.com/images/I/41-1XnzElUL._SL500_.jpg", "image_url_3": "https://m.media-amazon.com/images/I/51CtcLxaGqL._SL500_.jpg", "image_url_4": ""}, "cashback_url": "https://tracking.cashkaro.com/visitproduct/18858/PPS1-B0742BRWS2?id=", "is_compared": true, "brand": "Mee Mee", "product_button_text": "", "product_start_datetime": null, "product_end_datetime": null, "merchant_offer_id": "18858", "merchant_name": "Amazon Baby Products", "cashback_type": "Rewards", "merchant_image_url": "https://asset20.ckassets.com/resources/image/stores/amazon-1602658695.png", "offer_type": "Cashback + Coupons", "coupons_count": 0, "secondary_cashback_count": 0, "compared_CKSID": "CKS-Wipes-000012", "compared_sellers_count": 3, "compared_product_name": "Mee Mee Baby Gentle Baby Wipes - 72 Wipes - (Pack of 5)", "price": {"original_price": "645.00", "discounted_price": "348.00", "cashback_amount": "8.70", "price_aftercashback": "339.30", "currency": "INR", "discount_percentage": 46}, "key_features": {"Seller": "Amazon", "Brand": "Mee Mee"}}, "relationships": {"products_compared": [{"type": "products", "id": "PPS1-B0742BRWS2", "attributes": {"cashback_url": "https://tracking.cashkaro.com/visitproduct/18858/PPS1-B0742BRWS2?id=", "product_label": "", "availability": "Yes", "card_type": true, "price": {"original_price": "645.00", "discounted_price": "348.00", "cashback_amount": "8.70", "price_aftercashback": "339.30", "currency": "INR"}, "product_button_text": "", "product_start_datetime": null, "product_end_datetime": null, "merchant": {"offer_id": "18858", "name": "Amazon Baby Products", "unique_identifier": "amazon-baby-products", "cashback_type": "Rewards", "cashback_payment_type": "percent", "offer_type": "Cashback + Coupons", "image_url": "https://asset20.ckassets.com/resources/image/stores/amazon-1602658695.png", "coupons_count": 0, "secondary_cashback_count": 0, "final_terms_condition": "<li>Add Products to your cart / wishlist only after clicking out from CashKaro</li><li>Rewards on Amazon App orders: Yes</li><li>No CashKaro Rewards on transactions through Amazon Business Account</li><li>Your Missing Rewards ticket will be resolved within 10 Days</li>", "report_storename": "Amazon", "app_tracking_enabled_android": 1, "app_tracking_enabled_ios": 1, "is_custom_override_case": 1, "intermediate_page_text": ""}}}, {"type": "products", "id": "PPS4-WIPEVZZGZDK2SDHW", "attributes": {"cashback_url": "https://tracking.cashkaro.com/visitproduct/22008/PPS4-WIPEVZZGZDK2SDHW?id=", "product_label": "", "availability": "Yes", "card_type": true, "price": {"original_price": "640.00", "discounted_price": "425.00", "cashback_amount": "14.88", "price_aftercashback": "410.13", "currency": "INR"}, "product_button_text": "", "product_start_datetime": null, "product_end_datetime": null, "merchant": {"offer_id": "22008", "name": "Flipkart Books and General MarMap", "unique_identifier": "flipkart-bgm-marmap", "cashback_type": "Rewards", "cashback_payment_type": "percent", "offer_type": "Cashback only", "image_url": "https://asset20.ckassets.com/resources/image/stores/flipkart-tv-bbd-mapping-1697103111.png", "coupons_count": 0, "secondary_cashback_count": 1, "final_terms_condition": "<li>Add products to your Cart/Wishlist only after clicking out from CashKaro</li><li>Missing Reward Tickets will be resolved within 10 days</li>", "report_storename": "Flipkart", "app_tracking_enabled_android": 1, "app_tracking_enabled_ios": 1, "is_custom_override_case": 1, "intermediate_page_text": ""}}}, {"type": "products", "id": "PPS16-7619604", "attributes": {"cashback_url": "https://tracking.cashkaro.com/visitproduct/16825/PPS16-7619604?id=", "product_label": "", "availability": "Yes", "card_type": true, "price": {"original_price": "645.00", "discounted_price": "645.00", "cashback_amount": "38.70", "price_aftercashback": "606.30", "currency": "INR"}, "product_button_text": "", "product_start_datetime": null, "product_end_datetime": null, "merchant": {"offer_id": "16825", "name": "Myntra", "unique_identifier": "myntra", "cashback_type": "Cashback", "cashback_payment_type": "percent", "offer_type": "Cashback + Coupons", "image_url": "https://asset20.ckassets.com/resources/image/stores/myntra-1632828693.png", "coupons_count": 0, "secondary_cashback_count": 1, "final_terms_condition": "<li>Cashback is calculated on order amount excluding what is paid via wallets credits or gift vouchers</li>", "report_storename": "Myntra", "app_tracking_enabled_android": 0, "app_tracking_enabled_ios": 0, "is_custom_override_case": 1, "intermediate_page_text": ""}}}]}}, {"type": "products", "id": "PPS4-itmbe53bf8179126", "attributes": {"name": "Mylo Care Gentle Baby Wipes Without Lid (Pack of 3)", "card_type": true, "product_label": "", "category_price_starting_from": "", "category_earn_text": "", "category_detail": "", "facets": [], "image_url": "https://m.media-amazon.com/images/I/51+DkTrM6GL._SY300_SX300_.jpg", "image_urls": {"image_url_1": "https://m.media-amazon.com/images/I/51+DkTrM6GL._SY300_SX300_.jpg", "image_url_2": "https://m.media-amazon.com/images/I/71wB7SZ+lRL._SX679_.jpg", "image_url_3": "https://m.media-amazon.com/images/I/71NbqRb5DBL._SX679_.jpg", "image_url_4": ""}, "cashback_url": "https://tracking.cashkaro.com/visitproduct/22008/PPS4-itmbe53bf8179126?id=", "is_compared": true, "brand": "Mylo", "product_button_text": "", "product_start_datetime": null, "product_end_datetime": null, "merchant_offer_id": "22008", "merchant_name": "Flipkart Books and General MarMap", "cashback_type": "Rewards", "merchant_image_url": "https://asset20.ckassets.com/resources/image/stores/flipkart-tv-bbd-mapping-1697103111.png", "offer_type": "Cashback only", "coupons_count": 0, "secondary_cashback_count": 1, "compared_CKSID": "CKS-Wipes-000021", "compared_sellers_count": 4, "compared_product_name": "Mylo Care Gentle Baby Wipes Without Lid (Pack of 3)", "price": {"original_price": "499.00", "discounted_price": "229.00", "cashback_amount": "8.02", "price_aftercashback": "220.99", "currency": "INR", "discount_percentage": 54}}}, {"type": "products", "id": "PPS1-B09ZPDLGPY", "attributes": {"name": "Mylo Care Gentle Baby Wipes Without Lid (Pack of 10)", "card_type": true, "product_label": "", "category_price_starting_from": "", "category_earn_text": "", "category_detail": "", "facets": [], "image_url": "https://m.media-amazon.com/images/I/51UMjllrztL._SX300_SY300_QL70_FMwebp_.jpg", "image_urls": {"image_url_1": "https://m.media-amazon.com/images/I/51UMjllrztL._SX300_SY300_QL70_FMwebp_.jpg", "image_url_2": "https://m.media-amazon.com/images/I/71wB7SZ+lRL._SX679_.jpg", "image_url_3": "https://m.media-amazon.com/images/I/71NbqRb5DBL._SX679_.jpg", "image_url_4": ""}, "cashback_url": "https://tracking.cashkaro.com/visitproduct/18858/PPS1-B09ZPDLGPY?id=", "is_compared": true, "brand": "Mylo", "product_button_text": "", "product_start_datetime": null, "product_end_datetime": null, "merchant_offer_id": "18858", "merchant_name": "Amazon Baby Products", "cashback_type": "Rewards", "merchant_image_url": "https://asset20.ckassets.com/resources/image/stores/amazon-1602658695.png", "offer_type": "Cashback + Coupons", "coupons_count": 0, "secondary_cashback_count": 0, "compared_CKSID": "CKS-Wipes-000019", "compared_sellers_count": 4, "compared_product_name": "Mylo Care Gentle Baby Wipes Without Lid (Pack of 10)", "price": {"original_price": "1790.00", "discounted_price": "669.00", "cashback_amount": "16.73", "price_aftercashback": "652.28", "currency": "INR", "discount_percentage": 63}}}]