[{"type": "products", "id": "PPS4-HRMGSYWYWG8FVDHP", "attributes": {"name": "Bold Care Intimate Hair Removal Cream for Men - Fast & Painless, Soothing for Unwanted Coarse Pubic Hair, Suitable For All Skin Types, 100ml", "card_type": true, "product_label": "", "category_price_starting_from": "", "category_earn_text": "", "category_detail": "", "facets": {"Size": ["100 ml"]}, "image_url": "https://m.media-amazon.com/images/I/71yUOh-fb4L._SX679_.jpg", "image_urls": {"image_url_1": "https://m.media-amazon.com/images/I/71yUOh-fb4L._SX679_.jpg", "image_url_2": "https://m.media-amazon.com/images/I/71XW2-DxCwL._SX679_.jpg", "image_url_3": "https://m.media-amazon.com/images/I/71802TDtx2L._SX679_.jpg", "image_url_4": ""}, "cashback_url": "https://tracking.cashkaro.com/visitproduct/22008/PPS4-HRMGSYWYWG8FVDHP?id=", "is_compared": true, "brand": "Bold Care", "product_button_text": "", "product_start_datetime": null, "product_end_datetime": null, "merchant_offer_id": "22008", "merchant_name": "Flipkart Books and General MarMap", "cashback_type": "Rewards", "merchant_image_url": "https://asset20.ckassets.com/resources/image/stores/flipkart-tv-bbd-mapping-1697103111.png", "offer_type": "Cashback only", "coupons_count": 0, "secondary_cashback_count": 1, "compared_CKSID": "CKS-Beauty-000544", "compared_sellers_count": 2, "compared_product_name": "Bold Care Intimate Hair Removal Cream for Men", "price": {"original_price": "499.00", "discounted_price": "269.00", "cashback_amount": "9.42", "price_aftercashback": "259.59", "currency": "INR", "discount_percentage": 46}, "key_features": {"Seller": "Flipkart", "Brand": "Bold Care"}}, "relationships": {"products_compared": [{"type": "products", "id": "PPS4-HRMGSYWYWG8FVDHP", "attributes": {"cashback_url": "https://tracking.cashkaro.com/visitproduct/22008/PPS4-HRMGSYWYWG8FVDHP?id=", "product_label": "", "availability": "Yes", "card_type": true, "price": {"original_price": "499.00", "discounted_price": "269.00", "cashback_amount": "9.42", "price_aftercashback": "259.59", "currency": "INR"}, "product_button_text": "", "product_start_datetime": null, "product_end_datetime": null, "merchant": {"offer_id": "22008", "name": "Flipkart Books and General MarMap", "unique_identifier": "flipkart-bgm-marmap", "cashback_type": "Rewards", "cashback_payment_type": "percent", "offer_type": "Cashback only", "image_url": "https://asset20.ckassets.com/resources/image/stores/flipkart-tv-bbd-mapping-1697103111.png", "coupons_count": 0, "secondary_cashback_count": 1, "final_terms_condition": "<li>Add products to your Cart/Wishlist only after clicking out from CashKaro</li><li>Missing Reward Tickets will be resolved within 10 days</li>", "report_storename": "Flipkart", "app_tracking_enabled_android": 1, "app_tracking_enabled_ios": 1, "is_custom_override_case": 1, "intermediate_page_text": ""}}}, {"type": "products", "id": "PPS1-B0CD78T1FQ", "attributes": {"cashback_url": "https://tracking.cashkaro.com/visitproduct/18870/PPS1-B0CD78T1FQ?id=", "product_label": "", "availability": "Yes", "card_type": true, "price": {"original_price": "499.00", "discounted_price": "269.00", "cashback_amount": "8.07", "price_aftercashback": "260.93", "currency": "INR"}, "product_button_text": "", "product_start_datetime": null, "product_end_datetime": null, "merchant": {"offer_id": "18870", "name": "Amazon Health & Beauty", "unique_identifier": "amazon-health-beauty", "cashback_type": "Rewards", "cashback_payment_type": "percent", "offer_type": "Cashback + Coupons", "image_url": "https://asset20.ckassets.com/resources/image/stores/amazon-1602658695.png", "coupons_count": 0, "secondary_cashback_count": 1, "final_terms_condition": "<li>Add Products to your cart / wishlist only after clicking out from CashKaro</li><li>Rewards on Amazon App orders: Yes</li><li>No CashKaro Rewards on transactions through Amazon Business Account</li><li>Your Missing Rewards ticket will be resolved within 10 Days</li>", "report_storename": "Amazon", "app_tracking_enabled_android": 1, "app_tracking_enabled_ios": 1, "is_custom_override_case": 1, "intermediate_page_text": ""}}}]}}, {"type": "products", "id": "PPS1-B0BQZW6GCM", "attributes": {"name": "Svish On The Go Hair Removal Spray for Men, 200ml Post Hair Removal Cream, 25gm", "card_type": true, "product_label": "", "category_price_starting_from": "", "category_earn_text": "", "category_detail": "", "facets": {"Size": ["25 gm"]}, "image_url": "https://m.media-amazon.com/images/I/41oTgUPrfSL._SX300_SY300_QL70_FMwebp_.jpg", "image_urls": {"image_url_1": "https://m.media-amazon.com/images/I/41oTgUPrfSL._SX300_SY300_QL70_FMwebp_.jpg", "image_url_2": "https://m.media-amazon.com/images/I/516F3Y2c5WL._SX679_.jpg", "image_url_3": "https://m.media-amazon.com/images/I/619BT00Q2XL._SX679_.jpg", "image_url_4": ""}, "cashback_url": "https://tracking.cashkaro.com/visitproduct/18870/PPS1-B0BQZW6GCM?id=", "is_compared": true, "brand": "SVISH ON THE GO", "product_button_text": "", "product_start_datetime": null, "product_end_datetime": null, "merchant_offer_id": "18870", "merchant_name": "Amazon Health & Beauty", "cashback_type": "Rewards", "merchant_image_url": "https://asset20.ckassets.com/resources/image/stores/amazon-1602658695.png", "offer_type": "Cashback + Coupons", "coupons_count": 0, "secondary_cashback_count": 1, "compared_CKSID": "CKS-Beauty-000556", "compared_sellers_count": 3, "compared_product_name": "Svish On The Go Hair Removal Spray for Men & Post Hair Removal Cream Combo", "price": {"original_price": "988.00", "discounted_price": "399.00", "cashback_amount": "11.97", "price_aftercashback": "387.03", "currency": "INR", "discount_percentage": 60}, "key_features": {"Seller": "Amazon", "Brand": "SVISH ON THE GO"}}, "relationships": {"products_compared": [{"type": "products", "id": "PPS1-B0BQZW6GCM", "attributes": {"cashback_url": "https://tracking.cashkaro.com/visitproduct/18870/PPS1-B0BQZW6GCM?id=", "product_label": "", "availability": "Yes", "card_type": true, "price": {"original_price": "988.00", "discounted_price": "399.00", "cashback_amount": "11.97", "price_aftercashback": "387.03", "currency": "INR"}, "product_button_text": "", "product_start_datetime": null, "product_end_datetime": null, "merchant": {"offer_id": "18870", "name": "Amazon Health & Beauty", "unique_identifier": "amazon-health-beauty", "cashback_type": "Rewards", "cashback_payment_type": "percent", "offer_type": "Cashback + Coupons", "image_url": "https://asset20.ckassets.com/resources/image/stores/amazon-1602658695.png", "coupons_count": 0, "secondary_cashback_count": 1, "final_terms_condition": "<li>Add Products to your cart / wishlist only after clicking out from CashKaro</li><li>Rewards on Amazon App orders: Yes</li><li>No CashKaro Rewards on transactions through Amazon Business Account</li><li>Your Missing Rewards ticket will be resolved within 10 Days</li>", "report_storename": "Amazon", "app_tracking_enabled_android": 1, "app_tracking_enabled_ios": 1, "is_custom_override_case": 1, "intermediate_page_text": ""}}}, {"type": "products", "id": "PPS4-itm2a126081323bb", "attributes": {"cashback_url": "https://tracking.cashkaro.com/visitproduct/22008/PPS4-itm2a126081323bb?id=", "product_label": "", "availability": "Yes", "card_type": true, "price": {"original_price": "1266.00", "discounted_price": "499.00", "cashback_amount": "17.47", "price_aftercashback": "481.54", "currency": "INR"}, "product_button_text": "", "product_start_datetime": null, "product_end_datetime": null, "merchant": {"offer_id": "22008", "name": "Flipkart Books and General MarMap", "unique_identifier": "flipkart-bgm-marmap", "cashback_type": "Rewards", "cashback_payment_type": "percent", "offer_type": "Cashback only", "image_url": "https://asset20.ckassets.com/resources/image/stores/flipkart-tv-bbd-mapping-1697103111.png", "coupons_count": 0, "secondary_cashback_count": 1, "final_terms_condition": "<li>Add products to your Cart/Wishlist only after clicking out from CashKaro</li><li>Missing Reward Tickets will be resolved within 10 days</li>", "report_storename": "Flipkart", "app_tracking_enabled_android": 1, "app_tracking_enabled_ios": 1, "is_custom_override_case": 1, "intermediate_page_text": ""}}}, {"type": "products", "id": "PPS14-11864894", "attributes": {"cashback_url": "https://tracking.cashkaro.com/visitproduct/17218/PPS14-11864894?id=", "product_label": "", "availability": "Yes", "card_type": true, "price": {"original_price": "1099.00", "discounted_price": "559.00", "cashback_amount": "39.13", "price_aftercashback": "519.87", "currency": "INR"}, "product_button_text": "", "product_start_datetime": null, "product_end_datetime": null, "merchant": {"offer_id": "17218", "name": "Nykaa", "unique_identifier": "nykaa", "cashback_type": "Cashback", "cashback_payment_type": "percent", "offer_type": "Cashback + Coupons", "image_url": "https://asset20.ckassets.com/resources/image/stores/nykaa-test-1658416806.png", "coupons_count": 0, "secondary_cashback_count": 1, "final_terms_condition": "<li>Cashback on Nykaa App orders will track at Existing User rate & will be corrected at the time of validation</li><li>Cashback might track at higher rate & will get normalised on validation</li><li>No Cashback applicable on purchases of Gold/Silver Coins, Bars, Jewellery, and Idols</li><li>Cashback is applicable Thrice per unique user per month basis email, phone number and address</li><li>No CashKaro Cashback for Bulk Transactions</li><li>Cashback on Nykaa App Orders: Applicable</li><li>No Cashback on orders placed with Nykaa Credits or Gift Vouchers</li>", "report_storename": "Nykaa", "app_tracking_enabled_android": 0, "app_tracking_enabled_ios": 0, "is_custom_override_case": 0, "intermediate_page_text": ""}}}]}}, {"type": "products", "id": "PPS1-B0C6KS3WKZ", "attributes": {"name": "The Wellness Shop -Turmeric Facial Wax Powder, 5 min Painless Natural Face Hair Removal Waxing Powder, 100 gm", "card_type": true, "product_label": "", "category_price_starting_from": "", "category_earn_text": "", "category_detail": "", "facets": {"Size": ["100 gm"]}, "image_url": "https://m.media-amazon.com/images/I/31tYnz9jMAL._SX300_SY300_QL70_FMwebp_.jpg", "image_urls": {"image_url_1": "https://m.media-amazon.com/images/I/31tYnz9jMAL._SX300_SY300_QL70_FMwebp_.jpg", "image_url_2": "https://m.media-amazon.com/images/I/51MkM0ia34L._SX679_.jpg", "image_url_3": "https://m.media-amazon.com/images/I/61I7wtFrN6L._SX679_.jpg", "image_url_4": ""}, "cashback_url": "https://tracking.cashkaro.com/visitproduct/18870/PPS1-B0C6KS3WKZ?id=", "is_compared": true, "brand": "The Wellness Shop", "product_button_text": "", "product_start_datetime": null, "product_end_datetime": null, "merchant_offer_id": "18870", "merchant_name": "Amazon Health & Beauty", "cashback_type": "Rewards", "merchant_image_url": "https://asset20.ckassets.com/resources/image/stores/amazon-1602658695.png", "offer_type": "Cashback + Coupons", "coupons_count": 0, "secondary_cashback_count": 1, "compared_CKSID": "CKS-Beauty-000557", "compared_sellers_count": 1, "compared_product_name": "The Wellness Shop -Turmeric Facial Wax Powder", "price": {"original_price": "999.00", "discounted_price": "448.00", "cashback_amount": "13.44", "price_aftercashback": "434.56", "currency": "INR", "discount_percentage": 55}, "key_features": {"Seller": "Amazon", "Brand": "The Wellness Shop"}}, "relationships": {"products_compared": [{"type": "products", "id": "PPS1-B0C6KS3WKZ", "attributes": {"cashback_url": "https://tracking.cashkaro.com/visitproduct/18870/PPS1-B0C6KS3WKZ?id=", "product_label": "", "availability": "Yes", "card_type": true, "price": {"original_price": "999.00", "discounted_price": "448.00", "cashback_amount": "13.44", "price_aftercashback": "434.56", "currency": "INR"}, "product_button_text": "", "product_start_datetime": null, "product_end_datetime": null, "merchant": {"offer_id": "18870", "name": "Amazon Health & Beauty", "unique_identifier": "amazon-health-beauty", "cashback_type": "Rewards", "cashback_payment_type": "percent", "offer_type": "Cashback + Coupons", "image_url": "https://asset20.ckassets.com/resources/image/stores/amazon-1602658695.png", "coupons_count": 0, "secondary_cashback_count": 1, "final_terms_condition": "<li>Add Products to your cart / wishlist only after clicking out from CashKaro</li><li>Rewards on Amazon App orders: Yes</li><li>No CashKaro Rewards on transactions through Amazon Business Account</li><li>Your Missing Rewards ticket will be resolved within 10 Days</li>", "report_storename": "Amazon", "app_tracking_enabled_android": 1, "app_tracking_enabled_ios": 1, "is_custom_override_case": 1, "intermediate_page_text": ""}}}]}}, {"type": "products", "id": "PPS1-B07B2WCQV1", "attributes": {"name": "HipHop Skincare Charcoal Nose Strips Men Blackhead Remover, 6 Strips", "card_type": true, "product_label": "", "category_price_starting_from": "", "category_earn_text": "", "category_detail": "", "facets": {"Size": ["6 Strips"]}, "image_url": "https://m.media-amazon.com/images/I/61ubN5AUgpL._SY450_PIbundle-6,TopRight,0,0_AA450SH20_.jpg", "image_urls": {"image_url_1": "https://m.media-amazon.com/images/I/61ubN5AUgpL._SY450_PIbundle-6,TopRight,0,0_AA450SH20_.jpg", "image_url_2": "https://m.media-amazon.com/images/I/7197eK4TQ8L._SY450_.jpg", "image_url_3": "https://m.media-amazon.com/images/I/61PO2gSoOIL._SY450_.jpg", "image_url_4": ""}, "cashback_url": "https://tracking.cashkaro.com/visitproduct/18870/PPS1-B07B2WCQV1?id=", "is_compared": true, "brand": "HipHop Skincare", "product_button_text": "", "product_start_datetime": null, "product_end_datetime": null, "merchant_offer_id": "18870", "merchant_name": "Amazon Health & Beauty", "cashback_type": "Rewards", "merchant_image_url": "https://asset20.ckassets.com/resources/image/stores/amazon-1602658695.png", "offer_type": "Cashback + Coupons", "coupons_count": 0, "secondary_cashback_count": 1, "compared_CKSID": "CKS-Beauty-000550", "compared_sellers_count": 2, "compared_product_name": "HipHop Skincare Charcoal Nose Strips Men Blackhead Remover", "price": {"original_price": "230.00", "discounted_price": "199.00", "cashback_amount": "5.97", "price_aftercashback": "193.03", "currency": "INR", "discount_percentage": 13}, "key_features": {"Seller": "Flipkart", "Brand": "HipHop Skincare"}}, "relationships": {"products_compared": [{"type": "products", "id": "PPS4-itmc6bab9ff608fa", "attributes": {"cashback_url": "https://tracking.cashkaro.com/visitproduct/22008/PPS4-itmc6bab9ff608fa?id=", "product_label": "", "availability": "Yes", "card_type": true, "price": {"original_price": "230.00", "discounted_price": "180.00", "cashback_amount": "6.30", "price_aftercashback": "173.70", "currency": "INR"}, "product_button_text": "", "product_start_datetime": null, "product_end_datetime": null, "merchant": {"offer_id": "22008", "name": "Flipkart Books and General MarMap", "unique_identifier": "flipkart-bgm-marmap", "cashback_type": "Rewards", "cashback_payment_type": "percent", "offer_type": "Cashback only", "image_url": "https://asset20.ckassets.com/resources/image/stores/flipkart-tv-bbd-mapping-1697103111.png", "coupons_count": 0, "secondary_cashback_count": 1, "final_terms_condition": "<li>Add products to your Cart/Wishlist only after clicking out from CashKaro</li><li>Missing Reward Tickets will be resolved within 10 days</li>", "report_storename": "Flipkart", "app_tracking_enabled_android": 1, "app_tracking_enabled_ios": 1, "is_custom_override_case": 1, "intermediate_page_text": ""}}}, {"type": "products", "id": "PPS1-B07B2WCQV1", "attributes": {"cashback_url": "https://tracking.cashkaro.com/visitproduct/18870/PPS1-B07B2WCQV1?id=", "product_label": "", "availability": "Yes", "card_type": true, "price": {"original_price": "230.00", "discounted_price": "199.00", "cashback_amount": "5.97", "price_aftercashback": "193.03", "currency": "INR"}, "product_button_text": "", "product_start_datetime": null, "product_end_datetime": null, "merchant": {"offer_id": "18870", "name": "Amazon Health & Beauty", "unique_identifier": "amazon-health-beauty", "cashback_type": "Rewards", "cashback_payment_type": "percent", "offer_type": "Cashback + Coupons", "image_url": "https://asset20.ckassets.com/resources/image/stores/amazon-1602658695.png", "coupons_count": 0, "secondary_cashback_count": 1, "final_terms_condition": "<li>Add Products to your cart / wishlist only after clicking out from CashKaro</li><li>Rewards on Amazon App orders: Yes</li><li>No CashKaro Rewards on transactions through Amazon Business Account</li><li>Your Missing Rewards ticket will be resolved within 10 Days</li>", "report_storename": "Amazon", "app_tracking_enabled_android": 1, "app_tracking_enabled_ios": 1, "is_custom_override_case": 1, "intermediate_page_text": ""}}}]}}, {"type": "products", "id": "PPS4-itmd6e5d46d5fd80", "attributes": {"name": "Mannlich Intimate/Private Hair Removal Cream for Men, Painless, Faster, Soothing for Unwanted Coarse Pubic Hair, Suitable For All Skin Types, 100 Ml", "card_type": true, "product_label": "", "category_price_starting_from": "", "category_earn_text": "", "category_detail": "", "facets": {"Size": ["100 ml"]}, "image_url": "https://m.media-amazon.com/images/I/71bhR6SIxKL._SX679_.jpg", "image_urls": {"image_url_1": "https://m.media-amazon.com/images/I/71bhR6SIxKL._SX679_.jpg", "image_url_2": "https://m.media-amazon.com/images/I/615zs8VEmQL._SX679_.jpg", "image_url_3": "https://m.media-amazon.com/images/I/81I7qXJWIbL._SX679_.jpg", "image_url_4": ""}, "cashback_url": "https://tracking.cashkaro.com/visitproduct/22008/PPS4-itmd6e5d46d5fd80?id=", "is_compared": true, "brand": "Mannlich", "product_button_text": "", "product_start_datetime": null, "product_end_datetime": null, "merchant_offer_id": "22008", "merchant_name": "Flipkart Books and General MarMap", "cashback_type": "Rewards", "merchant_image_url": "https://asset20.ckassets.com/resources/image/stores/flipkart-tv-bbd-mapping-1697103111.png", "offer_type": "Cashback only", "coupons_count": 0, "secondary_cashback_count": 1, "compared_CKSID": "CKS-Beauty-000552", "compared_sellers_count": 2, "compared_product_name": "Mannlich Intimate/Private Hair Removal Cream for Men", "price": {"original_price": "499.00", "discounted_price": "249.00", "cashback_amount": "8.72", "price_aftercashback": "240.29", "currency": "INR", "discount_percentage": 50}, "key_features": {"Seller": "Flipkart", "Brand": "Mannlich"}}, "relationships": {"products_compared": [{"type": "products", "id": "PPS4-itmd6e5d46d5fd80", "attributes": {"cashback_url": "https://tracking.cashkaro.com/visitproduct/22008/PPS4-itmd6e5d46d5fd80?id=", "product_label": "", "availability": "Yes", "card_type": true, "price": {"original_price": "499.00", "discounted_price": "249.00", "cashback_amount": "8.72", "price_aftercashback": "240.29", "currency": "INR"}, "product_button_text": "", "product_start_datetime": null, "product_end_datetime": null, "merchant": {"offer_id": "22008", "name": "Flipkart Books and General MarMap", "unique_identifier": "flipkart-bgm-marmap", "cashback_type": "Rewards", "cashback_payment_type": "percent", "offer_type": "Cashback only", "image_url": "https://asset20.ckassets.com/resources/image/stores/flipkart-tv-bbd-mapping-1697103111.png", "coupons_count": 0, "secondary_cashback_count": 1, "final_terms_condition": "<li>Add products to your Cart/Wishlist only after clicking out from CashKaro</li><li>Missing Reward Tickets will be resolved within 10 days</li>", "report_storename": "Flipkart", "app_tracking_enabled_android": 1, "app_tracking_enabled_ios": 1, "is_custom_override_case": 1, "intermediate_page_text": ""}}}, {"type": "products", "id": "PPS1-B0BY3NZ4HB", "attributes": {"cashback_url": "https://tracking.cashkaro.com/visitproduct/18870/PPS1-B0BY3NZ4HB?id=", "product_label": "", "availability": "Yes", "card_type": true, "price": {"original_price": "499.00", "discounted_price": "249.00", "cashback_amount": "7.47", "price_aftercashback": "241.53", "currency": "INR"}, "product_button_text": "", "product_start_datetime": null, "product_end_datetime": null, "merchant": {"offer_id": "18870", "name": "Amazon Health & Beauty", "unique_identifier": "amazon-health-beauty", "cashback_type": "Rewards", "cashback_payment_type": "percent", "offer_type": "Cashback + Coupons", "image_url": "https://asset20.ckassets.com/resources/image/stores/amazon-1602658695.png", "coupons_count": 0, "secondary_cashback_count": 1, "final_terms_condition": "<li>Add Products to your cart / wishlist only after clicking out from CashKaro</li><li>Rewards on Amazon App orders: Yes</li><li>No CashKaro Rewards on transactions through Amazon Business Account</li><li>Your Missing Rewards ticket will be resolved within 10 Days</li>", "report_storename": "Amazon", "app_tracking_enabled_android": 1, "app_tracking_enabled_ios": 1, "is_custom_override_case": 1, "intermediate_page_text": ""}}}]}}, {"type": "products", "id": "PPS4-itm6f217d5e992e1-dmy", "attributes": {"name": "urbangabru Hair Removal Cream Spray for Men", "card_type": true, "product_label": "", "category_price_starting_from": "", "category_earn_text": "", "category_detail": "", "facets": [], "image_url": "https://rukminim2.flixcart.com/image/416/416/xif0q/hair-removal/t/e/e/200-hair-removal-cream-spray-for-men-chest-back-legs-under-arms-original-imagsw9fsdzzypgz.jpeg?q=70", "image_urls": {"image_url_1": "https://rukminim2.flixcart.com/image/416/416/xif0q/hair-removal/t/e/e/200-hair-removal-cream-spray-for-men-chest-back-legs-under-arms-original-imagsw9fsdzzypgz.jpeg?q=70", "image_url_2": "https://rukminim2.flixcart.com/image/416/416/xif0q/hair-removal/t/e/e/200-hair-removal-cream-spray-for-men-chest-back-legs-under-arms-original-imagsw9fsdzzypgz.jpeg?q=70", "image_url_3": "https://rukminim2.flixcart.com/image/416/416/xif0q/hair-removal/t/e/e/200-hair-removal-cream-spray-for-men-chest-back-legs-under-arms-original-imagsw9fsdzzypgz.jpeg?q=70", "image_url_4": ""}, "cashback_url": "https://tracking.cashkaro.com/visitproduct/22008/PPS4-itm6f217d5e992e1-dmy?id=", "is_compared": true, "brand": "urbangabru", "product_button_text": "", "product_start_datetime": null, "product_end_datetime": null, "merchant_offer_id": "22008", "merchant_name": "Flipkart Books and General MarMap", "cashback_type": "Rewards", "merchant_image_url": "https://asset20.ckassets.com/resources/image/stores/flipkart-tv-bbd-mapping-1697103111.png", "offer_type": "Cashback only", "coupons_count": 0, "secondary_cashback_count": 1, "compared_CKSID": "CKS-SEOTEST-000001", "compared_sellers_count": 2, "compared_product_name": "Urbangabru Hair Removal Cream Spray for Men", "price": {"original_price": "799.00", "discounted_price": "539.00", "cashback_amount": "18.87", "price_aftercashback": "520.14", "currency": "INR", "discount_percentage": 33}}}]