[{"type": "products", "id": "PPS4-itm276dad416519d", "attributes": {"name": "boAt Bassheads 100 in Ear Wired Earphones with Mic, Red", "card_type": true, "product_label": "", "category_price_starting_from": "", "category_earn_text": "", "category_detail": "", "facets": {"Colour": ["Red", "Taffy Pink", "Black", "White", "Mint Orange"]}, "image_url": "https://rukminim2.flixcart.com/image/416/416/k51cpe80pkrrdj/headphone-refurbished/c/t/8/c-bassheads-100-boat-original-imafn4qttzkvzeyq.jpeg?q=70", "image_urls": {"image_url_1": "https://rukminim2.flixcart.com/image/416/416/k51cpe80pkrrdj/headphone-refurbished/c/t/8/c-bassheads-100-boat-original-imafn4qttzkvzeyq.jpeg?q=70", "image_url_2": "https://rukminim2.flixcart.com/image/416/416/k0vbgy80pkrrdj/headphone/r/3/g/boat-bassheads-100-original-imafgf7xewz7qknt.jpeg?q=70", "image_url_3": "https://rukminim2.flixcart.com/image/416/416/kikluvk0-0/headphone/s/y/n/bassheads-100-bassheads-110-boat-original-imafybzdyngvtrwr.jpeg?q=70", "image_url_4": ""}, "cashback_url": "https://tracking.cashkaro.com/visitproduct/22012/PPS4-itm276dad416519d?id=", "is_compared": true, "brand": "Boat", "product_button_text": "", "product_start_datetime": null, "product_end_datetime": null, "merchant_offer_id": "22012", "merchant_name": "Flipkart Large Appliance MarMap", "cashback_type": "Rewards", "merchant_image_url": "https://asset20.ckassets.com/resources/image/stores/flipkart-tv-bbd-mapping-1697103111.png", "offer_type": "Cashback only", "coupons_count": 0, "secondary_cashback_count": 1, "compared_CKSID": "CKS-Headphones-000441", "compared_sellers_count": 4, "compared_product_name": "boAt Bassheads 100 Wired Earphones", "price": {"original_price": "850.00", "discounted_price": "349.00", "cashback_amount": "9.77", "price_aftercashback": "339.23", "currency": "INR", "discount_percentage": 59}, "key_features": {"Seller": "Myntra", "Brand": "Boat"}}, "relationships": {"products_compared": [{"type": "products", "id": "PPS16-8815563", "attributes": {"cashback_url": "https://tracking.cashkaro.com/visitproduct/16825/PPS16-8815563?id=", "product_label": "", "availability": "Yes", "card_type": true, "price": {"original_price": "999.00", "discounted_price": "399.00", "cashback_amount": "23.94", "price_aftercashback": "375.06", "currency": "INR"}, "product_button_text": "", "product_start_datetime": null, "product_end_datetime": null, "merchant": {"offer_id": "16825", "name": "Myntra", "unique_identifier": "myntra", "cashback_type": "Cashback", "cashback_payment_type": "percent", "offer_type": "Cashback + Coupons", "image_url": "https://asset20.ckassets.com/resources/image/stores/myntra-1632828693.png", "coupons_count": 0, "secondary_cashback_count": 1, "final_terms_condition": "<li>Cashback is calculated on order amount excluding what is paid via wallets credits or gift vouchers</li>", "report_storename": "Myntra", "app_tracking_enabled_android": 0, "app_tracking_enabled_ios": 0, "is_custom_override_case": 1, "intermediate_page_text": ""}}}, {"type": "products", "id": "PPS4-ACCF94NHDZAGWDS4", "attributes": {"cashback_url": "https://tracking.cashkaro.com/visitproduct/22012/PPS4-ACCF94NHDZAGWDS4?id=", "product_label": "", "availability": "Yes", "card_type": true, "price": {"original_price": "999.00", "discounted_price": "399.00", "cashback_amount": "11.17", "price_aftercashback": "387.83", "currency": "INR"}, "product_button_text": "", "product_start_datetime": null, "product_end_datetime": null, "merchant": {"offer_id": "22012", "name": "Flipkart Large Appliance MarMap", "unique_identifier": "flipkart-largeapp-marmap", "cashback_type": "Rewards", "cashback_payment_type": "percent", "offer_type": "Cashback only", "image_url": "https://asset20.ckassets.com/resources/image/stores/flipkart-tv-bbd-mapping-1697103111.png", "coupons_count": 0, "secondary_cashback_count": 1, "final_terms_condition": "<li>Add products to your Cart/Wishlist only after clicking out from CashKaro</li><li>Missing Reward Tickets will be resolved within 10 days</li>", "report_storename": "Flipkart", "app_tracking_enabled_android": 1, "app_tracking_enabled_ios": 1, "is_custom_override_case": 1, "intermediate_page_text": ""}}}]}}, {"type": "products", "id": "PPS1-B01DEWVZ2C", "attributes": {"name": "JBL C100SI Wired In Ear Headphones with Mic, Black", "card_type": true, "product_label": "", "category_price_starting_from": "", "category_earn_text": "", "category_detail": "", "facets": {"Colour": ["Black", "Red", "White"]}, "image_url": "https://m.media-amazon.com/images/I/31NnmYempPL._SX300_SY300_QL70_FMwebp_.jpg", "image_urls": {"image_url_1": "https://m.media-amazon.com/images/I/31NnmYempPL._SX300_SY300_QL70_FMwebp_.jpg", "image_url_2": "https://m.media-amazon.com/images/I/31NnmYempPL._SX300_SY300_QL70_FMwebp_.jpg", "image_url_3": "", "image_url_4": ""}, "cashback_url": "https://tracking.cashkaro.com/visitproduct/18884/PPS1-B01DEWVZ2C?id=", "is_compared": true, "brand": "JBL", "product_button_text": "", "product_start_datetime": null, "product_end_datetime": null, "merchant_offer_id": "18884", "merchant_name": "Amazon Electronics Exclusive", "cashback_type": "Rewards", "merchant_image_url": "https://asset20.ckassets.com/resources/image/stores/amazon-1602658695.png", "offer_type": "Cashback + Coupons", "coupons_count": 0, "secondary_cashback_count": 0, "compared_CKSID": "CKS-Headphones-000378", "compared_sellers_count": 2, "compared_product_name": "JBL C100SI Wired Headphones", "price": {"original_price": "1299.00", "discounted_price": "599.00", "cashback_amount": "0.00", "price_aftercashback": "599.00", "currency": "INR", "discount_percentage": 54}, "key_features": {"Seller": "Amazon", "Brand": "JBL"}}, "relationships": {"products_compared": [{"type": "products", "id": "PPS1-B01DEWVZ2C", "attributes": {"cashback_url": "https://tracking.cashkaro.com/visitproduct/18884/PPS1-B01DEWVZ2C?id=", "product_label": "", "availability": "Yes", "card_type": true, "price": {"original_price": "1299.00", "discounted_price": "599.00", "cashback_amount": "0.00", "price_aftercashback": "599.00", "currency": "INR"}, "product_button_text": "", "product_start_datetime": null, "product_end_datetime": null, "merchant": {"offer_id": "18884", "name": "Amazon Electronics Exclusive", "unique_identifier": "amazon-electronics-exclusive", "cashback_type": "Rewards", "cashback_payment_type": "percent", "offer_type": "Cashback + Coupons", "image_url": "https://asset20.ckassets.com/resources/image/stores/amazon-1602658695.png", "coupons_count": 0, "secondary_cashback_count": 0, "final_terms_condition": "<li>Add Products to your cart / wishlist only after clicking out from CashKaro</li><li>Rewards on Amazon App orders: Yes</li><li>No CashKaro Rewards on transactions through Amazon Business Account</li><li>Your Missing Rewards ticket will be resolved within 10 Days</li>", "report_storename": "Amazon", "app_tracking_enabled_android": 1, "app_tracking_enabled_ios": 1, "is_custom_override_case": 1, "intermediate_page_text": ""}}}, {"type": "products", "id": "PPS4-itmevz2p3zhaptze", "attributes": {"cashback_url": "https://tracking.cashkaro.com/visitproduct/22012/PPS4-itmevz2p3zhaptze?id=", "product_label": "", "availability": "No", "card_type": true, "price": {"original_price": "1299.00", "discounted_price": "1299.00", "cashback_amount": "36.37", "price_aftercashback": "1262.63", "currency": "INR"}, "product_button_text": "", "product_start_datetime": null, "product_end_datetime": null, "merchant": {"offer_id": "22012", "name": "Flipkart Large Appliance MarMap", "unique_identifier": "flipkart-largeapp-marmap", "cashback_type": "Rewards", "cashback_payment_type": "percent", "offer_type": "Cashback only", "image_url": "https://asset20.ckassets.com/resources/image/stores/flipkart-tv-bbd-mapping-1697103111.png", "coupons_count": 0, "secondary_cashback_count": 1, "final_terms_condition": "<li>Add products to your Cart/Wishlist only after clicking out from CashKaro</li><li>Missing Reward Tickets will be resolved within 10 days</li>", "report_storename": "Flipkart", "app_tracking_enabled_android": 1, "app_tracking_enabled_ios": 1, "is_custom_override_case": 1, "intermediate_page_text": ""}}}]}}, {"type": "products", "id": "PPS1-B07KY3FNQP", "attributes": {"name": "boAt Bassheads 152 in Ear Wired Earphones with Mic, Active Black", "card_type": true, "product_label": "", "category_price_starting_from": "", "category_earn_text": "", "category_detail": "", "facets": {"Colour": ["Active Black", "Jazzy Blue", "Maroon Mirage", "Raging Red", "White Pearl"]}, "image_url": "https://m.media-amazon.com/images/W/MEDIAX_792452-T1/images/I/51TRuzlKyvS._SY450_.jpg", "image_urls": {"image_url_1": "https://m.media-amazon.com/images/W/MEDIAX_792452-T1/images/I/51TRuzlKyvS._SY450_.jpg", "image_url_2": "https://m.media-amazon.com/images/W/MEDIAX_792452-T1/images/I/61wSKZBPL8L._SY450_.jpg", "image_url_3": "https://m.media-amazon.com/images/W/MEDIAX_792452-T1/images/I/61pIh+zPE4L._SY450_.jpg", "image_url_4": ""}, "cashback_url": "https://tracking.cashkaro.com/visitproduct/18884/PPS1-B07KY3FNQP?id=", "is_compared": true, "brand": "Boat", "product_button_text": "", "product_start_datetime": null, "product_end_datetime": null, "merchant_offer_id": "18884", "merchant_name": "Amazon Electronics Exclusive", "cashback_type": "Rewards", "merchant_image_url": "https://asset20.ckassets.com/resources/image/stores/amazon-1602658695.png", "offer_type": "Cashback + Coupons", "coupons_count": 0, "secondary_cashback_count": 0, "compared_CKSID": "CKS-Headphones-000443", "compared_sellers_count": 2, "compared_product_name": "boAt Bassheads 152 Wired Earphones", "price": {"original_price": "1290.00", "discounted_price": "499.00", "cashback_amount": "0.00", "price_aftercashback": "499.00", "currency": "INR", "discount_percentage": 61}, "key_features": {"Seller": "Amazon", "Brand": "Boat"}}, "relationships": {"products_compared": [{"type": "products", "id": "PPS1-B07KY3FNQP", "attributes": {"cashback_url": "https://tracking.cashkaro.com/visitproduct/18884/PPS1-B07KY3FNQP?id=", "product_label": "", "availability": "Yes", "card_type": true, "price": {"original_price": "1290.00", "discounted_price": "499.00", "cashback_amount": "0.00", "price_aftercashback": "499.00", "currency": "INR"}, "product_button_text": "", "product_start_datetime": null, "product_end_datetime": null, "merchant": {"offer_id": "18884", "name": "Amazon Electronics Exclusive", "unique_identifier": "amazon-electronics-exclusive", "cashback_type": "Rewards", "cashback_payment_type": "percent", "offer_type": "Cashback + Coupons", "image_url": "https://asset20.ckassets.com/resources/image/stores/amazon-1602658695.png", "coupons_count": 0, "secondary_cashback_count": 0, "final_terms_condition": "<li>Add Products to your cart / wishlist only after clicking out from CashKaro</li><li>Rewards on Amazon App orders: Yes</li><li>No CashKaro Rewards on transactions through Amazon Business Account</li><li>Your Missing Rewards ticket will be resolved within 10 Days</li>", "report_storename": "Amazon", "app_tracking_enabled_android": 1, "app_tracking_enabled_ios": 1, "is_custom_override_case": 1, "intermediate_page_text": ""}}}]}}, {"type": "products", "id": "PPS1-B0CF1M3S6S", "attributes": {"name": "Portronics Conch Tune C in Ear Type C Wired Earphones with Mic, Grey", "card_type": true, "product_label": "", "category_price_starting_from": "", "category_earn_text": "", "category_detail": "", "facets": {"Colour": ["Grey"]}, "image_url": "https://m.media-amazon.com/images/I/41TtXRUzOSL._SX300_SY300_QL70_FMwebp_.jpg", "image_urls": {"image_url_1": "https://m.media-amazon.com/images/I/41TtXRUzOSL._SX300_SY300_QL70_FMwebp_.jpg", "image_url_2": "https://m.media-amazon.com/images/I/61NT9n-5QyL._SX569_.jpg", "image_url_3": "https://m.media-amazon.com/images/I/61RHxCMEM7L._SX569_.jpg", "image_url_4": ""}, "cashback_url": "https://tracking.cashkaro.com/visitproduct/18884/PPS1-B0CF1M3S6S?id=", "is_compared": true, "brand": "Portronics", "product_button_text": "", "product_start_datetime": null, "product_end_datetime": null, "merchant_offer_id": "18884", "merchant_name": "Amazon Electronics Exclusive", "cashback_type": "Rewards", "merchant_image_url": "https://asset20.ckassets.com/resources/image/stores/amazon-1602658695.png", "offer_type": "Cashback + Coupons", "coupons_count": 0, "secondary_cashback_count": 0, "compared_CKSID": "CKS-Headphones-000456", "compared_sellers_count": 2, "compared_product_name": "Portronics Conch Tune C Wired Earphones", "price": {"original_price": "799.00", "discounted_price": "349.00", "cashback_amount": "0.00", "price_aftercashback": "349.00", "currency": "INR", "discount_percentage": 56}, "key_features": {"Seller": "Amazon", "Brand": "Portronics"}}, "relationships": {"products_compared": [{"type": "products", "id": "PPS1-B0CF1M3S6S", "attributes": {"cashback_url": "https://tracking.cashkaro.com/visitproduct/18884/PPS1-B0CF1M3S6S?id=", "product_label": "", "availability": "Yes", "card_type": true, "price": {"original_price": "799.00", "discounted_price": "349.00", "cashback_amount": "0.00", "price_aftercashback": "349.00", "currency": "INR"}, "product_button_text": "", "product_start_datetime": null, "product_end_datetime": null, "merchant": {"offer_id": "18884", "name": "Amazon Electronics Exclusive", "unique_identifier": "amazon-electronics-exclusive", "cashback_type": "Rewards", "cashback_payment_type": "percent", "offer_type": "Cashback + Coupons", "image_url": "https://asset20.ckassets.com/resources/image/stores/amazon-1602658695.png", "coupons_count": 0, "secondary_cashback_count": 0, "final_terms_condition": "<li>Add Products to your cart / wishlist only after clicking out from CashKaro</li><li>Rewards on Amazon App orders: Yes</li><li>No CashKaro Rewards on transactions through Amazon Business Account</li><li>Your Missing Rewards ticket will be resolved within 10 Days</li>", "report_storename": "Amazon", "app_tracking_enabled_android": 1, "app_tracking_enabled_ios": 1, "is_custom_override_case": 1, "intermediate_page_text": ""}}}, {"type": "products", "id": "PPS4-ACCGS8R72CHAX9Y8", "attributes": {"cashback_url": "https://tracking.cashkaro.com/visitproduct/22012/PPS4-ACCGS8R72CHAX9Y8?id=", "product_label": "", "availability": "Yes", "card_type": true, "price": {"original_price": "799.00", "discounted_price": "399.00", "cashback_amount": "11.17", "price_aftercashback": "387.83", "currency": "INR"}, "product_button_text": "", "product_start_datetime": null, "product_end_datetime": null, "merchant": {"offer_id": "22012", "name": "Flipkart Large Appliance MarMap", "unique_identifier": "flipkart-largeapp-marmap", "cashback_type": "Rewards", "cashback_payment_type": "percent", "offer_type": "Cashback only", "image_url": "https://asset20.ckassets.com/resources/image/stores/flipkart-tv-bbd-mapping-1697103111.png", "coupons_count": 0, "secondary_cashback_count": 1, "final_terms_condition": "<li>Add products to your Cart/Wishlist only after clicking out from CashKaro</li><li>Missing Reward Tickets will be resolved within 10 days</li>", "report_storename": "Flipkart", "app_tracking_enabled_android": 1, "app_tracking_enabled_ios": 1, "is_custom_override_case": 1, "intermediate_page_text": ""}}}]}}, {"type": "products", "id": "PPS1-B07T5DKR5D", "attributes": {"name": "Zebronics Zeb-Bro in Ear Wired Earphones with Mic, Black", "card_type": true, "product_label": "", "category_price_starting_from": "", "category_earn_text": "", "category_detail": "", "facets": {"Colour": ["Black", "Blue", "Green", "Red", "White"]}, "image_url": "https://m.media-amazon.com/images/I/31DYx7AhW6L._SL500_.jpg", "image_urls": {"image_url_1": "https://m.media-amazon.com/images/I/31DYx7AhW6L._SL500_.jpg", "image_url_2": "https://m.media-amazon.com/images/I/31cTrkyAf2L._SL500_.jpg", "image_url_3": "https://m.media-amazon.com/images/I/21c9jMRLlkL._SL500_.jpg", "image_url_4": ""}, "cashback_url": "https://tracking.cashkaro.com/visitproduct/18884/PPS1-B07T5DKR5D?id=", "is_compared": true, "brand": "Zebronics", "product_button_text": "", "product_start_datetime": null, "product_end_datetime": null, "merchant_offer_id": "18884", "merchant_name": "Amazon Electronics Exclusive", "cashback_type": "Rewards", "merchant_image_url": "https://asset20.ckassets.com/resources/image/stores/amazon-1602658695.png", "offer_type": "Cashback + Coupons", "coupons_count": 0, "secondary_cashback_count": 0, "compared_CKSID": "CKS-Headphones-000221", "compared_sellers_count": 2, "compared_product_name": "Zebronics Zeb-Bro Wired Earphones", "price": {"original_price": "399.00", "discounted_price": "129.00", "cashback_amount": "0.00", "price_aftercashback": "129.00", "currency": "INR", "discount_percentage": 68}, "key_features": {"Seller": "Amazon", "Brand": "Zebronics", "Technology": "Wired"}}, "relationships": {"products_compared": [{"type": "products", "id": "PPS1-B07T5DKR5D", "attributes": {"cashback_url": "https://tracking.cashkaro.com/visitproduct/18884/PPS1-B07T5DKR5D?id=", "product_label": "", "availability": "Yes", "card_type": true, "price": {"original_price": "399.00", "discounted_price": "129.00", "cashback_amount": "0.00", "price_aftercashback": "129.00", "currency": "INR"}, "product_button_text": "", "product_start_datetime": null, "product_end_datetime": null, "merchant": {"offer_id": "18884", "name": "Amazon Electronics Exclusive", "unique_identifier": "amazon-electronics-exclusive", "cashback_type": "Rewards", "cashback_payment_type": "percent", "offer_type": "Cashback + Coupons", "image_url": "https://asset20.ckassets.com/resources/image/stores/amazon-1602658695.png", "coupons_count": 0, "secondary_cashback_count": 0, "final_terms_condition": "<li>Add Products to your cart / wishlist only after clicking out from CashKaro</li><li>Rewards on Amazon App orders: Yes</li><li>No CashKaro Rewards on transactions through Amazon Business Account</li><li>Your Missing Rewards ticket will be resolved within 10 Days</li>", "report_storename": "Amazon", "app_tracking_enabled_android": 1, "app_tracking_enabled_ios": 1, "is_custom_override_case": 1, "intermediate_page_text": ""}}}, {"type": "products", "id": "PPS4-itm2b73eab620b2c", "attributes": {"cashback_url": "https://tracking.cashkaro.com/visitproduct/22012/PPS4-itm2b73eab620b2c?id=", "product_label": "", "availability": "Yes", "card_type": true, "price": {"original_price": "339.00", "discounted_price": "290.00", "cashback_amount": "8.12", "price_aftercashback": "281.88", "currency": "INR"}, "product_button_text": "", "product_start_datetime": null, "product_end_datetime": null, "merchant": {"offer_id": "22012", "name": "Flipkart Large Appliance MarMap", "unique_identifier": "flipkart-largeapp-marmap", "cashback_type": "Rewards", "cashback_payment_type": "percent", "offer_type": "Cashback only", "image_url": "https://asset20.ckassets.com/resources/image/stores/flipkart-tv-bbd-mapping-1697103111.png", "coupons_count": 0, "secondary_cashback_count": 1, "final_terms_condition": "<li>Add products to your Cart/Wishlist only after clicking out from CashKaro</li><li>Missing Reward Tickets will be resolved within 10 days</li>", "report_storename": "Flipkart", "app_tracking_enabled_android": 1, "app_tracking_enabled_ios": 1, "is_custom_override_case": 1, "intermediate_page_text": ""}}}]}}, {"type": "products", "id": "PPS1-B08YYQ3WFG", "attributes": {"name": "boAt Bassheads 105 Wired in Ear Earphones with Mic, Black", "card_type": true, "product_label": "", "category_price_starting_from": "", "category_earn_text": "", "category_detail": "", "facets": {"Colour": ["Black", "Blue", "Green", "Iguana", "White"]}, "image_url": "https://m.media-amazon.com/images/W/MEDIAX_792452-T1/images/I/311Whu9tWES._SX300_SY300_QL70_FMwebp_.jpg", "image_urls": {"image_url_1": "https://m.media-amazon.com/images/W/MEDIAX_792452-T1/images/I/311Whu9tWES._SX300_SY300_QL70_FMwebp_.jpg", "image_url_2": "https://m.media-amazon.com/images/W/MEDIAX_792452-T1/images/I/71hXqJC0xhL._SY450_.jpg", "image_url_3": "https://m.media-amazon.com/images/W/MEDIAX_792452-T1/images/I/61el6FPiERS._SY450_.jpg", "image_url_4": ""}, "cashback_url": "https://tracking.cashkaro.com/visitproduct/18884/PPS1-B08YYQ3WFG?id=", "is_compared": true, "brand": "Boat", "product_button_text": "", "product_start_datetime": null, "product_end_datetime": null, "merchant_offer_id": "18884", "merchant_name": "Amazon Electronics Exclusive", "cashback_type": "Rewards", "merchant_image_url": "https://asset20.ckassets.com/resources/image/stores/amazon-1602658695.png", "offer_type": "Cashback + Coupons", "coupons_count": 0, "secondary_cashback_count": 0, "compared_CKSID": "CKS-Headphones-000442", "compared_sellers_count": 1, "compared_product_name": "boAt Bassheads 105 Wired Earphones", "price": {"original_price": "999.00", "discounted_price": "399.00", "cashback_amount": "0.00", "price_aftercashback": "399.00", "currency": "INR", "discount_percentage": 60}, "key_features": {"Seller": "Amazon", "Brand": "Boat"}}, "relationships": {"products_compared": [{"type": "products", "id": "PPS1-B08YYQ3WFG", "attributes": {"cashback_url": "https://tracking.cashkaro.com/visitproduct/18884/PPS1-B08YYQ3WFG?id=", "product_label": "", "availability": "Yes", "card_type": true, "price": {"original_price": "999.00", "discounted_price": "399.00", "cashback_amount": "0.00", "price_aftercashback": "399.00", "currency": "INR"}, "product_button_text": "", "product_start_datetime": null, "product_end_datetime": null, "merchant": {"offer_id": "18884", "name": "Amazon Electronics Exclusive", "unique_identifier": "amazon-electronics-exclusive", "cashback_type": "Rewards", "cashback_payment_type": "percent", "offer_type": "Cashback + Coupons", "image_url": "https://asset20.ckassets.com/resources/image/stores/amazon-1602658695.png", "coupons_count": 0, "secondary_cashback_count": 0, "final_terms_condition": "<li>Add Products to your cart / wishlist only after clicking out from CashKaro</li><li>Rewards on Amazon App orders: Yes</li><li>No CashKaro Rewards on transactions through Amazon Business Account</li><li>Your Missing Rewards ticket will be resolved within 10 Days</li>", "report_storename": "Amazon", "app_tracking_enabled_android": 1, "app_tracking_enabled_ios": 1, "is_custom_override_case": 1, "intermediate_page_text": ""}}}]}}, {"type": "products", "id": "PPS108-op-nord-wired-earphones", "attributes": {"name": "OnePlus Nord Wired Earphones, Black", "card_type": true, "product_label": "", "category_price_starting_from": "", "category_earn_text": "", "category_detail": "", "facets": {"Colour": ["Black"]}, "image_url": "https://m.media-amazon.com/images/I/31q-ER88DQL._SX300_SY300_QL70_FMwebp_.jpg", "image_urls": {"image_url_1": "https://m.media-amazon.com/images/I/31q-ER88DQL._SX300_SY300_QL70_FMwebp_.jpg", "image_url_2": "https://m.media-amazon.com/images/I/51JbCkGsh+L._SX679_.jpg", "image_url_3": "https://m.media-amazon.com/images/I/51kHx8WIcwL._SX679_.jpg", "image_url_4": ""}, "cashback_url": "https://tracking.cashkaro.com/visitproduct/16405/PPS108-op-nord-wired-earphones?id=", "is_compared": true, "brand": "OnePlus", "product_button_text": "", "product_start_datetime": null, "product_end_datetime": null, "merchant_offer_id": "16405", "merchant_name": "OnePlus 4", "cashback_type": "Cashback", "merchant_image_url": "https://asset20.ckassets.com/resources/image/stores/oneplus-deals-4-1706765844.png", "offer_type": "Cashback only", "coupons_count": 0, "secondary_cashback_count": 0, "compared_CKSID": "CKS-Headphones-000364", "compared_sellers_count": 4, "compared_product_name": "OnePlus Nord Wired Earphones", "price": {"original_price": "1299.00", "discounted_price": "599.00", "cashback_amount": "3.95", "price_aftercashback": "595.05", "currency": "INR", "discount_percentage": 54}, "key_features": {"Seller": "Oneplus", "Brand": "Oneplus"}}, "relationships": {"products_compared": [{"type": "products", "id": "PPS108-op-nord-wired-earphones", "attributes": {"cashback_url": "https://tracking.cashkaro.com/visitproduct/16405/PPS108-op-nord-wired-earphones?id=", "product_label": "", "availability": "Yes", "card_type": true, "price": {"original_price": "1299.00", "discounted_price": "599.00", "cashback_amount": "3.95", "price_aftercashback": "595.05", "currency": "INR"}, "product_button_text": "", "product_start_datetime": null, "product_end_datetime": null, "merchant": {"offer_id": "16405", "name": "OnePlus 4", "unique_identifier": "oneplus-deals-4", "cashback_type": "Cashback", "cashback_payment_type": "percent", "offer_type": "Cashback only", "image_url": "https://asset20.ckassets.com/resources/image/stores/oneplus-deals-4-1706765844.png", "coupons_count": 0, "secondary_cashback_count": 0, "final_terms_condition": "<li>Oneplus pays us commission in USD hence your Cashback will be calculated in USD and the conversion rate will be taken at \u20b980</li><li>CashKaro Cashback is not applicable if you choose Buy on Amazon option at OnePlus site</li><li>Cashback is applicable 3 times per unique account of CashKaro & OnePlus in one month</li>", "report_storename": "OnePlus", "app_tracking_enabled_android": 0, "app_tracking_enabled_ios": 0, "is_custom_override_case": 0, "intermediate_page_text": ""}}}, {"type": "products", "id": "PPS120-260414", "attributes": {"cashback_url": "https://tracking.cashkaro.com/visitproduct/21265/PPS120-260414?id=", "product_label": "", "availability": "Yes", "card_type": true, "price": {"original_price": "1299.00", "discounted_price": "799.00", "cashback_amount": "15.98", "price_aftercashback": "783.02", "currency": "INR"}, "product_button_text": "", "product_start_datetime": null, "product_end_datetime": null, "merchant": {"offer_id": "21265", "name": "Croma Mapping 16", "unique_identifier": "croma-mapping-dec-16", "cashback_type": "Cashback", "cashback_payment_type": "percent", "offer_type": "Cashback only", "image_url": "https://asset20.ckassets.com/resources/image/stores/croma-mapping-1-1690450623.png", "coupons_count": 0, "secondary_cashback_count": 0, "final_terms_condition": "<li>No Cashback on Smartphones on using Coupon Code</li><li>Cashback on Croma App Orders: Not Applicable</li>", "report_storename": "Croma", "app_tracking_enabled_android": 0, "app_tracking_enabled_ios": 0, "is_custom_override_case": 0, "intermediate_page_text": ""}}}, {"type": "products", "id": "PPS1-B0B937R948", "attributes": {"cashback_url": "https://tracking.cashkaro.com/visitproduct/18884/PPS1-B0B937R948?id=", "product_label": "", "availability": "No", "card_type": true, "price": {"original_price": "1299.00", "discounted_price": "599.00", "cashback_amount": "0.00", "price_aftercashback": "599.00", "currency": "INR"}, "product_button_text": "", "product_start_datetime": null, "product_end_datetime": null, "merchant": {"offer_id": "18884", "name": "Amazon Electronics Exclusive", "unique_identifier": "amazon-electronics-exclusive", "cashback_type": "Rewards", "cashback_payment_type": "percent", "offer_type": "Cashback + Coupons", "image_url": "https://asset20.ckassets.com/resources/image/stores/amazon-1602658695.png", "coupons_count": 0, "secondary_cashback_count": 0, "final_terms_condition": "<li>Add Products to your cart / wishlist only after clicking out from CashKaro</li><li>Rewards on Amazon App orders: Yes</li><li>No CashKaro Rewards on transactions through Amazon Business Account</li><li>Your Missing Rewards ticket will be resolved within 10 Days</li>", "report_storename": "Amazon", "app_tracking_enabled_android": 1, "app_tracking_enabled_ios": 1, "is_custom_override_case": 1, "intermediate_page_text": ""}}}, {"type": "products", "id": "PPS4-itma501c9129a558", "attributes": {"cashback_url": "https://tracking.cashkaro.com/visitproduct/22012/PPS4-itma501c9129a558?id=", "product_label": "", "availability": "No", "card_type": true, "price": {"original_price": "1299.00", "discounted_price": "1299.00", "cashback_amount": "36.37", "price_aftercashback": "1262.63", "currency": "INR"}, "product_button_text": "", "product_start_datetime": null, "product_end_datetime": null, "merchant": {"offer_id": "22012", "name": "Flipkart Large Appliance MarMap", "unique_identifier": "flipkart-largeapp-marmap", "cashback_type": "Rewards", "cashback_payment_type": "percent", "offer_type": "Cashback only", "image_url": "https://asset20.ckassets.com/resources/image/stores/flipkart-tv-bbd-mapping-1697103111.png", "coupons_count": 0, "secondary_cashback_count": 1, "final_terms_condition": "<li>Add products to your Cart/Wishlist only after clicking out from CashKaro</li><li>Missing Reward Tickets will be resolved within 10 days</li>", "report_storename": "Flipkart", "app_tracking_enabled_android": 1, "app_tracking_enabled_ios": 1, "is_custom_override_case": 1, "intermediate_page_text": ""}}}]}}, {"type": "products", "id": "PPS1-B082MD4VBP", "attributes": {"name": "Infinity - JBL Glide N120, in Ear Wireless Earphones with Mic, Neckband, Black & Red", "card_type": true, "product_label": "", "category_price_starting_from": "", "category_earn_text": "", "category_detail": "", "facets": {"Colour": ["Black/Red", "Black/Yellow", "Black & Red", "Black & Yellow"]}, "image_url": "https://m.media-amazon.com/images/I/51Pvn6341QL._SX569_.jpg", "image_urls": {"image_url_1": "https://m.media-amazon.com/images/I/51Pvn6341QL._SX569_.jpg", "image_url_2": "https://m.media-amazon.com/images/I/61PQq6ghK+L._SX569_.jpg", "image_url_3": "https://m.media-amazon.com/images/I/71EPqvUDdWL._SX569_.jpg", "image_url_4": ""}, "cashback_url": "https://tracking.cashkaro.com/visitproduct/18884/PPS1-B082MD4VBP?id=", "is_compared": true, "brand": "JBL", "product_button_text": "", "product_start_datetime": null, "product_end_datetime": null, "merchant_offer_id": "18884", "merchant_name": "Amazon Electronics Exclusive", "cashback_type": "Rewards", "merchant_image_url": "https://asset20.ckassets.com/resources/image/stores/amazon-1602658695.png", "offer_type": "Cashback + Coupons", "coupons_count": 0, "secondary_cashback_count": 0, "compared_CKSID": "CKS-Headphones-000047", "compared_sellers_count": 2, "compared_product_name": "Infinity by JBL Glide 120 Metal Wireless Neckband", "price": {"original_price": "3499.00", "discounted_price": "899.00", "cashback_amount": "0.00", "price_aftercashback": "899.00", "currency": "INR", "discount_percentage": 74}, "key_features": {"Seller": "Amazon", "Brand": "JBL", "Technology": "Bluetooth"}}, "relationships": {"products_compared": [{"type": "products", "id": "PPS1-B0BFRSC84C", "attributes": {"cashback_url": "https://tracking.cashkaro.com/visitproduct/18884/PPS1-B0BFRSC84C?id=", "product_label": "", "availability": "Yes", "card_type": true, "price": {"original_price": "2999.00", "discounted_price": "999.00", "cashback_amount": "0.00", "price_aftercashback": "999.00", "currency": "INR"}, "product_button_text": "", "product_start_datetime": null, "product_end_datetime": null, "merchant": {"offer_id": "18884", "name": "Amazon Electronics Exclusive", "unique_identifier": "amazon-electronics-exclusive", "cashback_type": "Rewards", "cashback_payment_type": "percent", "offer_type": "Cashback + Coupons", "image_url": "https://asset20.ckassets.com/resources/image/stores/amazon-1602658695.png", "coupons_count": 0, "secondary_cashback_count": 0, "final_terms_condition": "<li>Add Products to your cart / wishlist only after clicking out from CashKaro</li><li>Rewards on Amazon App orders: Yes</li><li>No CashKaro Rewards on transactions through Amazon Business Account</li><li>Your Missing Rewards ticket will be resolved within 10 Days</li>", "report_storename": "Amazon", "app_tracking_enabled_android": 1, "app_tracking_enabled_ios": 1, "is_custom_override_case": 1, "intermediate_page_text": ""}}}, {"type": "products", "id": "PPS4-itmf8f83c06752d8", "attributes": {"cashback_url": "https://tracking.cashkaro.com/visitproduct/22012/PPS4-itmf8f83c06752d8?id=", "product_label": "", "availability": "No", "card_type": true, "price": {"original_price": "3999.00", "discounted_price": "1341.00", "cashback_amount": "37.55", "price_aftercashback": "1303.45", "currency": "INR"}, "product_button_text": "", "product_start_datetime": null, "product_end_datetime": null, "merchant": {"offer_id": "22012", "name": "Flipkart Large Appliance MarMap", "unique_identifier": "flipkart-largeapp-marmap", "cashback_type": "Rewards", "cashback_payment_type": "percent", "offer_type": "Cashback only", "image_url": "https://asset20.ckassets.com/resources/image/stores/flipkart-tv-bbd-mapping-1697103111.png", "coupons_count": 0, "secondary_cashback_count": 1, "final_terms_condition": "<li>Add products to your Cart/Wishlist only after clicking out from CashKaro</li><li>Missing Reward Tickets will be resolved within 10 days</li>", "report_storename": "Flipkart", "app_tracking_enabled_android": 1, "app_tracking_enabled_ios": 1, "is_custom_override_case": 1, "intermediate_page_text": ""}}}]}}, {"type": "products", "id": "PPS4-ACCFHWT5S8XUNWT7", "attributes": {"name": "Boult Audio BassBuds X1 in-Ear Wired Earphones, Black", "card_type": true, "product_label": "", "category_price_starting_from": "", "category_earn_text": "", "category_detail": "", "facets": {"Colour": ["Black", "Blue", "Red"]}, "image_url": "https://asset20.ckassets.com/resources/image/ckseller/CKS-Headphones-000145_1-1626439704.jpg", "image_urls": {"image_url_1": "https://asset20.ckassets.com/resources/image/ckseller/CKS-Headphones-000145_1-1626439704.jpg", "image_url_2": "https://asset20.ckassets.com/resources/image/ckseller/CKS-Headphones-000145_2-1626439710.jpg", "image_url_3": "https://asset20.ckassets.com/resources/image/ckseller/CKS-Headphones-000145_3-1626439710.jpg", "image_url_4": ""}, "cashback_url": "https://tracking.cashkaro.com/visitproduct/22012/PPS4-ACCFHWT5S8XUNWT7?id=", "is_compared": true, "brand": "Boult Audio", "product_button_text": "", "product_start_datetime": null, "product_end_datetime": null, "merchant_offer_id": "22012", "merchant_name": "Flipkart Large Appliance MarMap", "cashback_type": "Rewards", "merchant_image_url": "https://asset20.ckassets.com/resources/image/stores/flipkart-tv-bbd-mapping-1697103111.png", "offer_type": "Cashback only", "coupons_count": 0, "secondary_cashback_count": 1, "compared_CKSID": "CKS-Headphones-000145", "compared_sellers_count": 4, "compared_product_name": "Boult Audio BassBuds X1 Wired Earphones", "price": {"original_price": "999.00", "discounted_price": "349.00", "cashback_amount": "9.77", "price_aftercashback": "339.23", "currency": "INR", "discount_percentage": 65}, "key_features": {"Seller": "Flipkart", "Brand": "Boult", "Technology": "Wired"}}, "relationships": {"products_compared": [{"type": "products", "id": "PPS4-itmb985f93455bba", "attributes": {"cashback_url": "https://tracking.cashkaro.com/visitproduct/22012/PPS4-itmb985f93455bba?id=", "product_label": "", "availability": "Yes", "card_type": true, "price": {"original_price": "999.00", "discounted_price": "349.00", "cashback_amount": "9.77", "price_aftercashback": "339.23", "currency": "INR"}, "product_button_text": "", "product_start_datetime": null, "product_end_datetime": null, "merchant": {"offer_id": "22012", "name": "Flipkart Large Appliance MarMap", "unique_identifier": "flipkart-largeapp-marmap", "cashback_type": "Rewards", "cashback_payment_type": "percent", "offer_type": "Cashback only", "image_url": "https://asset20.ckassets.com/resources/image/stores/flipkart-tv-bbd-mapping-1697103111.png", "coupons_count": 0, "secondary_cashback_count": 1, "final_terms_condition": "<li>Add products to your Cart/Wishlist only after clicking out from CashKaro</li><li>Missing Reward Tickets will be resolved within 10 days</li>", "report_storename": "Flipkart", "app_tracking_enabled_android": 1, "app_tracking_enabled_ios": 1, "is_custom_override_case": 1, "intermediate_page_text": ""}}}, {"type": "products", "id": "PPS120-251364", "attributes": {"cashback_url": "https://tracking.cashkaro.com/visitproduct/21265/PPS120-251364?id=", "product_label": "", "availability": "Yes", "card_type": true, "price": {"original_price": "999.00", "discounted_price": "349.00", "cashback_amount": "6.98", "price_aftercashback": "342.02", "currency": "INR"}, "product_button_text": "", "product_start_datetime": null, "product_end_datetime": null, "merchant": {"offer_id": "21265", "name": "Croma Mapping 16", "unique_identifier": "croma-mapping-dec-16", "cashback_type": "Cashback", "cashback_payment_type": "percent", "offer_type": "Cashback only", "image_url": "https://asset20.ckassets.com/resources/image/stores/croma-mapping-1-1690450623.png", "coupons_count": 0, "secondary_cashback_count": 0, "final_terms_condition": "<li>No Cashback on Smartphones on using Coupon Code</li><li>Cashback on Croma App Orders: Not Applicable</li>", "report_storename": "Croma", "app_tracking_enabled_android": 0, "app_tracking_enabled_ios": 0, "is_custom_override_case": 0, "intermediate_page_text": ""}}}, {"type": "products", "id": "PPS1-B07TCN5VR9", "attributes": {"cashback_url": "https://tracking.cashkaro.com/visitproduct/18884/PPS1-B07TCN5VR9?id=", "product_label": "", "availability": "Yes", "card_type": true, "price": {"original_price": "999.00", "discounted_price": "349.00", "cashback_amount": "0.00", "price_aftercashback": "349.00", "currency": "INR"}, "product_button_text": "", "product_start_datetime": null, "product_end_datetime": null, "merchant": {"offer_id": "18884", "name": "Amazon Electronics Exclusive", "unique_identifier": "amazon-electronics-exclusive", "cashback_type": "Rewards", "cashback_payment_type": "percent", "offer_type": "Cashback + Coupons", "image_url": "https://asset20.ckassets.com/resources/image/stores/amazon-1602658695.png", "coupons_count": 0, "secondary_cashback_count": 0, "final_terms_condition": "<li>Add Products to your cart / wishlist only after clicking out from CashKaro</li><li>Rewards on Amazon App orders: Yes</li><li>No CashKaro Rewards on transactions through Amazon Business Account</li><li>Your Missing Rewards ticket will be resolved within 10 Days</li>", "report_storename": "Amazon", "app_tracking_enabled_android": 1, "app_tracking_enabled_ios": 1, "is_custom_override_case": 1, "intermediate_page_text": ""}}}, {"type": "products", "id": "PPS16-13554352", "attributes": {"cashback_url": "https://tracking.cashkaro.com/visitproduct/16825/PPS16-13554352?id=", "product_label": "", "availability": "No", "card_type": true, "price": {"original_price": "999.00", "discounted_price": "999.00", "cashback_amount": "59.94", "price_aftercashback": "939.06", "currency": "INR"}, "product_button_text": "", "product_start_datetime": null, "product_end_datetime": null, "merchant": {"offer_id": "16825", "name": "Myntra", "unique_identifier": "myntra", "cashback_type": "Cashback", "cashback_payment_type": "percent", "offer_type": "Cashback + Coupons", "image_url": "https://asset20.ckassets.com/resources/image/stores/myntra-1632828693.png", "coupons_count": 0, "secondary_cashback_count": 1, "final_terms_condition": "<li>Cashback is calculated on order amount excluding what is paid via wallets credits or gift vouchers</li>", "report_storename": "Myntra", "app_tracking_enabled_android": 0, "app_tracking_enabled_ios": 0, "is_custom_override_case": 1, "intermediate_page_text": ""}}}]}}, {"type": "products", "id": "PPS4-ACCGRMGFHDCNK3NQ", "attributes": {"name": "Boult Audio X1 Pro Wired Earphones with Type-C Port, earphones wired with mic, Black", "card_type": true, "product_label": "", "category_price_starting_from": "", "category_earn_text": "", "category_detail": "", "facets": {"Colour": ["Black", "Blue"]}, "image_url": "https://m.media-amazon.com/images/I/41mPUrv7+zL._SY300_SX300_.jpg", "image_urls": {"image_url_1": "https://m.media-amazon.com/images/I/41mPUrv7+zL._SY300_SX300_.jpg", "image_url_2": "https://m.media-amazon.com/images/I/81QnN-sngiL._SX569_.jpg", "image_url_3": "https://m.media-amazon.com/images/I/81Z-oLj0DRL._SX569_.jpg", "image_url_4": ""}, "cashback_url": "https://tracking.cashkaro.com/visitproduct/22012/PPS4-ACCGRMGFHDCNK3NQ?id=", "is_compared": true, "brand": "Boult", "product_button_text": "", "product_start_datetime": null, "product_end_datetime": null, "merchant_offer_id": "22012", "merchant_name": "Flipkart Large Appliance MarMap", "cashback_type": "Rewards", "merchant_image_url": "https://asset20.ckassets.com/resources/image/stores/flipkart-tv-bbd-mapping-1697103111.png", "offer_type": "Cashback only", "coupons_count": 0, "secondary_cashback_count": 1, "compared_CKSID": "CKS-Headphones-000448", "compared_sellers_count": 2, "compared_product_name": "Boult Audio X1 Pro Wired Earphones", "price": {"original_price": "999.00", "discounted_price": "449.00", "cashback_amount": "12.57", "price_aftercashback": "436.43", "currency": "INR", "discount_percentage": 55}, "key_features": {"Seller": "Flipkart", "Brand": "Boult"}}, "relationships": {"products_compared": [{"type": "products", "id": "PPS4-ACCGRKA8YN7HKPAA", "attributes": {"cashback_url": "https://tracking.cashkaro.com/visitproduct/22012/PPS4-ACCGRKA8YN7HKPAA?id=", "product_label": "", "availability": "Yes", "card_type": true, "price": {"original_price": "999.00", "discounted_price": "449.00", "cashback_amount": "12.57", "price_aftercashback": "436.43", "currency": "INR"}, "product_button_text": "", "product_start_datetime": null, "product_end_datetime": null, "merchant": {"offer_id": "22012", "name": "Flipkart Large Appliance MarMap", "unique_identifier": "flipkart-largeapp-marmap", "cashback_type": "Rewards", "cashback_payment_type": "percent", "offer_type": "Cashback only", "image_url": "https://asset20.ckassets.com/resources/image/stores/flipkart-tv-bbd-mapping-1697103111.png", "coupons_count": 0, "secondary_cashback_count": 1, "final_terms_condition": "<li>Add products to your Cart/Wishlist only after clicking out from CashKaro</li><li>Missing Reward Tickets will be resolved within 10 days</li>", "report_storename": "Flipkart", "app_tracking_enabled_android": 1, "app_tracking_enabled_ios": 1, "is_custom_override_case": 1, "intermediate_page_text": ""}}}, {"type": "products", "id": "PPS1-B0CC2DP26M", "attributes": {"cashback_url": "https://tracking.cashkaro.com/visitproduct/18884/PPS1-B0CC2DP26M?id=", "product_label": "", "availability": "No", "card_type": true, "price": {"original_price": "999.00", "discounted_price": "499.00", "cashback_amount": "0.00", "price_aftercashback": "499.00", "currency": "INR"}, "product_button_text": "", "product_start_datetime": null, "product_end_datetime": null, "merchant": {"offer_id": "18884", "name": "Amazon Electronics Exclusive", "unique_identifier": "amazon-electronics-exclusive", "cashback_type": "Rewards", "cashback_payment_type": "percent", "offer_type": "Cashback + Coupons", "image_url": "https://asset20.ckassets.com/resources/image/stores/amazon-1602658695.png", "coupons_count": 0, "secondary_cashback_count": 0, "final_terms_condition": "<li>Add Products to your cart / wishlist only after clicking out from CashKaro</li><li>Rewards on Amazon App orders: Yes</li><li>No CashKaro Rewards on transactions through Amazon Business Account</li><li>Your Missing Rewards ticket will be resolved within 10 Days</li>", "report_storename": "Amazon", "app_tracking_enabled_android": 1, "app_tracking_enabled_ios": 1, "is_custom_override_case": 1, "intermediate_page_text": ""}}}]}}, {"type": "products", "id": "PPS120-302434", "attributes": {"name": "Philips Audio TAE1107BK Wired in-Ear Earphones with Built in Mic, Black", "card_type": true, "product_label": "", "category_price_starting_from": "", "category_earn_text": "", "category_detail": "", "facets": {"Colour": ["Black"]}, "image_url": "https://rukminim2.flixcart.com/image/416/416/xif0q/headphone/8/u/t/audio-tae1107bk-philips-original-imagzsagewjxha4g.jpeg?q=70", "image_urls": {"image_url_1": "https://rukminim2.flixcart.com/image/416/416/xif0q/headphone/8/u/t/audio-tae1107bk-philips-original-imagzsagewjxha4g.jpeg?q=70", "image_url_2": "https://rukminim2.flixcart.com/image/416/416/xif0q/headphone/r/o/v/audio-tae1107bk-philips-original-imagzsagpf27e7hy.jpeg?q=70", "image_url_3": "https://rukminim2.flixcart.com/image/416/416/xif0q/headphone/k/1/p/audio-tae1107bk-philips-original-imagzsagwczzxxtx.jpeg?q=70", "image_url_4": ""}, "cashback_url": "https://tracking.cashkaro.com/visitproduct/21265/PPS120-302434?id=", "is_compared": true, "brand": "Philips", "product_button_text": "", "product_start_datetime": null, "product_end_datetime": null, "merchant_offer_id": "21265", "merchant_name": "Croma Mapping 16", "cashback_type": "Cashback", "merchant_image_url": "https://asset20.ckassets.com/resources/image/stores/croma-mapping-1-1690450623.png", "offer_type": "Cashback only", "coupons_count": 0, "secondary_cashback_count": 0, "compared_CKSID": "CKS-Headphones-000454", "compared_sellers_count": 3, "compared_product_name": "Philips Audio TAE1107BK Wired Earphones", "price": {"original_price": "399.00", "discounted_price": "349.00", "cashback_amount": "6.98", "price_aftercashback": "342.02", "currency": "INR", "discount_percentage": 13}, "key_features": {"Seller": "Flipkart", "Brand": "Philips"}}, "relationships": {"products_compared": [{"type": "products", "id": "PPS120-302434", "attributes": {"cashback_url": "https://tracking.cashkaro.com/visitproduct/21265/PPS120-302434?id=", "product_label": "", "availability": "Yes", "card_type": true, "price": {"original_price": "399.00", "discounted_price": "349.00", "cashback_amount": "6.98", "price_aftercashback": "342.02", "currency": "INR"}, "product_button_text": "", "product_start_datetime": null, "product_end_datetime": null, "merchant": {"offer_id": "21265", "name": "Croma Mapping 16", "unique_identifier": "croma-mapping-dec-16", "cashback_type": "Cashback", "cashback_payment_type": "percent", "offer_type": "Cashback only", "image_url": "https://asset20.ckassets.com/resources/image/stores/croma-mapping-1-1690450623.png", "coupons_count": 0, "secondary_cashback_count": 0, "final_terms_condition": "<li>No Cashback on Smartphones on using Coupon Code</li><li>Cashback on Croma App Orders: Not Applicable</li>", "report_storename": "Croma", "app_tracking_enabled_android": 0, "app_tracking_enabled_ios": 0, "is_custom_override_case": 0, "intermediate_page_text": ""}}}, {"type": "products", "id": "PPS1-B0BNFJB18B", "attributes": {"cashback_url": "https://tracking.cashkaro.com/visitproduct/18884/PPS1-B0BNFJB18B?id=", "product_label": "", "availability": "Yes", "card_type": true, "price": {"original_price": "399.00", "discounted_price": "379.00", "cashback_amount": "0.00", "price_aftercashback": "379.00", "currency": "INR"}, "product_button_text": "", "product_start_datetime": null, "product_end_datetime": null, "merchant": {"offer_id": "18884", "name": "Amazon Electronics Exclusive", "unique_identifier": "amazon-electronics-exclusive", "cashback_type": "Rewards", "cashback_payment_type": "percent", "offer_type": "Cashback + Coupons", "image_url": "https://asset20.ckassets.com/resources/image/stores/amazon-1602658695.png", "coupons_count": 0, "secondary_cashback_count": 0, "final_terms_condition": "<li>Add Products to your cart / wishlist only after clicking out from CashKaro</li><li>Rewards on Amazon App orders: Yes</li><li>No CashKaro Rewards on transactions through Amazon Business Account</li><li>Your Missing Rewards ticket will be resolved within 10 Days</li>", "report_storename": "Amazon", "app_tracking_enabled_android": 1, "app_tracking_enabled_ios": 1, "is_custom_override_case": 1, "intermediate_page_text": ""}}}, {"type": "products", "id": "PPS4-itm582636a5bfa08", "attributes": {"cashback_url": "https://tracking.cashkaro.com/visitproduct/22012/PPS4-itm582636a5bfa08?id=", "product_label": "", "availability": "No", "card_type": true, "price": {"original_price": "399.00", "discounted_price": "349.00", "cashback_amount": "9.77", "price_aftercashback": "339.23", "currency": "INR"}, "product_button_text": "", "product_start_datetime": null, "product_end_datetime": null, "merchant": {"offer_id": "22012", "name": "Flipkart Large Appliance MarMap", "unique_identifier": "flipkart-largeapp-marmap", "cashback_type": "Rewards", "cashback_payment_type": "percent", "offer_type": "Cashback only", "image_url": "https://asset20.ckassets.com/resources/image/stores/flipkart-tv-bbd-mapping-1697103111.png", "coupons_count": 0, "secondary_cashback_count": 1, "final_terms_condition": "<li>Add products to your Cart/Wishlist only after clicking out from CashKaro</li><li>Missing Reward Tickets will be resolved within 10 days</li>", "report_storename": "Flipkart", "app_tracking_enabled_android": 1, "app_tracking_enabled_ios": 1, "is_custom_override_case": 1, "intermediate_page_text": ""}}}]}}, {"type": "products", "id": "PPS1-B09SGBBM47", "attributes": {"name": "Zebronics Zeb-Buds 30 3.5mm Stereo Wired in Ear Earphone with Mic, Black", "card_type": true, "product_label": "", "category_price_starting_from": "", "category_earn_text": "", "category_detail": "", "facets": {"Colour": ["Black", "White", "Blue", "Red"]}, "image_url": "https://m.media-amazon.com/images/I/31+NCWA98yL._SY300_SX300_.jpg", "image_urls": {"image_url_1": "https://m.media-amazon.com/images/I/31+NCWA98yL._SY300_SX300_.jpg", "image_url_2": "https://m.media-amazon.com/images/I/71LGBpqqV6L._SY450_.jpg", "image_url_3": "https://m.media-amazon.com/images/I/71J7szJLzuL._SY450_.jpg", "image_url_4": ""}, "cashback_url": "https://tracking.cashkaro.com/visitproduct/18884/PPS1-B09SGBBM47?id=", "is_compared": true, "brand": "Zebronics", "product_button_text": "", "product_start_datetime": null, "product_end_datetime": null, "merchant_offer_id": "18884", "merchant_name": "Amazon Electronics Exclusive", "cashback_type": "Rewards", "merchant_image_url": "https://asset20.ckassets.com/resources/image/stores/amazon-1602658695.png", "offer_type": "Cashback + Coupons", "coupons_count": 0, "secondary_cashback_count": 0, "compared_CKSID": "CKS-Headphones-000464", "compared_sellers_count": 2, "compared_product_name": "Zebronics Zeb Buds 30 Wired Earphone", "price": {"original_price": "499.00", "discounted_price": "199.00", "cashback_amount": "0.00", "price_aftercashback": "199.00", "currency": "INR", "discount_percentage": 60}, "key_features": {"Seller": "Amazon", "Brand": "Zebronics"}}, "relationships": {"products_compared": [{"type": "products", "id": "PPS1-B09SGBBM47", "attributes": {"cashback_url": "https://tracking.cashkaro.com/visitproduct/18884/PPS1-B09SGBBM47?id=", "product_label": "", "availability": "Yes", "card_type": true, "price": {"original_price": "499.00", "discounted_price": "199.00", "cashback_amount": "0.00", "price_aftercashback": "199.00", "currency": "INR"}, "product_button_text": "", "product_start_datetime": null, "product_end_datetime": null, "merchant": {"offer_id": "18884", "name": "Amazon Electronics Exclusive", "unique_identifier": "amazon-electronics-exclusive", "cashback_type": "Rewards", "cashback_payment_type": "percent", "offer_type": "Cashback + Coupons", "image_url": "https://asset20.ckassets.com/resources/image/stores/amazon-1602658695.png", "coupons_count": 0, "secondary_cashback_count": 0, "final_terms_condition": "<li>Add Products to your cart / wishlist only after clicking out from CashKaro</li><li>Rewards on Amazon App orders: Yes</li><li>No CashKaro Rewards on transactions through Amazon Business Account</li><li>Your Missing Rewards ticket will be resolved within 10 Days</li>", "report_storename": "Amazon", "app_tracking_enabled_android": 1, "app_tracking_enabled_ios": 1, "is_custom_override_case": 1, "intermediate_page_text": ""}}}, {"type": "products", "id": "PPS4-ACCGNFUTUJKQZYAT", "attributes": {"cashback_url": "https://tracking.cashkaro.com/visitproduct/22012/PPS4-ACCGNFUTUJKQZYAT?id=", "product_label": "", "availability": "Yes", "card_type": true, "price": {"original_price": "499.00", "discounted_price": "399.00", "cashback_amount": "11.17", "price_aftercashback": "387.83", "currency": "INR"}, "product_button_text": "", "product_start_datetime": null, "product_end_datetime": null, "merchant": {"offer_id": "22012", "name": "Flipkart Large Appliance MarMap", "unique_identifier": "flipkart-largeapp-marmap", "cashback_type": "Rewards", "cashback_payment_type": "percent", "offer_type": "Cashback only", "image_url": "https://asset20.ckassets.com/resources/image/stores/flipkart-tv-bbd-mapping-1697103111.png", "coupons_count": 0, "secondary_cashback_count": 1, "final_terms_condition": "<li>Add products to your Cart/Wishlist only after clicking out from CashKaro</li><li>Missing Reward Tickets will be resolved within 10 days</li>", "report_storename": "Flipkart", "app_tracking_enabled_android": 1, "app_tracking_enabled_ios": 1, "is_custom_override_case": 1, "intermediate_page_text": ""}}}]}}, {"type": "products", "id": "PPS120-253058", "attributes": {"name": "Philips Audio TAE1126 Wired in Ear Earphones with mic, Black", "card_type": true, "product_label": "", "category_price_starting_from": "", "category_earn_text": "", "category_detail": "", "facets": {"Colour": ["Black"]}, "image_url": "https://m.media-amazon.com/images/I/31WdkouZGBL._SY300_SX300_QL70_FMwebp_.jpg", "image_urls": {"image_url_1": "https://m.media-amazon.com/images/I/31WdkouZGBL._SY300_SX300_QL70_FMwebp_.jpg", "image_url_2": "https://m.media-amazon.com/images/I/51GZUHYWcMS._SX569_.jpg", "image_url_3": "https://m.media-amazon.com/images/I/71r3BBRmAAS._SX569_.jpg", "image_url_4": ""}, "cashback_url": "https://tracking.cashkaro.com/visitproduct/21265/PPS120-253058?id=", "is_compared": true, "brand": "Philips", "product_button_text": "", "product_start_datetime": null, "product_end_datetime": null, "merchant_offer_id": "21265", "merchant_name": "Croma Mapping 16", "cashback_type": "Cashback", "merchant_image_url": "https://asset20.ckassets.com/resources/image/stores/croma-mapping-1-1690450623.png", "offer_type": "Cashback only", "coupons_count": 0, "secondary_cashback_count": 0, "compared_CKSID": "CKS-Headphones-000455", "compared_sellers_count": 3, "compared_product_name": "Philips Audio TAE1126 Wired Earphones", "price": {"original_price": "699.00", "discounted_price": "274.00", "cashback_amount": "5.48", "price_aftercashback": "268.52", "currency": "INR", "discount_percentage": 61}, "key_features": {"Seller": "Flipkart", "Brand": "Philips"}}, "relationships": {"products_compared": [{"type": "products", "id": "PPS120-253058", "attributes": {"cashback_url": "https://tracking.cashkaro.com/visitproduct/21265/PPS120-253058?id=", "product_label": "", "availability": "Yes", "card_type": true, "price": {"original_price": "699.00", "discounted_price": "274.00", "cashback_amount": "5.48", "price_aftercashback": "268.52", "currency": "INR"}, "product_button_text": "", "product_start_datetime": null, "product_end_datetime": null, "merchant": {"offer_id": "21265", "name": "Croma Mapping 16", "unique_identifier": "croma-mapping-dec-16", "cashback_type": "Cashback", "cashback_payment_type": "percent", "offer_type": "Cashback only", "image_url": "https://asset20.ckassets.com/resources/image/stores/croma-mapping-1-1690450623.png", "coupons_count": 0, "secondary_cashback_count": 0, "final_terms_condition": "<li>No Cashback on Smartphones on using Coupon Code</li><li>Cashback on Croma App Orders: Not Applicable</li>", "report_storename": "Croma", "app_tracking_enabled_android": 0, "app_tracking_enabled_ios": 0, "is_custom_override_case": 0, "intermediate_page_text": ""}}}, {"type": "products", "id": "PPS1-B092HMD4Q7", "attributes": {"cashback_url": "https://tracking.cashkaro.com/visitproduct/18884/PPS1-B092HMD4Q7?id=", "product_label": "", "availability": "Yes", "card_type": true, "price": {"original_price": "699.00", "discounted_price": "475.00", "cashback_amount": "0.00", "price_aftercashback": "475.00", "currency": "INR"}, "product_button_text": "", "product_start_datetime": null, "product_end_datetime": null, "merchant": {"offer_id": "18884", "name": "Amazon Electronics Exclusive", "unique_identifier": "amazon-electronics-exclusive", "cashback_type": "Rewards", "cashback_payment_type": "percent", "offer_type": "Cashback + Coupons", "image_url": "https://asset20.ckassets.com/resources/image/stores/amazon-1602658695.png", "coupons_count": 0, "secondary_cashback_count": 0, "final_terms_condition": "<li>Add Products to your cart / wishlist only after clicking out from CashKaro</li><li>Rewards on Amazon App orders: Yes</li><li>No CashKaro Rewards on transactions through Amazon Business Account</li><li>Your Missing Rewards ticket will be resolved within 10 Days</li>", "report_storename": "Amazon", "app_tracking_enabled_android": 1, "app_tracking_enabled_ios": 1, "is_custom_override_case": 1, "intermediate_page_text": ""}}}, {"type": "products", "id": "PPS4-itmac657174b23ee", "attributes": {"cashback_url": "https://tracking.cashkaro.com/visitproduct/22012/PPS4-itmac657174b23ee?id=", "product_label": "", "availability": "No", "card_type": true, "price": {"original_price": "399.00", "discounted_price": "272.00", "cashback_amount": "7.62", "price_aftercashback": "264.38", "currency": "INR"}, "product_button_text": "", "product_start_datetime": null, "product_end_datetime": null, "merchant": {"offer_id": "22012", "name": "Flipkart Large Appliance MarMap", "unique_identifier": "flipkart-largeapp-marmap", "cashback_type": "Rewards", "cashback_payment_type": "percent", "offer_type": "Cashback only", "image_url": "https://asset20.ckassets.com/resources/image/stores/flipkart-tv-bbd-mapping-1697103111.png", "coupons_count": 0, "secondary_cashback_count": 1, "final_terms_condition": "<li>Add products to your Cart/Wishlist only after clicking out from CashKaro</li><li>Missing Reward Tickets will be resolved within 10 days</li>", "report_storename": "Flipkart", "app_tracking_enabled_android": 1, "app_tracking_enabled_ios": 1, "is_custom_override_case": 1, "intermediate_page_text": ""}}}]}}, {"type": "products", "id": "PPS280-40527921676357", "attributes": {"name": "Boult Audio Probass Curve ANC Bluetooth Wireless in Ear Earphones, Black", "card_type": true, "product_label": "", "category_price_starting_from": "", "category_earn_text": "", "category_detail": "", "facets": {"Colour": ["Black", "Green"]}, "image_url": "https://m.media-amazon.com/images/I/31JApOyKloL._SL500_.jpg", "image_urls": {"image_url_1": "https://m.media-amazon.com/images/I/31JApOyKloL._SL500_.jpg", "image_url_2": "https://m.media-amazon.com/images/I/51mp7+oCCTL._SL500_.jpg", "image_url_3": "https://m.media-amazon.com/images/I/41qlUVd2wjL._SL500_.jpg", "image_url_4": ""}, "cashback_url": "https://tracking.cashkaro.com/visitproduct/19312/PPS280-40527921676357?id=", "is_compared": true, "brand": "Boult Audio", "product_button_text": "", "product_start_datetime": null, "product_end_datetime": null, "merchant_offer_id": "19312", "merchant_name": "Boult Audio", "cashback_type": "Cashback", "merchant_image_url": "https://asset20.ckassets.com/resources/image/stores/boult-audio-coupons-1679997972.png", "offer_type": "Cashback + Coupons", "coupons_count": 0, "secondary_cashback_count": 0, "compared_CKSID": "CKS-Headphones-000385", "compared_sellers_count": 2, "compared_product_name": "Boult Audio Probass Curve Wireless Neckband With ANC", "price": {"original_price": "5499.00", "discounted_price": "1499.00", "cashback_amount": "89.94", "price_aftercashback": "1409.06", "currency": "INR", "discount_percentage": 73}, "key_features": {"Seller": "Vajor", "Brand": "Boult"}}, "relationships": {"products_compared": [{"type": "products", "id": "PPS280-40527918825541", "attributes": {"cashback_url": "https://tracking.cashkaro.com/visitproduct/19312/PPS280-40527918825541?id=", "product_label": "", "availability": "Yes", "card_type": true, "price": {"original_price": "5499.00", "discounted_price": "1499.00", "cashback_amount": "89.94", "price_aftercashback": "1409.06", "currency": "INR"}, "product_button_text": "", "product_start_datetime": null, "product_end_datetime": null, "merchant": {"offer_id": "19312", "name": "Boult Audio", "unique_identifier": "boult-audio-coupons", "cashback_type": "Cashback", "cashback_payment_type": "percent", "offer_type": "Cashback + Coupons", "image_url": "https://asset20.ckassets.com/resources/image/stores/boult-audio-coupons-1679997972.png", "coupons_count": 0, "secondary_cashback_count": 0, "final_terms_condition": "<li>Cashback on Boult Audio App Orders: Not Applicable</li>", "report_storename": "Boult Audio", "app_tracking_enabled_android": 0, "app_tracking_enabled_ios": 0, "is_custom_override_case": 0, "intermediate_page_text": ""}}}, {"type": "products", "id": "PPS1-B0BVQRFRVW", "attributes": {"cashback_url": "https://tracking.cashkaro.com/visitproduct/18884/PPS1-B0BVQRFRVW?id=", "product_label": "", "availability": "Yes", "card_type": true, "price": {"original_price": "5499.00", "discounted_price": "1499.00", "cashback_amount": "0.00", "price_aftercashback": "1499.00", "currency": "INR"}, "product_button_text": "", "product_start_datetime": null, "product_end_datetime": null, "merchant": {"offer_id": "18884", "name": "Amazon Electronics Exclusive", "unique_identifier": "amazon-electronics-exclusive", "cashback_type": "Rewards", "cashback_payment_type": "percent", "offer_type": "Cashback + Coupons", "image_url": "https://asset20.ckassets.com/resources/image/stores/amazon-1602658695.png", "coupons_count": 0, "secondary_cashback_count": 0, "final_terms_condition": "<li>Add Products to your cart / wishlist only after clicking out from CashKaro</li><li>Rewards on Amazon App orders: Yes</li><li>No CashKaro Rewards on transactions through Amazon Business Account</li><li>Your Missing Rewards ticket will be resolved within 10 Days</li>", "report_storename": "Amazon", "app_tracking_enabled_android": 1, "app_tracking_enabled_ios": 1, "is_custom_override_case": 1, "intermediate_page_text": ""}}}]}}, {"type": "products", "id": "PPS4-itm1c8c958942ef5", "attributes": {"name": "Boult Audio Bassbuds Loop 2 Wired in Ear Earphones, Black", "card_type": true, "product_label": "", "category_price_starting_from": "", "category_earn_text": "", "category_detail": "", "facets": {"Colour": ["Black", "Teal Blue"]}, "image_url": "https://asset20.ckassets.com/resources/image/ckseller/CKS-Headphones-000415_1-1688728368.jpg", "image_urls": {"image_url_1": "https://asset20.ckassets.com/resources/image/ckseller/CKS-Headphones-000415_1-1688728368.jpg", "image_url_2": "https://asset20.ckassets.com/resources/image/ckseller/CKS-Headphones-000415_2-1688728368.jpg", "image_url_3": "https://asset20.ckassets.com/resources/image/ckseller/CKS-Headphones-000415_3-1688728368.jpg", "image_url_4": ""}, "cashback_url": "https://tracking.cashkaro.com/visitproduct/22012/PPS4-itm1c8c958942ef5?id=", "is_compared": true, "brand": "Boult Audio", "product_button_text": "", "product_start_datetime": null, "product_end_datetime": null, "merchant_offer_id": "22012", "merchant_name": "Flipkart Large Appliance MarMap", "cashback_type": "Rewards", "merchant_image_url": "https://asset20.ckassets.com/resources/image/stores/flipkart-tv-bbd-mapping-1697103111.png", "offer_type": "Cashback only", "coupons_count": 0, "secondary_cashback_count": 1, "compared_CKSID": "CKS-Headphones-000415", "compared_sellers_count": 2, "compared_product_name": "Boult Audio Bassbuds Loop 2 Wired Earphones", "price": {"original_price": "999.00", "discounted_price": "349.00", "cashback_amount": "9.77", "price_aftercashback": "339.23", "currency": "INR", "discount_percentage": 65}, "key_features": {"Seller": "Flipkart", "Brand": "Boult"}}, "relationships": {"products_compared": [{"type": "products", "id": "PPS4-ACCGHBHQ6UC3XT7U", "attributes": {"cashback_url": "https://tracking.cashkaro.com/visitproduct/22012/PPS4-ACCGHBHQ6UC3XT7U?id=", "product_label": "", "availability": "Yes", "card_type": true, "price": {"original_price": "999.00", "discounted_price": "349.00", "cashback_amount": "9.77", "price_aftercashback": "339.23", "currency": "INR"}, "product_button_text": "", "product_start_datetime": null, "product_end_datetime": null, "merchant": {"offer_id": "22012", "name": "Flipkart Large Appliance MarMap", "unique_identifier": "flipkart-largeapp-marmap", "cashback_type": "Rewards", "cashback_payment_type": "percent", "offer_type": "Cashback only", "image_url": "https://asset20.ckassets.com/resources/image/stores/flipkart-tv-bbd-mapping-1697103111.png", "coupons_count": 0, "secondary_cashback_count": 1, "final_terms_condition": "<li>Add products to your Cart/Wishlist only after clicking out from CashKaro</li><li>Missing Reward Tickets will be resolved within 10 days</li>", "report_storename": "Flipkart", "app_tracking_enabled_android": 1, "app_tracking_enabled_ios": 1, "is_custom_override_case": 1, "intermediate_page_text": ""}}}, {"type": "products", "id": "PPS1-B0BB728SPZ", "attributes": {"cashback_url": "https://tracking.cashkaro.com/visitproduct/18884/PPS1-B0BB728SPZ?id=", "product_label": "", "availability": "Yes", "card_type": true, "price": {"original_price": "999.00", "discounted_price": "349.00", "cashback_amount": "0.00", "price_aftercashback": "349.00", "currency": "INR"}, "product_button_text": "", "product_start_datetime": null, "product_end_datetime": null, "merchant": {"offer_id": "18884", "name": "Amazon Electronics Exclusive", "unique_identifier": "amazon-electronics-exclusive", "cashback_type": "Rewards", "cashback_payment_type": "percent", "offer_type": "Cashback + Coupons", "image_url": "https://asset20.ckassets.com/resources/image/stores/amazon-1602658695.png", "coupons_count": 0, "secondary_cashback_count": 0, "final_terms_condition": "<li>Add Products to your cart / wishlist only after clicking out from CashKaro</li><li>Rewards on Amazon App orders: Yes</li><li>No CashKaro Rewards on transactions through Amazon Business Account</li><li>Your Missing Rewards ticket will be resolved within 10 Days</li>", "report_storename": "Amazon", "app_tracking_enabled_android": 1, "app_tracking_enabled_ios": 1, "is_custom_override_case": 1, "intermediate_page_text": ""}}}]}}, {"type": "products", "id": "PPS1-B093LMBJB6", "attributes": {"name": "Mivi Rock and Roll E5 Wired In Ear Earphones, Black", "card_type": true, "product_label": "", "category_price_starting_from": "", "category_earn_text": "", "category_detail": "", "facets": {"Colour": ["Black", "Blue", "Red", "Yellow", "Beige"]}, "image_url": "https://m.media-amazon.com/images/I/41tDRLWBPlL._SL500_.jpg", "image_urls": {"image_url_1": "https://m.media-amazon.com/images/I/41tDRLWBPlL._SL500_.jpg", "image_url_2": "https://m.media-amazon.com/images/I/41aVpxmqcML._SL500_.jpg", "image_url_3": "https://m.media-amazon.com/images/I/41WD7qwV6kL._SL500_.jpg", "image_url_4": ""}, "cashback_url": "https://tracking.cashkaro.com/visitproduct/18884/PPS1-B093LMBJB6?id=", "is_compared": true, "brand": "Mivi", "product_button_text": "", "product_start_datetime": null, "product_end_datetime": null, "merchant_offer_id": "18884", "merchant_name": "Amazon Electronics Exclusive", "cashback_type": "Rewards", "merchant_image_url": "https://asset20.ckassets.com/resources/image/stores/amazon-1602658695.png", "offer_type": "Cashback + Coupons", "coupons_count": 0, "secondary_cashback_count": 0, "compared_CKSID": "CKS-Headphones-000371", "compared_sellers_count": 3, "compared_product_name": "Mivi Rock and Roll E5 Wired Earphones", "price": {"original_price": "799.00", "discounted_price": "399.00", "cashback_amount": "0.00", "price_aftercashback": "399.00", "currency": "INR", "discount_percentage": 50}, "key_features": {"Seller": "Flipkart", "Brand": "Mivi"}}, "relationships": {"products_compared": [{"type": "products", "id": "PPS1-B093LMBJB6", "attributes": {"cashback_url": "https://tracking.cashkaro.com/visitproduct/18884/PPS1-B093LMBJB6?id=", "product_label": "", "availability": "Yes", "card_type": true, "price": {"original_price": "799.00", "discounted_price": "399.00", "cashback_amount": "0.00", "price_aftercashback": "399.00", "currency": "INR"}, "product_button_text": "", "product_start_datetime": null, "product_end_datetime": null, "merchant": {"offer_id": "18884", "name": "Amazon Electronics Exclusive", "unique_identifier": "amazon-electronics-exclusive", "cashback_type": "Rewards", "cashback_payment_type": "percent", "offer_type": "Cashback + Coupons", "image_url": "https://asset20.ckassets.com/resources/image/stores/amazon-1602658695.png", "coupons_count": 0, "secondary_cashback_count": 0, "final_terms_condition": "<li>Add Products to your cart / wishlist only after clicking out from CashKaro</li><li>Rewards on Amazon App orders: Yes</li><li>No CashKaro Rewards on transactions through Amazon Business Account</li><li>Your Missing Rewards ticket will be resolved within 10 Days</li>", "report_storename": "Amazon", "app_tracking_enabled_android": 1, "app_tracking_enabled_ios": 1, "is_custom_override_case": 1, "intermediate_page_text": ""}}}, {"type": "products", "id": "PPS4-itm3544cda547dfe", "attributes": {"cashback_url": "https://tracking.cashkaro.com/visitproduct/22012/PPS4-itm3544cda547dfe?id=", "product_label": "", "availability": "No", "card_type": true, "price": {"original_price": "799.00", "discounted_price": "299.00", "cashback_amount": "8.37", "price_aftercashback": "290.63", "currency": "INR"}, "product_button_text": "", "product_start_datetime": null, "product_end_datetime": null, "merchant": {"offer_id": "22012", "name": "Flipkart Large Appliance MarMap", "unique_identifier": "flipkart-largeapp-marmap", "cashback_type": "Rewards", "cashback_payment_type": "percent", "offer_type": "Cashback only", "image_url": "https://asset20.ckassets.com/resources/image/stores/flipkart-tv-bbd-mapping-1697103111.png", "coupons_count": 0, "secondary_cashback_count": 1, "final_terms_condition": "<li>Add products to your Cart/Wishlist only after clicking out from CashKaro</li><li>Missing Reward Tickets will be resolved within 10 days</li>", "report_storename": "Flipkart", "app_tracking_enabled_android": 1, "app_tracking_enabled_ios": 1, "is_custom_override_case": 1, "intermediate_page_text": ""}}}, {"type": "products", "id": "PPS166-WERRE5-BK", "attributes": {"cashback_url": "https://tracking.cashkaro.com/visitproduct/21084/PPS166-WERRE5-BK?id=", "product_label": "", "availability": "No", "card_type": true, "price": {"original_price": "799.00", "discounted_price": "399.00", "cashback_amount": "0.00", "price_aftercashback": "399.00", "currency": "INR"}, "product_button_text": "", "product_start_datetime": null, "product_end_datetime": null, "merchant": {"offer_id": "21084", "name": "Mivi", "unique_identifier": "mivi-coupons", "cashback_type": "Cashback", "cashback_payment_type": "percent", "offer_type": "Coupon only", "image_url": "https://asset20.ckassets.com/resources/image/stores/mivi-coupons-test-1676437228.png", "coupons_count": 0, "secondary_cashback_count": 0, "final_terms_condition": null, "report_storename": "Mivi", "app_tracking_enabled_android": 0, "app_tracking_enabled_ios": 0, "is_custom_override_case": 0, "intermediate_page_text": ""}}}]}}, {"type": "products", "id": "PPS120-245914", "attributes": {"name": "Realme Buds 2 Neo in-Ear Wired Earphones, Black", "card_type": true, "product_label": "", "category_price_starting_from": "", "category_earn_text": "", "category_detail": "", "facets": {"Colour": ["Black", "Blue"]}, "image_url": "https://rukminim1.flixcart.com/image/416/416/kq6yefk0/headphone/q/r/b/buds-2-neo-realme-original-imag4925fcqwvgar.jpeg?q=70", "image_urls": {"image_url_1": "https://rukminim1.flixcart.com/image/416/416/kq6yefk0/headphone/q/r/b/buds-2-neo-realme-original-imag4925fcqwvgar.jpeg?q=70", "image_url_2": "https://rukminim1.flixcart.com/image/416/416/kq9ta4w0/headphone/t/n/i/rma2016-realme-original-imag4bkfqmuayxag.jpeg?q=70", "image_url_3": "https://rukminim1.flixcart.com/image/416/416/kq9ta4w0/headphone/b/0/f/rma2016-realme-original-imag4bkffywayxeu.jpeg?q=70", "image_url_4": ""}, "cashback_url": "https://tracking.cashkaro.com/visitproduct/21265/PPS120-245914?id=", "is_compared": true, "brand": "Realme", "product_button_text": "", "product_start_datetime": null, "product_end_datetime": null, "merchant_offer_id": "21265", "merchant_name": "Croma Mapping 16", "cashback_type": "Cashback", "merchant_image_url": "https://asset20.ckassets.com/resources/image/stores/croma-mapping-1-1690450623.png", "offer_type": "Cashback only", "coupons_count": 0, "secondary_cashback_count": 0, "compared_CKSID": "CKS-Headphones-000232", "compared_sellers_count": 3, "compared_product_name": "realme Buds 2 Neo in-Ear Wired Earphones", "price": {"original_price": "599.00", "discounted_price": "599.00", "cashback_amount": "11.98", "price_aftercashback": "587.02", "currency": "INR"}, "key_features": {"Seller": "Flipkart", "Brand": "Realme", "Technology": "Wired"}}, "relationships": {"products_compared": [{"type": "products", "id": "PPS4-itm7df1aa4e6e700", "attributes": {"cashback_url": "https://tracking.cashkaro.com/visitproduct/22012/PPS4-itm7df1aa4e6e700?id=", "product_label": "", "availability": "Yes", "card_type": true, "price": {"original_price": "599.00", "discounted_price": "499.00", "cashback_amount": "13.97", "price_aftercashback": "485.03", "currency": "INR"}, "product_button_text": "", "product_start_datetime": null, "product_end_datetime": null, "merchant": {"offer_id": "22012", "name": "Flipkart Large Appliance MarMap", "unique_identifier": "flipkart-largeapp-marmap", "cashback_type": "Rewards", "cashback_payment_type": "percent", "offer_type": "Cashback only", "image_url": "https://asset20.ckassets.com/resources/image/stores/flipkart-tv-bbd-mapping-1697103111.png", "coupons_count": 0, "secondary_cashback_count": 1, "final_terms_condition": "<li>Add products to your Cart/Wishlist only after clicking out from CashKaro</li><li>Missing Reward Tickets will be resolved within 10 days</li>", "report_storename": "Flipkart", "app_tracking_enabled_android": 1, "app_tracking_enabled_ios": 1, "is_custom_override_case": 1, "intermediate_page_text": ""}}}, {"type": "products", "id": "PPS120-245913", "attributes": {"cashback_url": "https://tracking.cashkaro.com/visitproduct/21265/PPS120-245913?id=", "product_label": "", "availability": "Yes", "card_type": true, "price": {"original_price": "599.00", "discounted_price": "599.00", "cashback_amount": "11.98", "price_aftercashback": "587.02", "currency": "INR"}, "product_button_text": "", "product_start_datetime": null, "product_end_datetime": null, "merchant": {"offer_id": "21265", "name": "Croma Mapping 16", "unique_identifier": "croma-mapping-dec-16", "cashback_type": "Cashback", "cashback_payment_type": "percent", "offer_type": "Cashback only", "image_url": "https://asset20.ckassets.com/resources/image/stores/croma-mapping-1-1690450623.png", "coupons_count": 0, "secondary_cashback_count": 0, "final_terms_condition": "<li>No Cashback on Smartphones on using Coupon Code</li><li>Cashback on Croma App Orders: Not Applicable</li>", "report_storename": "Croma", "app_tracking_enabled_android": 0, "app_tracking_enabled_ios": 0, "is_custom_override_case": 0, "intermediate_page_text": ""}}}, {"type": "products", "id": "PPS1-B097KM3Z16", "attributes": {"cashback_url": "https://tracking.cashkaro.com/visitproduct/18884/PPS1-B097KM3Z16?id=", "product_label": "", "availability": "Yes", "card_type": true, "price": {"original_price": "599.00", "discounted_price": "599.00", "cashback_amount": "0.00", "price_aftercashback": "599.00", "currency": "INR"}, "product_button_text": "", "product_start_datetime": null, "product_end_datetime": null, "merchant": {"offer_id": "18884", "name": "Amazon Electronics Exclusive", "unique_identifier": "amazon-electronics-exclusive", "cashback_type": "Rewards", "cashback_payment_type": "percent", "offer_type": "Cashback + Coupons", "image_url": "https://asset20.ckassets.com/resources/image/stores/amazon-1602658695.png", "coupons_count": 0, "secondary_cashback_count": 0, "final_terms_condition": "<li>Add Products to your cart / wishlist only after clicking out from CashKaro</li><li>Rewards on Amazon App orders: Yes</li><li>No CashKaro Rewards on transactions through Amazon Business Account</li><li>Your Missing Rewards ticket will be resolved within 10 Days</li>", "report_storename": "Amazon", "app_tracking_enabled_android": 1, "app_tracking_enabled_ios": 1, "is_custom_override_case": 1, "intermediate_page_text": ""}}}]}}, {"type": "products", "id": "PPS4-ACCGF76YABBG7GK9", "attributes": {"name": "Boat BassHeads 104, Black", "card_type": true, "product_label": "", "category_price_starting_from": "", "category_earn_text": "", "category_detail": "", "facets": {"Colour": ["Admiral", "Black", "Blue", "Oceana", "White"]}, "image_url": "https://asset20.ckassets.com/resources/image/ckseller/CKS-Headphones-000225_1-1632310474.jpg", "image_urls": {"image_url_1": "https://asset20.ckassets.com/resources/image/ckseller/CKS-Headphones-000225_1-1632310474.jpg", "image_url_2": "https://asset20.ckassets.com/resources/image/ckseller/CKS-Headphones-000225_2-1632310475.jpg", "image_url_3": "https://asset20.ckassets.com/resources/image/ckseller/CKS-Headphones-000225_3-1632310475.jpg", "image_url_4": ""}, "cashback_url": "https://tracking.cashkaro.com/visitproduct/22012/PPS4-ACCGF76YABBG7GK9?id=", "is_compared": true, "brand": "Boat", "product_button_text": "", "product_start_datetime": null, "product_end_datetime": null, "merchant_offer_id": "22012", "merchant_name": "Flipkart Large Appliance MarMap", "cashback_type": "Rewards", "merchant_image_url": "https://asset20.ckassets.com/resources/image/stores/flipkart-tv-bbd-mapping-1697103111.png", "offer_type": "Cashback only", "coupons_count": 0, "secondary_cashback_count": 1, "compared_CKSID": "CKS-Headphones-000225", "compared_sellers_count": 2, "compared_product_name": "Boat BassHeads 104 Wired Earphone", "price": {"original_price": "999.00", "discounted_price": "349.00", "cashback_amount": "9.77", "price_aftercashback": "339.23", "currency": "INR", "discount_percentage": 65}, "key_features": {"Seller": "Flipkart", "Brand": "Boat", "Technology": "Wired"}}, "relationships": {"products_compared": [{"type": "products", "id": "PPS4-ACCGF76YDRUJQBGH", "attributes": {"cashback_url": "https://tracking.cashkaro.com/visitproduct/22012/PPS4-ACCGF76YDRUJQBGH?id=", "product_label": "", "availability": "No", "card_type": true, "price": {"original_price": "999.00", "discounted_price": "399.00", "cashback_amount": "11.17", "price_aftercashback": "387.83", "currency": "INR"}, "product_button_text": "", "product_start_datetime": null, "product_end_datetime": null, "merchant": {"offer_id": "22012", "name": "Flipkart Large Appliance MarMap", "unique_identifier": "flipkart-largeapp-marmap", "cashback_type": "Rewards", "cashback_payment_type": "percent", "offer_type": "Cashback only", "image_url": "https://asset20.ckassets.com/resources/image/stores/flipkart-tv-bbd-mapping-1697103111.png", "coupons_count": 0, "secondary_cashback_count": 1, "final_terms_condition": "<li>Add products to your Cart/Wishlist only after clicking out from CashKaro</li><li>Missing Reward Tickets will be resolved within 10 days</li>", "report_storename": "Flipkart", "app_tracking_enabled_android": 1, "app_tracking_enabled_ios": 1, "is_custom_override_case": 1, "intermediate_page_text": ""}}}, {"type": "products", "id": "PPS1-B0929B2K6M", "attributes": {"cashback_url": "https://tracking.cashkaro.com/visitproduct/18884/PPS1-B0929B2K6M?id=", "product_label": "", "availability": "No", "card_type": true, "price": {"original_price": "999.00", "discounted_price": "529.00", "cashback_amount": "0.00", "price_aftercashback": "529.00", "currency": "INR"}, "product_button_text": "", "product_start_datetime": null, "product_end_datetime": null, "merchant": {"offer_id": "18884", "name": "Amazon Electronics Exclusive", "unique_identifier": "amazon-electronics-exclusive", "cashback_type": "Rewards", "cashback_payment_type": "percent", "offer_type": "Cashback + Coupons", "image_url": "https://asset20.ckassets.com/resources/image/stores/amazon-1602658695.png", "coupons_count": 0, "secondary_cashback_count": 0, "final_terms_condition": "<li>Add Products to your cart / wishlist only after clicking out from CashKaro</li><li>Rewards on Amazon App orders: Yes</li><li>No CashKaro Rewards on transactions through Amazon Business Account</li><li>Your Missing Rewards ticket will be resolved within 10 Days</li>", "report_storename": "Amazon", "app_tracking_enabled_android": 1, "app_tracking_enabled_ios": 1, "is_custom_override_case": 1, "intermediate_page_text": ""}}}]}}, {"type": "products", "id": "PPS120-251362", "attributes": {"name": "Boult Audio BassBuds Storm-X in-Ear Wired Earphones, Blue", "card_type": true, "product_label": "", "category_price_starting_from": "", "category_earn_text": "", "category_detail": "", "facets": {"Colour": ["Blue", "Grey", "Red"]}, "image_url": "https://asset20.ckassets.com/resources/image/ckseller/CKS-Headphones-000132_1-1626439702.jpg", "image_urls": {"image_url_1": "https://asset20.ckassets.com/resources/image/ckseller/CKS-Headphones-000132_1-1626439702.jpg", "image_url_2": "https://asset20.ckassets.com/resources/image/ckseller/CKS-Headphones-000132_2-1626439702.jpg", "image_url_3": "https://asset20.ckassets.com/resources/image/ckseller/CKS-Headphones-000132_3-1626439702.jpg", "image_url_4": ""}, "cashback_url": "https://tracking.cashkaro.com/visitproduct/21265/PPS120-251362?id=", "is_compared": true, "brand": "Boult Audio", "product_button_text": "", "product_start_datetime": null, "product_end_datetime": null, "merchant_offer_id": "21265", "merchant_name": "Croma Mapping 16", "cashback_type": "Cashback", "merchant_image_url": "https://asset20.ckassets.com/resources/image/stores/croma-mapping-1-1690450623.png", "offer_type": "Cashback only", "coupons_count": 0, "secondary_cashback_count": 0, "compared_CKSID": "CKS-Headphones-000132", "compared_sellers_count": 3, "compared_product_name": "Boult Audio BassBuds Storm-X Wired Earphones", "price": {"original_price": "999.00", "discounted_price": "999.00", "cashback_amount": "19.98", "price_aftercashback": "979.02", "currency": "INR"}, "key_features": {"Seller": "Flipkart", "Brand": "Boult", "Technology": "Wired"}}, "relationships": {"products_compared": [{"type": "products", "id": "PPS120-251360", "attributes": {"cashback_url": "https://tracking.cashkaro.com/visitproduct/21265/PPS120-251360?id=", "product_label": "", "availability": "Yes", "card_type": true, "price": {"original_price": "999.00", "discounted_price": "999.00", "cashback_amount": "19.98", "price_aftercashback": "979.02", "currency": "INR"}, "product_button_text": "", "product_start_datetime": null, "product_end_datetime": null, "merchant": {"offer_id": "21265", "name": "Croma Mapping 16", "unique_identifier": "croma-mapping-dec-16", "cashback_type": "Cashback", "cashback_payment_type": "percent", "offer_type": "Cashback only", "image_url": "https://asset20.ckassets.com/resources/image/stores/croma-mapping-1-1690450623.png", "coupons_count": 0, "secondary_cashback_count": 0, "final_terms_condition": "<li>No Cashback on Smartphones on using Coupon Code</li><li>Cashback on Croma App Orders: Not Applicable</li>", "report_storename": "Croma", "app_tracking_enabled_android": 0, "app_tracking_enabled_ios": 0, "is_custom_override_case": 0, "intermediate_page_text": ""}}}, {"type": "products", "id": "PPS4-itm098a00faeea0d", "attributes": {"cashback_url": "https://tracking.cashkaro.com/visitproduct/22012/PPS4-itm098a00faeea0d?id=", "product_label": "", "availability": "No", "card_type": true, "price": {"original_price": "999.00", "discounted_price": "299.00", "cashback_amount": "8.37", "price_aftercashback": "290.63", "currency": "INR"}, "product_button_text": "", "product_start_datetime": null, "product_end_datetime": null, "merchant": {"offer_id": "22012", "name": "Flipkart Large Appliance MarMap", "unique_identifier": "flipkart-largeapp-marmap", "cashback_type": "Rewards", "cashback_payment_type": "percent", "offer_type": "Cashback only", "image_url": "https://asset20.ckassets.com/resources/image/stores/flipkart-tv-bbd-mapping-1697103111.png", "coupons_count": 0, "secondary_cashback_count": 1, "final_terms_condition": "<li>Add products to your Cart/Wishlist only after clicking out from CashKaro</li><li>Missing Reward Tickets will be resolved within 10 days</li>", "report_storename": "Flipkart", "app_tracking_enabled_android": 1, "app_tracking_enabled_ios": 1, "is_custom_override_case": 1, "intermediate_page_text": ""}}}, {"type": "products", "id": "PPS1-B08JVGLP2D", "attributes": {"cashback_url": "https://tracking.cashkaro.com/visitproduct/18884/PPS1-B08JVGLP2D?id=", "product_label": "", "availability": "No", "card_type": true, "price": {"original_price": "999.00", "discounted_price": "299.00", "cashback_amount": "0.00", "price_aftercashback": "299.00", "currency": "INR"}, "product_button_text": "", "product_start_datetime": null, "product_end_datetime": null, "merchant": {"offer_id": "18884", "name": "Amazon Electronics Exclusive", "unique_identifier": "amazon-electronics-exclusive", "cashback_type": "Rewards", "cashback_payment_type": "percent", "offer_type": "Cashback + Coupons", "image_url": "https://asset20.ckassets.com/resources/image/stores/amazon-1602658695.png", "coupons_count": 0, "secondary_cashback_count": 0, "final_terms_condition": "<li>Add Products to your cart / wishlist only after clicking out from CashKaro</li><li>Rewards on Amazon App orders: Yes</li><li>No CashKaro Rewards on transactions through Amazon Business Account</li><li>Your Missing Rewards ticket will be resolved within 10 Days</li>", "report_storename": "Amazon", "app_tracking_enabled_android": 1, "app_tracking_enabled_ios": 1, "is_custom_override_case": 1, "intermediate_page_text": ""}}}]}}, {"type": "products", "id": "PPS4-itm959716edff21a", "attributes": {"name": "Mi Dual Driver in-Ear Earphones with Mic, Black", "card_type": true, "product_label": "", "category_price_starting_from": "", "category_earn_text": "", "category_detail": "", "facets": {"Colour": ["Black", "Blue"]}, "image_url": "https://m.media-amazon.com/images/I/31jpgToigML._SL500_.jpg", "image_urls": {"image_url_1": "https://m.media-amazon.com/images/I/31jpgToigML._SL500_.jpg", "image_url_2": "https://m.media-amazon.com/images/I/41BarwW8PzL._SL500_.jpg", "image_url_3": "https://m.media-amazon.com/images/I/41OE220oaCL._SL500_.jpg", "image_url_4": ""}, "cashback_url": "https://tracking.cashkaro.com/visitproduct/22012/PPS4-itm959716edff21a?id=", "is_compared": true, "brand": "MI", "product_button_text": "", "product_start_datetime": null, "product_end_datetime": null, "merchant_offer_id": "22012", "merchant_name": "Flipkart Large Appliance MarMap", "cashback_type": "Rewards", "merchant_image_url": "https://asset20.ckassets.com/resources/image/stores/flipkart-tv-bbd-mapping-1697103111.png", "offer_type": "Cashback only", "coupons_count": 0, "secondary_cashback_count": 1, "compared_CKSID": "CKS-Headphones-000050", "compared_sellers_count": 3, "compared_product_name": "Mi Dual Driver in-Ear Earphones with Mic", "price": {"original_price": "999.00", "discounted_price": "749.00", "cashback_amount": "20.97", "price_aftercashback": "728.03", "currency": "INR", "discount_percentage": 25}, "key_features": {"Seller": "Flipkart", "Brand": "Mi", "Technology": "Wired"}}, "relationships": {"products_compared": [{"type": "products", "id": "PPS4-itm959716edff21a", "attributes": {"cashback_url": "https://tracking.cashkaro.com/visitproduct/22012/PPS4-itm959716edff21a?id=", "product_label": "", "availability": "Yes", "card_type": true, "price": {"original_price": "999.00", "discounted_price": "749.00", "cashback_amount": "20.97", "price_aftercashback": "728.03", "currency": "INR"}, "product_button_text": "", "product_start_datetime": null, "product_end_datetime": null, "merchant": {"offer_id": "22012", "name": "Flipkart Large Appliance MarMap", "unique_identifier": "flipkart-largeapp-marmap", "cashback_type": "Rewards", "cashback_payment_type": "percent", "offer_type": "Cashback only", "image_url": "https://asset20.ckassets.com/resources/image/stores/flipkart-tv-bbd-mapping-1697103111.png", "coupons_count": 0, "secondary_cashback_count": 1, "final_terms_condition": "<li>Add products to your Cart/Wishlist only after clicking out from CashKaro</li><li>Missing Reward Tickets will be resolved within 10 days</li>", "report_storename": "Flipkart", "app_tracking_enabled_android": 1, "app_tracking_enabled_ios": 1, "is_custom_override_case": 1, "intermediate_page_text": ""}}}, {"type": "products", "id": "PPS120-225458", "attributes": {"cashback_url": "https://tracking.cashkaro.com/visitproduct/21265/PPS120-225458?id=", "product_label": "", "availability": "Yes", "card_type": true, "price": {"original_price": "999.00", "discounted_price": "749.00", "cashback_amount": "14.98", "price_aftercashback": "734.02", "currency": "INR"}, "product_button_text": "", "product_start_datetime": null, "product_end_datetime": null, "merchant": {"offer_id": "21265", "name": "Croma Mapping 16", "unique_identifier": "croma-mapping-dec-16", "cashback_type": "Cashback", "cashback_payment_type": "percent", "offer_type": "Cashback only", "image_url": "https://asset20.ckassets.com/resources/image/stores/croma-mapping-1-1690450623.png", "coupons_count": 0, "secondary_cashback_count": 0, "final_terms_condition": "<li>No Cashback on Smartphones on using Coupon Code</li><li>Cashback on Croma App Orders: Not Applicable</li>", "report_storename": "Croma", "app_tracking_enabled_android": 0, "app_tracking_enabled_ios": 0, "is_custom_override_case": 0, "intermediate_page_text": ""}}}, {"type": "products", "id": "PPS1-B084J4MKZG", "attributes": {"cashback_url": "https://tracking.cashkaro.com/visitproduct/18884/PPS1-B084J4MKZG?id=", "product_label": "", "availability": "Yes", "card_type": true, "price": {"original_price": "999.00", "discounted_price": "749.00", "cashback_amount": "0.00", "price_aftercashback": "749.00", "currency": "INR"}, "product_button_text": "", "product_start_datetime": null, "product_end_datetime": null, "merchant": {"offer_id": "18884", "name": "Amazon Electronics Exclusive", "unique_identifier": "amazon-electronics-exclusive", "cashback_type": "Rewards", "cashback_payment_type": "percent", "offer_type": "Cashback + Coupons", "image_url": "https://asset20.ckassets.com/resources/image/stores/amazon-1602658695.png", "coupons_count": 0, "secondary_cashback_count": 0, "final_terms_condition": "<li>Add Products to your cart / wishlist only after clicking out from CashKaro</li><li>Rewards on Amazon App orders: Yes</li><li>No CashKaro Rewards on transactions through Amazon Business Account</li><li>Your Missing Rewards ticket will be resolved within 10 Days</li>", "report_storename": "Amazon", "app_tracking_enabled_android": 1, "app_tracking_enabled_ios": 1, "is_custom_override_case": 1, "intermediate_page_text": ""}}}]}}]