[{"type": "products", "id": "PPS4-itm535e449b744eb-dmy", "attributes": {"name": "VEGA Atom Motorbike Helmet, Black", "card_type": true, "product_label": "", "category_price_starting_from": "", "category_earn_text": "", "category_detail": "", "facets": [], "image_url": "https://rukminim2.flixcart.com/image/416/416/xif0q/helmet/f/8/z/-original-imagrzv49tgmgmjv.jpeg?q=70", "image_urls": {"image_url_1": "https://rukminim2.flixcart.com/image/416/416/xif0q/helmet/f/8/z/-original-imagrzv49tgmgmjv.jpeg?q=70", "image_url_2": "https://rukminim2.flixcart.com/image/416/416/xif0q/helmet/f/8/z/-original-imagrzv49tgmgmjv.jpeg?q=70", "image_url_3": "https://rukminim2.flixcart.com/image/416/416/xif0q/helmet/f/8/z/-original-imagrzv49tgmgmjv.jpeg?q=70", "image_url_4": ""}, "cashback_url": "https://tracking.cashkaro.com/visitproduct/20909/PPS4-itm535e449b744eb-dmy?id=", "is_compared": true, "brand": "Vega", "product_button_text": "", "product_start_datetime": null, "product_end_datetime": null, "merchant_offer_id": "20909", "merchant_name": "Flipkart Direct Electronics", "cashback_type": "Rewards", "merchant_image_url": "https://asset20.ckassets.com/resources/image/stores/flipkart.png", "offer_type": "Cashback only", "coupons_count": 0, "secondary_cashback_count": 0, "compared_CKSID": "CKS-SEOTEST-000002", "compared_sellers_count": 2, "compared_product_name": "VEGA Atom Motorbike Helmet, Black", "price": {"original_price": "998.00", "discounted_price": "749.00", "cashback_amount": "26.22", "price_aftercashback": "722.79", "currency": "INR", "discount_percentage": 25}}}]