[{"type": "products", "id": "PPS1-B0BXP3CP9K", "attributes": {"name": "Acer EK220Q 21.5 Inch (54.61 cm) Full HD (1920x1080) VA Panel LCD Monitor, Black", "card_type": true, "product_label": "", "category_price_starting_from": "", "category_earn_text": "", "category_detail": "", "facets": {"Colour": ["Black"]}, "image_url": "https://rukminim1.flixcart.com/image/416/416/xif0q/monitor/z/l/6/-original-imagze3c9aggznc9.jpeg?q=70", "image_urls": {"image_url_1": "https://rukminim1.flixcart.com/image/416/416/xif0q/monitor/z/l/6/-original-imagze3c9aggznc9.jpeg?q=70", "image_url_2": "https://rukminim1.flixcart.com/image/416/416/xif0q/monitor/p/j/n/-original-imagze3cjhhz6xpu.jpeg?q=70", "image_url_3": "https://rukminim1.flixcart.com/image/416/416/xif0q/monitor/d/q/i/-original-imagze3cvxshfvmq.jpeg?q=70", "image_url_4": ""}, "cashback_url": "https://tracking.cashkaro.com/visitproduct/18865/PPS1-B0BXP3CP9K?id=", "is_compared": true, "brand": "Acer", "product_button_text": "", "product_start_datetime": null, "product_end_datetime": null, "merchant_offer_id": "18865", "merchant_name": "Amazon Mobiles and Computers Accessories", "cashback_type": "Rewards", "merchant_image_url": "https://asset20.ckassets.com/resources/image/stores/amazon-1602658695.png", "offer_type": "Cashback + Coupons", "coupons_count": 0, "secondary_cashback_count": 3, "compared_CKSID": "CKS-Monitors-000015", "compared_sellers_count": 2, "compared_product_name": "Acer EK220Q 21.5 Inch (54.61 cm) Full HD (1920x1080) VA Panel LCD Monitor", "price": {"original_price": "7699.00", "discounted_price": "5695.00", "cashback_amount": "0.00", "price_aftercashback": "5695.00", "currency": "INR", "discount_percentage": 26}, "key_features": {"Seller": "Amazon", "Brand": "Acer"}}, "relationships": {"products_compared": [{"type": "products", "id": "PPS1-B0BXP3CP9K", "attributes": {"cashback_url": "https://tracking.cashkaro.com/visitproduct/18865/PPS1-B0BXP3CP9K?id=", "product_label": "", "availability": "Yes", "card_type": true, "price": {"original_price": "7699.00", "discounted_price": "5695.00", "cashback_amount": "0.00", "price_aftercashback": "5695.00", "currency": "INR"}, "product_button_text": "", "product_start_datetime": null, "product_end_datetime": null, "merchant": {"offer_id": "18865", "name": "Amazon Mobiles and Computers Accessories", "unique_identifier": "amazon-electronics", "cashback_type": "Rewards", "cashback_payment_type": "percent", "offer_type": "Cashback + Coupons", "image_url": "https://asset20.ckassets.com/resources/image/stores/amazon-1602658695.png", "coupons_count": 0, "secondary_cashback_count": 3, "final_terms_condition": "<li>Add Products to your cart / wishlist only after clicking out from CashKaro</li><li>Rewards on Amazon App orders: Yes</li><li>No CashKaro Rewards on transactions through Amazon Business Account</li><li>Your Missing Rewards ticket will be resolved within 10 Days</li>", "report_storename": "Amazon", "app_tracking_enabled_android": 1, "app_tracking_enabled_ios": 1, "is_custom_override_case": 1, "intermediate_page_text": ""}}}, {"type": "products", "id": "PPS4-itme973196ea99d8", "attributes": {"cashback_url": "https://tracking.cashkaro.com/visitproduct/22012/PPS4-itme973196ea99d8?id=", "product_label": "", "availability": "Yes", "card_type": true, "price": {"original_price": "13999.00", "discounted_price": "7199.00", "cashback_amount": "201.57", "price_aftercashback": "6997.43", "currency": "INR"}, "product_button_text": "", "product_start_datetime": null, "product_end_datetime": null, "merchant": {"offer_id": "22012", "name": "Flipkart Large Appliance MarMap", "unique_identifier": "flipkart-largeapp-marmap", "cashback_type": "Rewards", "cashback_payment_type": "percent", "offer_type": "Cashback only", "image_url": "https://asset20.ckassets.com/resources/image/stores/flipkart-tv-bbd-mapping-1697103111.png", "coupons_count": 0, "secondary_cashback_count": 1, "final_terms_condition": "<li>Add products to your Cart/Wishlist only after clicking out from CashKaro</li><li>Missing Reward Tickets will be resolved within 10 days</li>", "report_storename": "Flipkart", "app_tracking_enabled_android": 1, "app_tracking_enabled_ios": 1, "is_custom_override_case": 1, "intermediate_page_text": ""}}}]}}, {"type": "products", "id": "PPS120-240709", "attributes": {"name": "BenQ GW2480 24 inch (60 cm) 1920 x 1080 Pixels IPS Full HD Ultra-Slim Bezel Monitor, Black", "card_type": true, "product_label": "", "category_price_starting_from": "", "category_earn_text": "", "category_detail": "", "facets": {"Colour": ["Black"]}, "image_url": "https://rukminim1.flixcart.com/image/416/416/kkfrjww0/monitor/k/y/u/gw2780-na-benq-original-imafzs3hhv2wtcsd.jpeg?q=70", "image_urls": {"image_url_1": "https://rukminim1.flixcart.com/image/416/416/kkfrjww0/monitor/k/y/u/gw2780-na-benq-original-imafzs3hhv2wtcsd.jpeg?q=70", "image_url_2": "https://rukminim1.flixcart.com/image/416/416/kkfrjww0/monitor/u/k/w/gw2780-na-benq-original-imafzs3hg5zfvqzd.jpeg?q=70", "image_url_3": "https://rukminim1.flixcart.com/image/416/416/kkfrjww0/monitor/t/i/z/gw2780-na-benq-original-imafzs3hz7vzav8z.jpeg?q=70", "image_url_4": ""}, "cashback_url": "https://tracking.cashkaro.com/visitproduct/21265/PPS120-240709?id=", "is_compared": true, "brand": "BenQ", "product_button_text": "", "product_start_datetime": null, "product_end_datetime": null, "merchant_offer_id": "21265", "merchant_name": "Croma Mapping 16", "cashback_type": "Cashback", "merchant_image_url": "https://asset20.ckassets.com/resources/image/stores/croma-mapping-1-1690450623.png", "offer_type": "Cashback only", "coupons_count": 0, "secondary_cashback_count": 0, "compared_CKSID": "CKS-Monitors-000020", "compared_sellers_count": 3, "compared_product_name": "BenQ GW2480 24 inch (60 cm) 1920 x 1080 Pixels IPS Full HD Ultra-Slim Bezel Monitor", "price": {"original_price": "3000.00", "discounted_price": "1049.00", "cashback_amount": "20.98", "price_aftercashback": "1028.02", "currency": "INR", "discount_percentage": 65}, "key_features": {"Seller": "Croma", "Brand": "BenQ"}}, "relationships": {"products_compared": [{"type": "products", "id": "PPS120-240709", "attributes": {"cashback_url": "https://tracking.cashkaro.com/visitproduct/21265/PPS120-240709?id=", "product_label": "", "availability": "Yes", "card_type": true, "price": {"original_price": "3000.00", "discounted_price": "1049.00", "cashback_amount": "20.98", "price_aftercashback": "1028.02", "currency": "INR"}, "product_button_text": "", "product_start_datetime": null, "product_end_datetime": null, "merchant": {"offer_id": "21265", "name": "Croma Mapping 16", "unique_identifier": "croma-mapping-dec-16", "cashback_type": "Cashback", "cashback_payment_type": "percent", "offer_type": "Cashback only", "image_url": "https://asset20.ckassets.com/resources/image/stores/croma-mapping-1-1690450623.png", "coupons_count": 0, "secondary_cashback_count": 0, "final_terms_condition": "<li>No Cashback on Smartphones on using Coupon Code</li><li>Cashback on Croma App Orders: Not Applicable</li>", "report_storename": "Croma", "app_tracking_enabled_android": 0, "app_tracking_enabled_ios": 0, "is_custom_override_case": 0, "intermediate_page_text": ""}}}, {"type": "products", "id": "PPS4-itm1f8ae136d52c5", "attributes": {"cashback_url": "https://tracking.cashkaro.com/visitproduct/22012/PPS4-itm1f8ae136d52c5?id=", "product_label": "", "availability": "Yes", "card_type": true, "price": {"original_price": "13990.00", "discounted_price": "8038.00", "cashback_amount": "210.00", "price_aftercashback": "7828.00", "currency": "INR"}, "product_button_text": "", "product_start_datetime": null, "product_end_datetime": null, "merchant": {"offer_id": "22012", "name": "Flipkart Large Appliance MarMap", "unique_identifier": "flipkart-largeapp-marmap", "cashback_type": "Rewards", "cashback_payment_type": "percent", "offer_type": "Cashback only", "image_url": "https://asset20.ckassets.com/resources/image/stores/flipkart-tv-bbd-mapping-1697103111.png", "coupons_count": 0, "secondary_cashback_count": 1, "final_terms_condition": "<li>Add products to your Cart/Wishlist only after clicking out from CashKaro</li><li>Missing Reward Tickets will be resolved within 10 days</li>", "report_storename": "Flipkart", "app_tracking_enabled_android": 1, "app_tracking_enabled_ios": 1, "is_custom_override_case": 1, "intermediate_page_text": ""}}}, {"type": "products", "id": "PPS1-B073NTCT4Q", "attributes": {"cashback_url": "https://tracking.cashkaro.com/visitproduct/18865/PPS1-B073NTCT4Q?id=", "product_label": "", "availability": "Yes", "card_type": true, "price": {"original_price": "12999.00", "discounted_price": "9999.00", "cashback_amount": "0.00", "price_aftercashback": "9999.00", "currency": "INR"}, "product_button_text": "", "product_start_datetime": null, "product_end_datetime": null, "merchant": {"offer_id": "18865", "name": "Amazon Mobiles and Computers Accessories", "unique_identifier": "amazon-electronics", "cashback_type": "Rewards", "cashback_payment_type": "percent", "offer_type": "Cashback + Coupons", "image_url": "https://asset20.ckassets.com/resources/image/stores/amazon-1602658695.png", "coupons_count": 0, "secondary_cashback_count": 3, "final_terms_condition": "<li>Add Products to your cart / wishlist only after clicking out from CashKaro</li><li>Rewards on Amazon App orders: Yes</li><li>No CashKaro Rewards on transactions through Amazon Business Account</li><li>Your Missing Rewards ticket will be resolved within 10 Days</li>", "report_storename": "Amazon", "app_tracking_enabled_android": 1, "app_tracking_enabled_ios": 1, "is_custom_override_case": 1, "intermediate_page_text": ""}}}]}}, {"type": "products", "id": "PPS4-itm4e2d885641901", "attributes": {"name": "Samsung 24-inch (60.46cm) 1920 X 1080 Pixels FHD Monitor, IPS, 75 Hz, Bezel Less Design, LF24T350FHWXXL, Dark Grey", "card_type": true, "product_label": "", "category_price_starting_from": "", "category_earn_text": "", "category_detail": "", "facets": {"Colour": ["Dark Grey"]}, "image_url": "https://rukminim1.flixcart.com/image/416/416/l5ld8y80/monitor/l/k/s/-original-imagg897ufhyvwqq.jpeg?q=70", "image_urls": {"image_url_1": "https://rukminim1.flixcart.com/image/416/416/l5ld8y80/monitor/l/k/s/-original-imagg897ufhyvwqq.jpeg?q=70", "image_url_2": "https://rukminim1.flixcart.com/image/416/416/l5ld8y80/monitor/b/i/e/-original-imagg897yyh8rxmq.jpeg?q=70", "image_url_3": "https://rukminim1.flixcart.com/image/416/416/l5ld8y80/monitor/x/x/r/-original-imagg897sw4gg9uk.jpeg?q=70", "image_url_4": ""}, "cashback_url": "https://tracking.cashkaro.com/visitproduct/22012/PPS4-itm4e2d885641901?id=", "is_compared": true, "brand": "Samsung", "product_button_text": "", "product_start_datetime": null, "product_end_datetime": null, "merchant_offer_id": "22012", "merchant_name": "Flipkart Large Appliance MarMap", "cashback_type": "Rewards", "merchant_image_url": "https://asset20.ckassets.com/resources/image/stores/flipkart-tv-bbd-mapping-1697103111.png", "offer_type": "Cashback only", "coupons_count": 0, "secondary_cashback_count": 1, "compared_CKSID": "CKS-Monitors-000023", "compared_sellers_count": 2, "compared_product_name": "Samsung 24-inch (60.46cm) 1920 X 1080 Pixels FHD Monitor, IPS, 75 Hz, Bezel Less Design,", "price": {"original_price": "16200.00", "discounted_price": "7899.00", "cashback_amount": "210.00", "price_aftercashback": "7689.00", "currency": "INR", "discount_percentage": 51}, "key_features": {"Seller": "Flipkart", "Brand": "Samsung"}}, "relationships": {"products_compared": [{"type": "products", "id": "PPS4-itm4e2d885641901", "attributes": {"cashback_url": "https://tracking.cashkaro.com/visitproduct/22012/PPS4-itm4e2d885641901?id=", "product_label": "", "availability": "Yes", "card_type": true, "price": {"original_price": "16200.00", "discounted_price": "7599.00", "cashback_amount": "210.00", "price_aftercashback": "7389.00", "currency": "INR"}, "product_button_text": "", "product_start_datetime": null, "product_end_datetime": null, "merchant": {"offer_id": "22012", "name": "Flipkart Large Appliance MarMap", "unique_identifier": "flipkart-largeapp-marmap", "cashback_type": "Rewards", "cashback_payment_type": "percent", "offer_type": "Cashback only", "image_url": "https://asset20.ckassets.com/resources/image/stores/flipkart-tv-bbd-mapping-1697103111.png", "coupons_count": 0, "secondary_cashback_count": 1, "final_terms_condition": "<li>Add products to your Cart/Wishlist only after clicking out from CashKaro</li><li>Missing Reward Tickets will be resolved within 10 days</li>", "report_storename": "Flipkart", "app_tracking_enabled_android": 1, "app_tracking_enabled_ios": 1, "is_custom_override_case": 1, "intermediate_page_text": ""}}}, {"type": "products", "id": "PPS1-B08J82K4GX", "attributes": {"cashback_url": "https://tracking.cashkaro.com/visitproduct/18865/PPS1-B08J82K4GX?id=", "product_label": "", "availability": "No", "card_type": true, "price": {"original_price": "19910.00", "discounted_price": "12999.00", "cashback_amount": "0.00", "price_aftercashback": "12999.00", "currency": "INR"}, "product_button_text": "", "product_start_datetime": null, "product_end_datetime": null, "merchant": {"offer_id": "18865", "name": "Amazon Mobiles and Computers Accessories", "unique_identifier": "amazon-electronics", "cashback_type": "Rewards", "cashback_payment_type": "percent", "offer_type": "Cashback + Coupons", "image_url": "https://asset20.ckassets.com/resources/image/stores/amazon-1602658695.png", "coupons_count": 0, "secondary_cashback_count": 3, "final_terms_condition": "<li>Add Products to your cart / wishlist only after clicking out from CashKaro</li><li>Rewards on Amazon App orders: Yes</li><li>No CashKaro Rewards on transactions through Amazon Business Account</li><li>Your Missing Rewards ticket will be resolved within 10 Days</li>", "report_storename": "Amazon", "app_tracking_enabled_android": 1, "app_tracking_enabled_ios": 1, "is_custom_override_case": 1, "intermediate_page_text": ""}}}]}}, {"type": "products", "id": "PPS4-itmbe21675b8504d", "attributes": {"name": "ZEBRONICS 24 Inch (60.4 Cm) Widescreen 1920 X 1080 Pixels LED Monitor, IPS, Ultra Slim, 75hz ZEB-A24FHD, Black", "card_type": true, "product_label": "", "category_price_starting_from": "", "category_earn_text": "", "category_detail": "", "facets": {"Colour": ["Black"]}, "image_url": "https://rukminim1.flixcart.com/image/416/416/l2nmnww0/monitor/0/r/j/-original-imagdyc4ehaygvug.jpeg?q=70", "image_urls": {"image_url_1": "https://rukminim1.flixcart.com/image/416/416/l2nmnww0/monitor/0/r/j/-original-imagdyc4ehaygvug.jpeg?q=70", "image_url_2": "https://rukminim1.flixcart.com/image/416/416/l2nmnww0/monitor/e/c/a/-original-imagdyc4bzgwxezm.jpeg?q=70", "image_url_3": "https://rukminim1.flixcart.com/image/416/416/l2nmnww0/monitor/1/v/p/-original-imagdyc4dphtbnfu.jpeg?q=70", "image_url_4": ""}, "cashback_url": "https://tracking.cashkaro.com/visitproduct/22012/PPS4-itmbe21675b8504d?id=", "is_compared": true, "brand": "Zebronics", "product_button_text": "", "product_start_datetime": null, "product_end_datetime": null, "merchant_offer_id": "22012", "merchant_name": "Flipkart Large Appliance MarMap", "cashback_type": "Rewards", "merchant_image_url": "https://asset20.ckassets.com/resources/image/stores/flipkart-tv-bbd-mapping-1697103111.png", "offer_type": "Cashback only", "coupons_count": 0, "secondary_cashback_count": 1, "compared_CKSID": "CKS-Monitors-000025", "compared_sellers_count": 2, "compared_product_name": "ZEBRONICS 24 Inch (60.4 Cm) Widescreen 1920 X 1080 Pixels LED Monitor, IPS, Ultra Slim, 75hz ZEB-A24FHD", "price": {"original_price": "24999.00", "discounted_price": "6641.00", "cashback_amount": "185.95", "price_aftercashback": "6455.05", "currency": "INR", "discount_percentage": 73}, "key_features": {"Seller": "Flipkart", "Brand": "ZEBRONICS"}}, "relationships": {"products_compared": [{"type": "products", "id": "PPS4-itmbe21675b8504d", "attributes": {"cashback_url": "https://tracking.cashkaro.com/visitproduct/22012/PPS4-itmbe21675b8504d?id=", "product_label": "", "availability": "Yes", "card_type": true, "price": {"original_price": "24999.00", "discounted_price": "6641.00", "cashback_amount": "185.95", "price_aftercashback": "6455.05", "currency": "INR"}, "product_button_text": "", "product_start_datetime": null, "product_end_datetime": null, "merchant": {"offer_id": "22012", "name": "Flipkart Large Appliance MarMap", "unique_identifier": "flipkart-largeapp-marmap", "cashback_type": "Rewards", "cashback_payment_type": "percent", "offer_type": "Cashback only", "image_url": "https://asset20.ckassets.com/resources/image/stores/flipkart-tv-bbd-mapping-1697103111.png", "coupons_count": 0, "secondary_cashback_count": 1, "final_terms_condition": "<li>Add products to your Cart/Wishlist only after clicking out from CashKaro</li><li>Missing Reward Tickets will be resolved within 10 days</li>", "report_storename": "Flipkart", "app_tracking_enabled_android": 1, "app_tracking_enabled_ios": 1, "is_custom_override_case": 1, "intermediate_page_text": ""}}}, {"type": "products", "id": "PPS1-B09X3C3JXP", "attributes": {"cashback_url": "https://tracking.cashkaro.com/visitproduct/18865/PPS1-B09X3C3JXP?id=", "product_label": "", "availability": "Yes", "card_type": true, "price": {"original_price": "24999.00", "discounted_price": "24999.00", "cashback_amount": "0.00", "price_aftercashback": "24999.00", "currency": "INR"}, "product_button_text": "", "product_start_datetime": null, "product_end_datetime": null, "merchant": {"offer_id": "18865", "name": "Amazon Mobiles and Computers Accessories", "unique_identifier": "amazon-electronics", "cashback_type": "Rewards", "cashback_payment_type": "percent", "offer_type": "Cashback + Coupons", "image_url": "https://asset20.ckassets.com/resources/image/stores/amazon-1602658695.png", "coupons_count": 0, "secondary_cashback_count": 3, "final_terms_condition": "<li>Add Products to your cart / wishlist only after clicking out from CashKaro</li><li>Rewards on Amazon App orders: Yes</li><li>No CashKaro Rewards on transactions through Amazon Business Account</li><li>Your Missing Rewards ticket will be resolved within 10 Days</li>", "report_storename": "Amazon", "app_tracking_enabled_android": 1, "app_tracking_enabled_ios": 1, "is_custom_override_case": 1, "intermediate_page_text": ""}}}]}}, {"type": "products", "id": "PPS1-B09GYLKM14", "attributes": {"name": "Acer Nitro Vg270 S 27 Inch (68.58 Cm) LCD 1920 x 1080 Pixels Monitor with LED Backlight Full Hd, Black", "card_type": true, "product_label": "", "category_price_starting_from": "", "category_earn_text": "", "category_detail": "", "facets": {"Colour": ["Black"]}, "image_url": "https://rukminim1.flixcart.com/image/416/416/ks0onm80/monitor/p/3/z/vg270-um-hv0ss-p03-acer-original-imag5zjmzfxwhx6h.jpeg?q=70", "image_urls": {"image_url_1": "https://rukminim1.flixcart.com/image/416/416/ks0onm80/monitor/p/3/z/vg270-um-hv0ss-p03-acer-original-imag5zjmzfxwhx6h.jpeg?q=70", "image_url_2": "https://rukminim1.flixcart.com/image/416/416/ks0onm80/monitor/o/j/u/vg270-um-hv0ss-p03-acer-original-imag5zjmchf5r4hc.jpeg?q=70", "image_url_3": "https://rukminim1.flixcart.com/image/416/416/k547l3k0/monitor/z/u/s/vg270-um-hv0ss-p03-acer-original-imafnvgkwxvx5jvm.jpeg?q=70", "image_url_4": ""}, "cashback_url": "https://tracking.cashkaro.com/visitproduct/18865/PPS1-B09GYLKM14?id=", "is_compared": true, "brand": "Acer", "product_button_text": "", "product_start_datetime": null, "product_end_datetime": null, "merchant_offer_id": "18865", "merchant_name": "Amazon Mobiles and Computers Accessories", "cashback_type": "Rewards", "merchant_image_url": "https://asset20.ckassets.com/resources/image/stores/amazon-1602658695.png", "offer_type": "Cashback + Coupons", "coupons_count": 0, "secondary_cashback_count": 3, "compared_CKSID": "CKS-Monitors-000019", "compared_sellers_count": 2, "compared_product_name": "Acer Nitro Vg270 S 27 Inch (68.58 Cm) LCD 1920 x 1080 Pixels Monitor with LED Backlight Full Hd", "price": {"original_price": "29999.00", "discounted_price": "19999.00", "cashback_amount": "0.00", "price_aftercashback": "19999.00", "currency": "INR", "discount_percentage": 33}, "key_features": {"Seller": "Flipkart", "Brand": "Acer"}}, "relationships": {"products_compared": [{"type": "products", "id": "PPS1-B09GYLKM14", "attributes": {"cashback_url": "https://tracking.cashkaro.com/visitproduct/18865/PPS1-B09GYLKM14?id=", "product_label": "", "availability": "Yes", "card_type": true, "price": {"original_price": "29999.00", "discounted_price": "19999.00", "cashback_amount": "0.00", "price_aftercashback": "19999.00", "currency": "INR"}, "product_button_text": "", "product_start_datetime": null, "product_end_datetime": null, "merchant": {"offer_id": "18865", "name": "Amazon Mobiles and Computers Accessories", "unique_identifier": "amazon-electronics", "cashback_type": "Rewards", "cashback_payment_type": "percent", "offer_type": "Cashback + Coupons", "image_url": "https://asset20.ckassets.com/resources/image/stores/amazon-1602658695.png", "coupons_count": 0, "secondary_cashback_count": 3, "final_terms_condition": "<li>Add Products to your cart / wishlist only after clicking out from CashKaro</li><li>Rewards on Amazon App orders: Yes</li><li>No CashKaro Rewards on transactions through Amazon Business Account</li><li>Your Missing Rewards ticket will be resolved within 10 Days</li>", "report_storename": "Amazon", "app_tracking_enabled_android": 1, "app_tracking_enabled_ios": 1, "is_custom_override_case": 1, "intermediate_page_text": ""}}}, {"type": "products", "id": "PPS4-itmfdace6fda446e", "attributes": {"cashback_url": "https://tracking.cashkaro.com/visitproduct/22012/PPS4-itmfdace6fda446e?id=", "product_label": "", "availability": "No", "card_type": true, "price": {"original_price": "21999.00", "discounted_price": "15600.00", "cashback_amount": "210.00", "price_aftercashback": "15390.00", "currency": "INR"}, "product_button_text": "", "product_start_datetime": null, "product_end_datetime": null, "merchant": {"offer_id": "22012", "name": "Flipkart Large Appliance MarMap", "unique_identifier": "flipkart-largeapp-marmap", "cashback_type": "Rewards", "cashback_payment_type": "percent", "offer_type": "Cashback only", "image_url": "https://asset20.ckassets.com/resources/image/stores/flipkart-tv-bbd-mapping-1697103111.png", "coupons_count": 0, "secondary_cashback_count": 1, "final_terms_condition": "<li>Add products to your Cart/Wishlist only after clicking out from CashKaro</li><li>Missing Reward Tickets will be resolved within 10 days</li>", "report_storename": "Flipkart", "app_tracking_enabled_android": 1, "app_tracking_enabled_ios": 1, "is_custom_override_case": 1, "intermediate_page_text": ""}}}]}}, {"type": "products", "id": "PPS1-B09XK4GCY1", "attributes": {"name": "ZEBRONICS AC32FHD LED Curved 75Hz (81.28 Cm) 1920x1080 Pixels FHD Resolution Monitor with HDMI + VGA Dual Input, Built-in Speaker, Black", "card_type": true, "product_label": "", "category_price_starting_from": "", "category_earn_text": "", "category_detail": "", "facets": {"Colour": ["Black"]}, "image_url": "https://rukminim1.flixcart.com/image/416/416/l3ahpjk0/monitor/a/v/q/-original-imagefsf8hkyuhdj.jpeg?q=70", "image_urls": {"image_url_1": "https://rukminim1.flixcart.com/image/416/416/l3ahpjk0/monitor/a/v/q/-original-imagefsf8hkyuhdj.jpeg?q=70", "image_url_2": "https://rukminim1.flixcart.com/image/416/416/l3ahpjk0/monitor/q/1/c/-original-imagefsfgqg74r4t.jpeg?q=70", "image_url_3": "https://rukminim1.flixcart.com/image/416/416/l3ahpjk0/monitor/b/x/e/-original-imagefsfhzcrhgvv.jpeg?q=70", "image_url_4": ""}, "cashback_url": "https://tracking.cashkaro.com/visitproduct/18865/PPS1-B09XK4GCY1?id=", "is_compared": true, "brand": "Zebronics", "product_button_text": "", "product_start_datetime": null, "product_end_datetime": null, "merchant_offer_id": "18865", "merchant_name": "Amazon Mobiles and Computers Accessories", "cashback_type": "Rewards", "merchant_image_url": "https://asset20.ckassets.com/resources/image/stores/amazon-1602658695.png", "offer_type": "Cashback + Coupons", "coupons_count": 0, "secondary_cashback_count": 3, "compared_CKSID": "CKS-Monitors-000026", "compared_sellers_count": 2, "compared_product_name": "ZEBRONICS AC32FHD LED Curved 75Hz 80Cm (32\") (81.28 Cm) 1920x1080 Pixels FHD Resolution Monitor with HDMI and VGA Dual Input, Built-in Speaker", "price": {"original_price": "29999.00", "discounted_price": "12132.00", "cashback_amount": "0.00", "price_aftercashback": "12132.00", "currency": "INR", "discount_percentage": 60}, "key_features": {"Seller": "Amazon", "Brand": "ZEBRONICS"}}, "relationships": {"products_compared": [{"type": "products", "id": "PPS1-B09XK4GCY1", "attributes": {"cashback_url": "https://tracking.cashkaro.com/visitproduct/18865/PPS1-B09XK4GCY1?id=", "product_label": "", "availability": "Yes", "card_type": true, "price": {"original_price": "29999.00", "discounted_price": "12132.00", "cashback_amount": "0.00", "price_aftercashback": "12132.00", "currency": "INR"}, "product_button_text": "", "product_start_datetime": null, "product_end_datetime": null, "merchant": {"offer_id": "18865", "name": "Amazon Mobiles and Computers Accessories", "unique_identifier": "amazon-electronics", "cashback_type": "Rewards", "cashback_payment_type": "percent", "offer_type": "Cashback + Coupons", "image_url": "https://asset20.ckassets.com/resources/image/stores/amazon-1602658695.png", "coupons_count": 0, "secondary_cashback_count": 3, "final_terms_condition": "<li>Add Products to your cart / wishlist only after clicking out from CashKaro</li><li>Rewards on Amazon App orders: Yes</li><li>No CashKaro Rewards on transactions through Amazon Business Account</li><li>Your Missing Rewards ticket will be resolved within 10 Days</li>", "report_storename": "Amazon", "app_tracking_enabled_android": 1, "app_tracking_enabled_ios": 1, "is_custom_override_case": 1, "intermediate_page_text": ""}}}, {"type": "products", "id": "PPS4-itmd0bf3471b1e6f", "attributes": {"cashback_url": "https://tracking.cashkaro.com/visitproduct/22012/PPS4-itmd0bf3471b1e6f?id=", "product_label": "", "availability": "Yes", "card_type": true, "price": {"original_price": "29999.00", "discounted_price": "29999.00", "cashback_amount": "210.00", "price_aftercashback": "29789.00", "currency": "INR"}, "product_button_text": "", "product_start_datetime": null, "product_end_datetime": null, "merchant": {"offer_id": "22012", "name": "Flipkart Large Appliance MarMap", "unique_identifier": "flipkart-largeapp-marmap", "cashback_type": "Rewards", "cashback_payment_type": "percent", "offer_type": "Cashback only", "image_url": "https://asset20.ckassets.com/resources/image/stores/flipkart-tv-bbd-mapping-1697103111.png", "coupons_count": 0, "secondary_cashback_count": 1, "final_terms_condition": "<li>Add products to your Cart/Wishlist only after clicking out from CashKaro</li><li>Missing Reward Tickets will be resolved within 10 days</li>", "report_storename": "Flipkart", "app_tracking_enabled_android": 1, "app_tracking_enabled_ios": 1, "is_custom_override_case": 1, "intermediate_page_text": ""}}}]}}, {"type": "products", "id": "PPS4-itm0cedfb5040f99", "attributes": {"name": "Acer Nitro VG240YS 23.8 Inch (60.45 Cm) IPS Full HD 1920 X 1080 Pixels Gaming LCD Monitor, Black", "card_type": true, "product_label": "", "category_price_starting_from": "", "category_earn_text": "", "category_detail": "", "facets": {"Colour": ["Black"]}, "image_url": "https://rukminim1.flixcart.com/image/416/416/kk76wsw0/monitor/z/j/2/vg240ys-um-qv0ss-s01-acer-original-imafzhrx7chh7cbg.jpeg?q=70", "image_urls": {"image_url_1": "https://rukminim1.flixcart.com/image/416/416/kk76wsw0/monitor/z/j/2/vg240ys-um-qv0ss-s01-acer-original-imafzhrx7chh7cbg.jpeg?q=70", "image_url_2": "https://rukminim1.flixcart.com/image/416/416/xif0q/monitor/v/k/4/-original-imagqcmhjam7dthr.jpeg?q=70", "image_url_3": "https://rukminim1.flixcart.com/image/416/416/xif0q/monitor/p/t/6/-original-imagqcmhrcbwpevc.jpeg?q=70", "image_url_4": ""}, "cashback_url": "https://tracking.cashkaro.com/visitproduct/22012/PPS4-itm0cedfb5040f99?id=", "is_compared": true, "brand": "Acer", "product_button_text": "", "product_start_datetime": null, "product_end_datetime": null, "merchant_offer_id": "22012", "merchant_name": "Flipkart Large Appliance MarMap", "cashback_type": "Rewards", "merchant_image_url": "https://asset20.ckassets.com/resources/image/stores/flipkart-tv-bbd-mapping-1697103111.png", "offer_type": "Cashback only", "coupons_count": 0, "secondary_cashback_count": 1, "compared_CKSID": "CKS-Monitors-000018", "compared_sellers_count": 2, "compared_product_name": "Acer Nitro VG240YS 23.8 Inch (60.45 Cm) IPS Full HD 1920 X 1080 Pixels Gaming LCD Monitor", "price": {"original_price": "17500.00", "discounted_price": "9999.00", "cashback_amount": "210.00", "price_aftercashback": "9789.00", "currency": "INR", "discount_percentage": 43}, "key_features": {"Seller": "Flipkart", "Brand": "Acer"}}, "relationships": {"products_compared": [{"type": "products", "id": "PPS4-itm0cedfb5040f99", "attributes": {"cashback_url": "https://tracking.cashkaro.com/visitproduct/22012/PPS4-itm0cedfb5040f99?id=", "product_label": "", "availability": "Yes", "card_type": true, "price": {"original_price": "17500.00", "discounted_price": "9999.00", "cashback_amount": "210.00", "price_aftercashback": "9789.00", "currency": "INR"}, "product_button_text": "", "product_start_datetime": null, "product_end_datetime": null, "merchant": {"offer_id": "22012", "name": "Flipkart Large Appliance MarMap", "unique_identifier": "flipkart-largeapp-marmap", "cashback_type": "Rewards", "cashback_payment_type": "percent", "offer_type": "Cashback only", "image_url": "https://asset20.ckassets.com/resources/image/stores/flipkart-tv-bbd-mapping-1697103111.png", "coupons_count": 0, "secondary_cashback_count": 1, "final_terms_condition": "<li>Add products to your Cart/Wishlist only after clicking out from CashKaro</li><li>Missing Reward Tickets will be resolved within 10 days</li>", "report_storename": "Flipkart", "app_tracking_enabled_android": 1, "app_tracking_enabled_ios": 1, "is_custom_override_case": 1, "intermediate_page_text": ""}}}, {"type": "products", "id": "PPS1-B088FLG41L", "attributes": {"cashback_url": "https://tracking.cashkaro.com/visitproduct/18865/PPS1-B088FLG41L?id=", "product_label": "", "availability": "Yes", "card_type": true, "price": {"original_price": "24000.00", "discounted_price": "11173.00", "cashback_amount": "0.00", "price_aftercashback": "11173.00", "currency": "INR"}, "product_button_text": "", "product_start_datetime": null, "product_end_datetime": null, "merchant": {"offer_id": "18865", "name": "Amazon Mobiles and Computers Accessories", "unique_identifier": "amazon-electronics", "cashback_type": "Rewards", "cashback_payment_type": "percent", "offer_type": "Cashback + Coupons", "image_url": "https://asset20.ckassets.com/resources/image/stores/amazon-1602658695.png", "coupons_count": 0, "secondary_cashback_count": 3, "final_terms_condition": "<li>Add Products to your cart / wishlist only after clicking out from CashKaro</li><li>Rewards on Amazon App orders: Yes</li><li>No CashKaro Rewards on transactions through Amazon Business Account</li><li>Your Missing Rewards ticket will be resolved within 10 Days</li>", "report_storename": "Amazon", "app_tracking_enabled_android": 1, "app_tracking_enabled_ios": 1, "is_custom_override_case": 1, "intermediate_page_text": ""}}}]}}, {"type": "products", "id": "PPS4-itmb1b73f35b99b1", "attributes": {"name": "Samsung 32-Inch(80.13Cm) LED 1920 x 1080 Pixels, M5 FHD Smart Monitor, (LS32BM500EWXXL, Black)", "card_type": true, "product_label": "", "category_price_starting_from": "", "category_earn_text": "", "category_detail": "", "facets": {"Colour": ["Black"]}, "image_url": "https://m.media-amazon.com/images/I/819il1jGUGL._SX679_.jpg", "image_urls": {"image_url_1": "https://m.media-amazon.com/images/I/819il1jGUGL._SX679_.jpg", "image_url_2": "https://m.media-amazon.com/images/I/31iRILmsVrL._SS40_.jpg", "image_url_3": "https://m.media-amazon.com/images/I/71ajsVrCA6L._SX679_.jpg", "image_url_4": ""}, "cashback_url": "https://tracking.cashkaro.com/visitproduct/22012/PPS4-itmb1b73f35b99b1?id=", "is_compared": true, "brand": "Samsung", "product_button_text": "", "product_start_datetime": null, "product_end_datetime": null, "merchant_offer_id": "22012", "merchant_name": "Flipkart Large Appliance MarMap", "cashback_type": "Rewards", "merchant_image_url": "https://asset20.ckassets.com/resources/image/stores/flipkart-tv-bbd-mapping-1697103111.png", "offer_type": "Cashback only", "coupons_count": 0, "secondary_cashback_count": 1, "compared_CKSID": "CKS-Monitors-000024", "compared_sellers_count": 2, "compared_product_name": "Samsung 32-Inch(80.13Cm) LED 1920 x 1080 Pixels, M5 FHD Smart Monitor", "price": {"original_price": "35000.00", "discounted_price": "19499.00", "cashback_amount": "210.00", "price_aftercashback": "19289.00", "currency": "INR", "discount_percentage": 44}, "key_features": {"Seller": "Flipkart", "Brand": "Samsung"}}, "relationships": {"products_compared": [{"type": "products", "id": "PPS4-itmb1b73f35b99b1", "attributes": {"cashback_url": "https://tracking.cashkaro.com/visitproduct/22012/PPS4-itmb1b73f35b99b1?id=", "product_label": "", "availability": "Yes", "card_type": true, "price": {"original_price": "35000.00", "discounted_price": "19499.00", "cashback_amount": "210.00", "price_aftercashback": "19289.00", "currency": "INR"}, "product_button_text": "", "product_start_datetime": null, "product_end_datetime": null, "merchant": {"offer_id": "22012", "name": "Flipkart Large Appliance MarMap", "unique_identifier": "flipkart-largeapp-marmap", "cashback_type": "Rewards", "cashback_payment_type": "percent", "offer_type": "Cashback only", "image_url": "https://asset20.ckassets.com/resources/image/stores/flipkart-tv-bbd-mapping-1697103111.png", "coupons_count": 0, "secondary_cashback_count": 1, "final_terms_condition": "<li>Add products to your Cart/Wishlist only after clicking out from CashKaro</li><li>Missing Reward Tickets will be resolved within 10 days</li>", "report_storename": "Flipkart", "app_tracking_enabled_android": 1, "app_tracking_enabled_ios": 1, "is_custom_override_case": 1, "intermediate_page_text": ""}}}, {"type": "products", "id": "PPS1-B09Y5GHFVH", "attributes": {"cashback_url": "https://tracking.cashkaro.com/visitproduct/18865/PPS1-B09Y5GHFVH?id=", "product_label": "", "availability": "Yes", "card_type": true, "price": {"original_price": "36000.00", "discounted_price": "32500.00", "cashback_amount": "0.00", "price_aftercashback": "32500.00", "currency": "INR"}, "product_button_text": "", "product_start_datetime": null, "product_end_datetime": null, "merchant": {"offer_id": "18865", "name": "Amazon Mobiles and Computers Accessories", "unique_identifier": "amazon-electronics", "cashback_type": "Rewards", "cashback_payment_type": "percent", "offer_type": "Cashback + Coupons", "image_url": "https://asset20.ckassets.com/resources/image/stores/amazon-1602658695.png", "coupons_count": 0, "secondary_cashback_count": 3, "final_terms_condition": "<li>Add Products to your cart / wishlist only after clicking out from CashKaro</li><li>Rewards on Amazon App orders: Yes</li><li>No CashKaro Rewards on transactions through Amazon Business Account</li><li>Your Missing Rewards ticket will be resolved within 10 Days</li>", "report_storename": "Amazon", "app_tracking_enabled_android": 1, "app_tracking_enabled_ios": 1, "is_custom_override_case": 1, "intermediate_page_text": ""}}}]}}, {"type": "products", "id": "PPS1-B07JF6NK24", "attributes": {"name": "Acer HA240Y 23.8 Inch (60.45 Cm) Full HD IPS Ultra Slim LCD Monitor with LED Back Light Technology I Frameless Design, White", "card_type": true, "product_label": "", "category_price_starting_from": "", "category_earn_text": "", "category_detail": "", "facets": {"Colour": ["White"]}, "image_url": "https://rukminim1.flixcart.com/image/416/416/ks0onm80/monitor/8/k/l/ha240y-um-hw0si-a01-acer-original-imag5zjzfcfgzydm.jpeg?q=70", "image_urls": {"image_url_1": "https://rukminim1.flixcart.com/image/416/416/ks0onm80/monitor/8/k/l/ha240y-um-hw0si-a01-acer-original-imag5zjzfcfgzydm.jpeg?q=70", "image_url_2": "https://rukminim1.flixcart.com/image/416/416/ks0onm80/monitor/a/y/b/ha240y-um-hw0si-a01-acer-original-imag5zjztsfzvbmb.jpeg?q=70", "image_url_3": "https://rukminim1.flixcart.com/image/416/416/xif0q/monitor/c/t/h/-original-imagj8ap9g4g8v7a.jpeg?q=70", "image_url_4": ""}, "cashback_url": "https://tracking.cashkaro.com/visitproduct/18865/PPS1-B07JF6NK24?id=", "is_compared": true, "brand": "Acer", "product_button_text": "", "product_start_datetime": null, "product_end_datetime": null, "merchant_offer_id": "18865", "merchant_name": "Amazon Mobiles and Computers Accessories", "cashback_type": "Rewards", "merchant_image_url": "https://asset20.ckassets.com/resources/image/stores/amazon-1602658695.png", "offer_type": "Cashback + Coupons", "coupons_count": 0, "secondary_cashback_count": 3, "compared_CKSID": "CKS-Monitors-000016", "compared_sellers_count": 2, "compared_product_name": "Acer HA220Q 21.5 Inch (54.61 Cm) Full HD IPS Ultra Slim LCD Monitor with LED Back Light Technology I Frameless Design", "price": {"original_price": "9987.00", "discounted_price": "9987.00", "cashback_amount": "0.00", "price_aftercashback": "9987.00", "currency": "INR"}, "key_features": {"Seller": "Flipkart", "Brand": "Acer"}}, "relationships": {"products_compared": [{"type": "products", "id": "PPS1-B07JF6NK24", "attributes": {"cashback_url": "https://tracking.cashkaro.com/visitproduct/18865/PPS1-B07JF6NK24?id=", "product_label": "", "availability": "Yes", "card_type": true, "price": {"original_price": "9987.00", "discounted_price": "9987.00", "cashback_amount": "0.00", "price_aftercashback": "9987.00", "currency": "INR"}, "product_button_text": "", "product_start_datetime": null, "product_end_datetime": null, "merchant": {"offer_id": "18865", "name": "Amazon Mobiles and Computers Accessories", "unique_identifier": "amazon-electronics", "cashback_type": "Rewards", "cashback_payment_type": "percent", "offer_type": "Cashback + Coupons", "image_url": "https://asset20.ckassets.com/resources/image/stores/amazon-1602658695.png", "coupons_count": 0, "secondary_cashback_count": 3, "final_terms_condition": "<li>Add Products to your cart / wishlist only after clicking out from CashKaro</li><li>Rewards on Amazon App orders: Yes</li><li>No CashKaro Rewards on transactions through Amazon Business Account</li><li>Your Missing Rewards ticket will be resolved within 10 Days</li>", "report_storename": "Amazon", "app_tracking_enabled_android": 1, "app_tracking_enabled_ios": 1, "is_custom_override_case": 1, "intermediate_page_text": ""}}}, {"type": "products", "id": "PPS4-itmfdfdjxg7gdzpf", "attributes": {"cashback_url": "https://tracking.cashkaro.com/visitproduct/22012/PPS4-itmfdfdjxg7gdzpf?id=", "product_label": "", "availability": "No", "card_type": true, "price": {"original_price": "15700.00", "discounted_price": "8299.00", "cashback_amount": "210.00", "price_aftercashback": "8089.00", "currency": "INR"}, "product_button_text": "", "product_start_datetime": null, "product_end_datetime": null, "merchant": {"offer_id": "22012", "name": "Flipkart Large Appliance MarMap", "unique_identifier": "flipkart-largeapp-marmap", "cashback_type": "Rewards", "cashback_payment_type": "percent", "offer_type": "Cashback only", "image_url": "https://asset20.ckassets.com/resources/image/stores/flipkart-tv-bbd-mapping-1697103111.png", "coupons_count": 0, "secondary_cashback_count": 1, "final_terms_condition": "<li>Add products to your Cart/Wishlist only after clicking out from CashKaro</li><li>Missing Reward Tickets will be resolved within 10 days</li>", "report_storename": "Flipkart", "app_tracking_enabled_android": 1, "app_tracking_enabled_ios": 1, "is_custom_override_case": 1, "intermediate_page_text": ""}}}]}}, {"type": "products", "id": "PPS4-itm5259f9266051a", "attributes": {"name": "MSI PRO MP241X - Professional Computer LED Monitor 24 inches Full HD (1920 x 1080) Pixels, Black", "card_type": true, "product_label": "", "category_price_starting_from": "", "category_earn_text": "", "category_detail": "", "facets": {"Colour": ["Black"]}, "image_url": "https://rukminim1.flixcart.com/image/416/416/xif0q/monitor/y/4/a/pro-full-hd-24-mp241x-msi-original-imagj5y3cnwgh767.jpeg?q=70", "image_urls": {"image_url_1": "https://rukminim1.flixcart.com/image/416/416/xif0q/monitor/y/4/a/pro-full-hd-24-mp241x-msi-original-imagj5y3cnwgh767.jpeg?q=70", "image_url_2": "https://rukminim1.flixcart.com/image/416/416/xif0q/monitor/8/m/q/pro-full-hd-24-mp241x-msi-original-imagj5y3ccc4nq6x.jpeg?q=70", "image_url_3": "https://rukminim1.flixcart.com/image/416/416/xif0q/monitor/m/3/n/pro-full-hd-24-mp241x-msi-original-imagj5y3bcmmyfng.jpeg?q=70", "image_url_4": ""}, "cashback_url": "https://tracking.cashkaro.com/visitproduct/22012/PPS4-itm5259f9266051a?id=", "is_compared": true, "brand": "MSI", "product_button_text": "", "product_start_datetime": null, "product_end_datetime": null, "merchant_offer_id": "22012", "merchant_name": "Flipkart Large Appliance MarMap", "cashback_type": "Rewards", "merchant_image_url": "https://asset20.ckassets.com/resources/image/stores/flipkart-tv-bbd-mapping-1697103111.png", "offer_type": "Cashback only", "coupons_count": 0, "secondary_cashback_count": 1, "compared_CKSID": "CKS-Monitors-000022", "compared_sellers_count": 2, "compared_product_name": "MSI PRO MP241X - Professional Computer LED Monitor 24 inches Full HD (1920 x 1080) Pixels", "price": {"original_price": "11800.00", "discounted_price": "6199.00", "cashback_amount": "173.57", "price_aftercashback": "6025.43", "currency": "INR", "discount_percentage": 47}, "key_features": {"Seller": "Flipkart", "Brand": "MSI"}}, "relationships": {"products_compared": [{"type": "products", "id": "PPS4-itm5259f9266051a", "attributes": {"cashback_url": "https://tracking.cashkaro.com/visitproduct/22012/PPS4-itm5259f9266051a?id=", "product_label": "", "availability": "Yes", "card_type": true, "price": {"original_price": "11800.00", "discounted_price": "6199.00", "cashback_amount": "173.57", "price_aftercashback": "6025.43", "currency": "INR"}, "product_button_text": "", "product_start_datetime": null, "product_end_datetime": null, "merchant": {"offer_id": "22012", "name": "Flipkart Large Appliance MarMap", "unique_identifier": "flipkart-largeapp-marmap", "cashback_type": "Rewards", "cashback_payment_type": "percent", "offer_type": "Cashback only", "image_url": "https://asset20.ckassets.com/resources/image/stores/flipkart-tv-bbd-mapping-1697103111.png", "coupons_count": 0, "secondary_cashback_count": 1, "final_terms_condition": "<li>Add products to your Cart/Wishlist only after clicking out from CashKaro</li><li>Missing Reward Tickets will be resolved within 10 days</li>", "report_storename": "Flipkart", "app_tracking_enabled_android": 1, "app_tracking_enabled_ios": 1, "is_custom_override_case": 1, "intermediate_page_text": ""}}}, {"type": "products", "id": "PPS1-B0BBRF9M4F", "attributes": {"cashback_url": "https://tracking.cashkaro.com/visitproduct/18865/PPS1-B0BBRF9M4F?id=", "product_label": "", "availability": "Yes", "card_type": true, "price": {"original_price": "17999.00", "discounted_price": "7199.00", "cashback_amount": "0.00", "price_aftercashback": "7199.00", "currency": "INR"}, "product_button_text": "", "product_start_datetime": null, "product_end_datetime": null, "merchant": {"offer_id": "18865", "name": "Amazon Mobiles and Computers Accessories", "unique_identifier": "amazon-electronics", "cashback_type": "Rewards", "cashback_payment_type": "percent", "offer_type": "Cashback + Coupons", "image_url": "https://asset20.ckassets.com/resources/image/stores/amazon-1602658695.png", "coupons_count": 0, "secondary_cashback_count": 3, "final_terms_condition": "<li>Add Products to your cart / wishlist only after clicking out from CashKaro</li><li>Rewards on Amazon App orders: Yes</li><li>No CashKaro Rewards on transactions through Amazon Business Account</li><li>Your Missing Rewards ticket will be resolved within 10 Days</li>", "report_storename": "Amazon", "app_tracking_enabled_android": 1, "app_tracking_enabled_ios": 1, "is_custom_override_case": 1, "intermediate_page_text": ""}}}]}}, {"type": "products", "id": "PPS1-B08K9YLTJ7", "attributes": {"name": "Acer ED270R 27 Inch (68.58 Cm) 1920 X 1080 Pixels Full Hd 1500 R Curved Gaming LCD Monitor, Black", "card_type": true, "product_label": "", "category_price_starting_from": "", "category_earn_text": "", "category_detail": "", "facets": {"Colour": ["Black"]}, "image_url": "https://rukminim1.flixcart.com/image/416/416/l01blow0/monitor/r/4/5/-original-imagbwzvfs7ddqtn.jpeg?q=70", "image_urls": {"image_url_1": "https://rukminim1.flixcart.com/image/416/416/l01blow0/monitor/r/4/5/-original-imagbwzvfs7ddqtn.jpeg?q=70", "image_url_2": "https://rukminim1.flixcart.com/image/416/416/l01blow0/monitor/x/q/z/-original-imagbwzvgjc9ryyp.jpeg?q=70", "image_url_3": "https://rukminim1.flixcart.com/image/416/416/l01blow0/monitor/p/c/x/-original-imagbwzvdtfbfjsf.jpeg?q=70", "image_url_4": ""}, "cashback_url": "https://tracking.cashkaro.com/visitproduct/18865/PPS1-B08K9YLTJ7?id=", "is_compared": true, "brand": "Acer", "product_button_text": "", "product_start_datetime": null, "product_end_datetime": null, "merchant_offer_id": "18865", "merchant_name": "Amazon Mobiles and Computers Accessories", "cashback_type": "Rewards", "merchant_image_url": "https://asset20.ckassets.com/resources/image/stores/amazon-1602658695.png", "offer_type": "Cashback + Coupons", "coupons_count": 0, "secondary_cashback_count": 3, "compared_CKSID": "CKS-Monitors-000014", "compared_sellers_count": 2, "compared_product_name": "Acer ED270R 27 Inch (68.58 Cm) 1920 X 1080 Pixels Full Hd 1500 R Curved Gaming LCD Monitor", "price": {"original_price": "24999.00", "discounted_price": "16399.00", "cashback_amount": "0.00", "price_aftercashback": "16399.00", "currency": "INR", "discount_percentage": 34}, "key_features": {"Seller": "Flipkart", "Brand": "Acer"}}, "relationships": {"products_compared": [{"type": "products", "id": "PPS1-B08K9YLTJ7", "attributes": {"cashback_url": "https://tracking.cashkaro.com/visitproduct/18865/PPS1-B08K9YLTJ7?id=", "product_label": "", "availability": "Yes", "card_type": true, "price": {"original_price": "24999.00", "discounted_price": "16399.00", "cashback_amount": "0.00", "price_aftercashback": "16399.00", "currency": "INR"}, "product_button_text": "", "product_start_datetime": null, "product_end_datetime": null, "merchant": {"offer_id": "18865", "name": "Amazon Mobiles and Computers Accessories", "unique_identifier": "amazon-electronics", "cashback_type": "Rewards", "cashback_payment_type": "percent", "offer_type": "Cashback + Coupons", "image_url": "https://asset20.ckassets.com/resources/image/stores/amazon-1602658695.png", "coupons_count": 0, "secondary_cashback_count": 3, "final_terms_condition": "<li>Add Products to your cart / wishlist only after clicking out from CashKaro</li><li>Rewards on Amazon App orders: Yes</li><li>No CashKaro Rewards on transactions through Amazon Business Account</li><li>Your Missing Rewards ticket will be resolved within 10 Days</li>", "report_storename": "Amazon", "app_tracking_enabled_android": 1, "app_tracking_enabled_ios": 1, "is_custom_override_case": 1, "intermediate_page_text": ""}}}, {"type": "products", "id": "PPS4-itm387fae5a0dc59", "attributes": {"cashback_url": "https://tracking.cashkaro.com/visitproduct/22012/PPS4-itm387fae5a0dc59?id=", "product_label": "", "availability": "No", "card_type": true, "price": {"original_price": "17900.00", "discounted_price": "11999.00", "cashback_amount": "210.00", "price_aftercashback": "11789.00", "currency": "INR"}, "product_button_text": "", "product_start_datetime": null, "product_end_datetime": null, "merchant": {"offer_id": "22012", "name": "Flipkart Large Appliance MarMap", "unique_identifier": "flipkart-largeapp-marmap", "cashback_type": "Rewards", "cashback_payment_type": "percent", "offer_type": "Cashback only", "image_url": "https://asset20.ckassets.com/resources/image/stores/flipkart-tv-bbd-mapping-1697103111.png", "coupons_count": 0, "secondary_cashback_count": 1, "final_terms_condition": "<li>Add products to your Cart/Wishlist only after clicking out from CashKaro</li><li>Missing Reward Tickets will be resolved within 10 days</li>", "report_storename": "Flipkart", "app_tracking_enabled_android": 1, "app_tracking_enabled_ios": 1, "is_custom_override_case": 1, "intermediate_page_text": ""}}}]}}, {"type": "products", "id": "PPS1-B09GWB35XV", "attributes": {"name": "LG 22Mp68Vq 22 Inch (55 Cm) LCD 1920 X 1080 Pixels IPS Full HD Monitor, Black", "card_type": true, "product_label": "", "category_price_starting_from": "", "category_earn_text": "", "category_detail": "", "facets": {"Colour": ["Black"]}, "image_url": "https://rukminim1.flixcart.com/image/416/416/k02qnww0/monitor/s/z/c/22mp68vq-22mp68-lg-original-imafjy9zfwfnngna.jpeg?q=70", "image_urls": {"image_url_1": "https://rukminim1.flixcart.com/image/416/416/k02qnww0/monitor/s/z/c/22mp68vq-22mp68-lg-original-imafjy9zfwfnngna.jpeg?q=70", "image_url_2": "https://rukminim1.flixcart.com/image/416/416/k02qnww0/monitor/s/z/c/22mp68vq-22mp68-lg-original-imafjy9zqd6usddz.jpeg?q=70", "image_url_3": "https://rukminim1.flixcart.com/image/416/416/k02qnww0/monitor/s/z/c/22mp68vq-22mp68-lg-original-imafjy9zfszhznws.jpeg?q=70", "image_url_4": ""}, "cashback_url": "https://tracking.cashkaro.com/visitproduct/18865/PPS1-B09GWB35XV?id=", "is_compared": true, "brand": "LG", "product_button_text": "", "product_start_datetime": null, "product_end_datetime": null, "merchant_offer_id": "18865", "merchant_name": "Amazon Mobiles and Computers Accessories", "cashback_type": "Rewards", "merchant_image_url": "https://asset20.ckassets.com/resources/image/stores/amazon-1602658695.png", "offer_type": "Cashback + Coupons", "coupons_count": 0, "secondary_cashback_count": 3, "compared_CKSID": "CKS-Monitors-000021", "compared_sellers_count": 2, "compared_product_name": "LG 22Mp68Vq 22 Inch (55 Cm) LCD 1920 X 1080 Pixels IPS Full HD Monitor", "price": {"original_price": "10999.00", "discounted_price": "8100.00", "cashback_amount": "0.00", "price_aftercashback": "8100.00", "currency": "INR", "discount_percentage": 26}, "key_features": {"Seller": "Amazon", "Brand": "LG"}}, "relationships": {"products_compared": [{"type": "products", "id": "PPS1-B09GWB35XV", "attributes": {"cashback_url": "https://tracking.cashkaro.com/visitproduct/18865/PPS1-B09GWB35XV?id=", "product_label": "", "availability": "Yes", "card_type": true, "price": {"original_price": "10999.00", "discounted_price": "8100.00", "cashback_amount": "0.00", "price_aftercashback": "8100.00", "currency": "INR"}, "product_button_text": "", "product_start_datetime": null, "product_end_datetime": null, "merchant": {"offer_id": "18865", "name": "Amazon Mobiles and Computers Accessories", "unique_identifier": "amazon-electronics", "cashback_type": "Rewards", "cashback_payment_type": "percent", "offer_type": "Cashback + Coupons", "image_url": "https://asset20.ckassets.com/resources/image/stores/amazon-1602658695.png", "coupons_count": 0, "secondary_cashback_count": 3, "final_terms_condition": "<li>Add Products to your cart / wishlist only after clicking out from CashKaro</li><li>Rewards on Amazon App orders: Yes</li><li>No CashKaro Rewards on transactions through Amazon Business Account</li><li>Your Missing Rewards ticket will be resolved within 10 Days</li>", "report_storename": "Amazon", "app_tracking_enabled_android": 1, "app_tracking_enabled_ios": 1, "is_custom_override_case": 1, "intermediate_page_text": ""}}}, {"type": "products", "id": "PPS4-itmety6nszghmbp4", "attributes": {"cashback_url": "https://tracking.cashkaro.com/visitproduct/22012/PPS4-itmety6nszghmbp4?id=", "product_label": "", "availability": "Yes", "card_type": true, "price": {"original_price": "13000.00", "discounted_price": "12899.00", "cashback_amount": "210.00", "price_aftercashback": "12689.00", "currency": "INR"}, "product_button_text": "", "product_start_datetime": null, "product_end_datetime": null, "merchant": {"offer_id": "22012", "name": "Flipkart Large Appliance MarMap", "unique_identifier": "flipkart-largeapp-marmap", "cashback_type": "Rewards", "cashback_payment_type": "percent", "offer_type": "Cashback only", "image_url": "https://asset20.ckassets.com/resources/image/stores/flipkart-tv-bbd-mapping-1697103111.png", "coupons_count": 0, "secondary_cashback_count": 1, "final_terms_condition": "<li>Add products to your Cart/Wishlist only after clicking out from CashKaro</li><li>Missing Reward Tickets will be resolved within 10 days</li>", "report_storename": "Flipkart", "app_tracking_enabled_android": 1, "app_tracking_enabled_ios": 1, "is_custom_override_case": 1, "intermediate_page_text": ""}}}]}}]