[{"type": "products", "id": "PPS1-B09SQDZL5V-dmy", "attributes": {"name": "BOSCH GSB 500 RE Kit Power and Hand Tool Kit, 100 Tools", "card_type": true, "product_label": "", "category_price_starting_from": "", "category_earn_text": "", "category_detail": "", "facets": [], "image_url": "https://rukminim2.flixcart.com/image/416/416/kk76wsw0/power-hand-tool-kit/7/t/z/06012161f8-bosch-original-imafzhdecykvgm2w.jpeg?q=70", "image_urls": {"image_url_1": "https://rukminim2.flixcart.com/image/416/416/kk76wsw0/power-hand-tool-kit/7/t/z/06012161f8-bosch-original-imafzhdecykvgm2w.jpeg?q=70", "image_url_2": "https://rukminim2.flixcart.com/image/416/416/kk76wsw0/power-hand-tool-kit/7/t/z/06012161f8-bosch-original-imafzhdecykvgm2w.jpeg?q=70", "image_url_3": "https://rukminim2.flixcart.com/image/416/416/kk76wsw0/power-hand-tool-kit/7/t/z/06012161f8-bosch-original-imafzhdecykvgm2w.jpeg?q=70", "image_url_4": ""}, "cashback_url": "https://tracking.cashkaro.com/visitproduct/18869/PPS1-B09SQDZL5V-dmy?id=", "is_compared": true, "brand": "Bosch", "product_button_text": "", "product_start_datetime": null, "product_end_datetime": null, "merchant_offer_id": "18869", "merchant_name": "Amazon Data Storage", "cashback_type": "Rewards", "merchant_image_url": "https://asset20.ckassets.com/resources/image/stores/amazon-1602658695.png", "offer_type": "Coupon only", "coupons_count": 0, "secondary_cashback_count": 0, "compared_CKSID": "CKS-SEOTEST-000003", "compared_sellers_count": 2, "compared_product_name": "BOSCH GSB 500 RE Kit Power and Hand Tool Kit, 100 Tools", "price": {"original_price": "4520.00", "discounted_price": "4520.00", "cashback_amount": "0.00", "price_aftercashback": "4520.00", "currency": "INR"}}}]