[{"type": "products", "id": "PPS1-B08J89D6BW", "attributes": {"name": "Xbox Series S", "card_type": true, "product_label": "", "category_price_starting_from": "", "category_earn_text": "", "category_detail": "", "facets": [], "image_url": "https://m.media-amazon.com/images/I/71NBQ2a52CL._SX679_.jpg", "image_urls": {"image_url_1": "https://m.media-amazon.com/images/I/71NBQ2a52CL._SX679_.jpg", "image_url_2": "https://m.media-amazon.com/images/I/71NBQ2a52CL._SX679_.jpg", "image_url_3": "https://m.media-amazon.com/images/I/71NBQ2a52CL._SX679_.jpg", "image_url_4": ""}, "cashback_url": "https://tracking.cashkaro.com/visitproduct/18884/PPS1-B08J89D6BW?id=", "is_compared": false, "brand": "Xbox", "product_button_text": "", "product_start_datetime": null, "product_end_datetime": null, "merchant_offer_id": "18884", "merchant_name": "Amazon Electronics Exclusive", "cashback_type": "Rewards", "merchant_image_url": "https://asset20.ckassets.com/resources/image/stores/amazon-1602658695.png", "offer_type": "Cashback + Coupons", "coupons_count": 0, "secondary_cashback_count": 0, "price": {"original_price": "39999.00", "discounted_price": "32799.00", "cashback_amount": "0.00", "price_aftercashback": "32799.00", "currency": "INR", "discount_percentage": 18}}}, {"type": "products", "id": "PPS4-itm13c51f9047da8", "attributes": {"name": "Xbox Series S", "card_type": true, "product_label": "", "category_price_starting_from": "", "category_earn_text": "", "category_detail": "", "facets": [], "image_url": "https://m.media-amazon.com/images/I/71NBQ2a52CL._SX679_.jpg", "image_urls": {"image_url_1": "https://m.media-amazon.com/images/I/71NBQ2a52CL._SX679_.jpg", "image_url_2": "https://m.media-amazon.com/images/I/71NBQ2a52CL._SX679_.jpg", "image_url_3": "https://m.media-amazon.com/images/I/71NBQ2a52CL._SX679_.jpg", "image_url_4": ""}, "cashback_url": "https://tracking.cashkaro.com/visitproduct/22012/PPS4-itm13c51f9047da8?id=", "is_compared": false, "brand": "Xbox", "product_button_text": "", "product_start_datetime": null, "product_end_datetime": null, "merchant_offer_id": "22012", "merchant_name": "Flipkart Large Appliance MarMap", "cashback_type": "Rewards", "merchant_image_url": "https://asset20.ckassets.com/resources/image/stores/flipkart-tv-bbd-mapping-1697103111.png", "offer_type": "Cashback only", "coupons_count": 0, "secondary_cashback_count": 1, "price": {"original_price": "37990.00", "discounted_price": "32990.00", "cashback_amount": "210.00", "price_aftercashback": "32780.00", "currency": "INR", "discount_percentage": 13}}}]