[{"type": "products", "id": "PPS1-B00B7GHQQW", "attributes": {"name": "Orpat Fan Heater - OEH-1220 - 2000 Watt", "card_type": true, "product_label": "", "category_price_starting_from": "", "category_earn_text": "", "category_detail": "", "facets": {"Colour": ["White"]}, "image_url": "https://m.media-amazon.com/images/I/51mk++AdYoL.jpg", "image_urls": {"image_url_1": "https://m.media-amazon.com/images/I/51mk++AdYoL.jpg", "image_url_2": "", "image_url_3": "", "image_url_4": ""}, "cashback_url": "https://tracking.cashkaro.com/visitproduct/18886/PPS1-B00B7GHQQW?id=", "is_compared": true, "brand": "Orpat", "product_button_text": "", "product_start_datetime": null, "product_end_datetime": null, "merchant_offer_id": "18886", "merchant_name": "Amazon Home & Kitchen Exclusive", "cashback_type": "Rewards", "merchant_image_url": "https://asset20.ckassets.com/resources/image/stores/amazon-1602658695.png", "offer_type": "Cashback + Coupons", "coupons_count": 0, "secondary_cashback_count": 0, "compared_CKSID": "CKS-Room-Heaters-000013", "compared_sellers_count": 2, "compared_product_name": "Orpat Fan Heater - OEH-1220 - 2000 Watt", "price": {"original_price": "1295.00", "discounted_price": "1049.00", "cashback_amount": "0.00", "price_aftercashback": "1049.00", "currency": "INR", "discount_percentage": 19}, "key_features": {"Seller": "Amazon", "Brand": "Orpat", "Power Consumption": "2000 Watt"}}, "relationships": {"products_compared": [{"type": "products", "id": "PPS1-B00B7GHQQW", "attributes": {"cashback_url": "https://tracking.cashkaro.com/visitproduct/18886/PPS1-B00B7GHQQW?id=", "product_label": "", "availability": "Yes", "card_type": true, "price": {"original_price": "1295.00", "discounted_price": "1049.00", "cashback_amount": "0.00", "price_aftercashback": "1049.00", "currency": "INR"}, "product_button_text": "", "product_start_datetime": null, "product_end_datetime": null, "merchant": {"offer_id": "18886", "name": "Amazon Home & Kitchen Exclusive", "unique_identifier": "amazon-home-kitchen-exclusive-1", "cashback_type": "Rewards", "cashback_payment_type": "percent", "offer_type": "Cashback + Coupons", "image_url": "https://asset20.ckassets.com/resources/image/stores/amazon-1602658695.png", "coupons_count": 0, "secondary_cashback_count": 0, "final_terms_condition": "<li>Add Products to your cart / wishlist only after clicking out from CashKaro</li><li>Rewards on Amazon App orders: Yes</li><li>No CashKaro Rewards on transactions through Amazon Business Account</li><li>Your Missing Rewards ticket will be resolved within 10 Days</li>", "report_storename": "Amazon", "app_tracking_enabled_android": 1, "app_tracking_enabled_ios": 1, "is_custom_override_case": 1, "intermediate_page_text": ""}}}, {"type": "products", "id": "PPS4-itme26kybzp4xgpm", "attributes": {"cashback_url": "https://tracking.cashkaro.com/visitproduct/22010/PPS4-itme26kybzp4xgpm?id=", "product_label": "", "availability": "Yes", "card_type": true, "price": {"original_price": "1295.00", "discounted_price": "1230.00", "cashback_amount": "34.44", "price_aftercashback": "1195.56", "currency": "INR"}, "product_button_text": "", "product_start_datetime": null, "product_end_datetime": null, "merchant": {"offer_id": "22010", "name": "Flipkart SHA MarMap", "unique_identifier": "flipkart-sha-marmap", "cashback_type": "Rewards", "cashback_payment_type": "percent", "offer_type": "Cashback only", "image_url": "https://asset20.ckassets.com/resources/image/stores/flipkart-tv-bbd-mapping-1697103111.png", "coupons_count": 0, "secondary_cashback_count": 1, "final_terms_condition": "<li>Add products to your Cart/Wishlist only after clicking out from CashKaro</li><li>Missing Reward Tickets will be resolved within 10 days</li>", "report_storename": "Flipkart", "app_tracking_enabled_android": 1, "app_tracking_enabled_ios": 1, "is_custom_override_case": 1, "intermediate_page_text": ""}}}]}}, {"type": "products", "id": "PPS1-B07VX71FZP", "attributes": {"name": "Amazon Brand - Solimo 2000/1000 Watts Room Heater with Adjustable Thermostat, White", "card_type": true, "product_label": "", "category_price_starting_from": "", "category_earn_text": "", "category_detail": "", "facets": {"Colour": ["White"]}, "image_url": "https://m.media-amazon.com/images/I/8156ue8HEXL._SX569_.jpg", "image_urls": {"image_url_1": "https://m.media-amazon.com/images/I/8156ue8HEXL._SX569_.jpg", "image_url_2": "https://m.media-amazon.com/images/I/61PzCFOZ2+L._SX569_.jpg", "image_url_3": "https://m.media-amazon.com/images/I/61TYpUSnU8L._SX569_.jpg", "image_url_4": ""}, "cashback_url": "https://tracking.cashkaro.com/visitproduct/18886/PPS1-B07VX71FZP?id=", "is_compared": true, "brand": "Solimo", "product_button_text": "", "product_start_datetime": null, "product_end_datetime": null, "merchant_offer_id": "18886", "merchant_name": "Amazon Home & Kitchen Exclusive", "cashback_type": "Rewards", "merchant_image_url": "https://asset20.ckassets.com/resources/image/stores/amazon-1602658695.png", "offer_type": "Cashback + Coupons", "coupons_count": 0, "secondary_cashback_count": 0, "compared_CKSID": "CKS-Room-Heaters-000018", "compared_sellers_count": 1, "compared_product_name": "Amazon Brand - Solimo 2000/1000 Watts Room Heater", "price": {"original_price": "2000.00", "discounted_price": "2000.00", "cashback_amount": "0.00", "price_aftercashback": "2000.00", "currency": "INR"}, "key_features": {"Seller": "Amazon", "Brand": "Amazon"}}, "relationships": {"products_compared": [{"type": "products", "id": "PPS1-B07VX71FZP", "attributes": {"cashback_url": "https://tracking.cashkaro.com/visitproduct/18886/PPS1-B07VX71FZP?id=", "product_label": "", "availability": "Yes", "card_type": true, "price": {"original_price": "2000.00", "discounted_price": "2000.00", "cashback_amount": "0.00", "price_aftercashback": "2000.00", "currency": "INR"}, "product_button_text": "", "product_start_datetime": null, "product_end_datetime": null, "merchant": {"offer_id": "18886", "name": "Amazon Home & Kitchen Exclusive", "unique_identifier": "amazon-home-kitchen-exclusive-1", "cashback_type": "Rewards", "cashback_payment_type": "percent", "offer_type": "Cashback + Coupons", "image_url": "https://asset20.ckassets.com/resources/image/stores/amazon-1602658695.png", "coupons_count": 0, "secondary_cashback_count": 0, "final_terms_condition": "<li>Add Products to your cart / wishlist only after clicking out from CashKaro</li><li>Rewards on Amazon App orders: Yes</li><li>No CashKaro Rewards on transactions through Amazon Business Account</li><li>Your Missing Rewards ticket will be resolved within 10 Days</li>", "report_storename": "Amazon", "app_tracking_enabled_android": 1, "app_tracking_enabled_ios": 1, "is_custom_override_case": 1, "intermediate_page_text": ""}}}]}}, {"type": "products", "id": "PPS1-B079FTH2LZ", "attributes": {"name": "Usha Heat Convector - HC 812 T - 2000 Watt", "card_type": true, "product_label": "", "category_price_starting_from": "", "category_earn_text": "", "category_detail": "", "facets": {"Colour": ["Black"]}, "image_url": "https://m.media-amazon.com/images/I/41WQ0MoMryL.jpg", "image_urls": {"image_url_1": "https://m.media-amazon.com/images/I/41WQ0MoMryL.jpg", "image_url_2": "", "image_url_3": "", "image_url_4": ""}, "cashback_url": "https://tracking.cashkaro.com/visitproduct/18886/PPS1-B079FTH2LZ?id=", "is_compared": true, "brand": "Usha", "product_button_text": "", "product_start_datetime": null, "product_end_datetime": null, "merchant_offer_id": "18886", "merchant_name": "Amazon Home & Kitchen Exclusive", "cashback_type": "Rewards", "merchant_image_url": "https://asset20.ckassets.com/resources/image/stores/amazon-1602658695.png", "offer_type": "Cashback + Coupons", "coupons_count": 0, "secondary_cashback_count": 0, "compared_CKSID": "CKS-Room-Heaters-000015", "compared_sellers_count": 2, "compared_product_name": "Usha Heat Convector - HC 812 T - 2000 Watt", "price": {"original_price": "3990.00", "discounted_price": "3990.00", "cashback_amount": "0.00", "price_aftercashback": "3990.00", "currency": "INR"}, "key_features": {"Seller": "Flipkart", "Brand": "Usha", "Power Consumption": "2000 Watt"}}, "relationships": {"products_compared": [{"type": "products", "id": "PPS4-itmdcf3b18b588ef", "attributes": {"cashback_url": "https://tracking.cashkaro.com/visitproduct/22010/PPS4-itmdcf3b18b588ef?id=", "product_label": "", "availability": "Yes", "card_type": true, "price": {"original_price": "2950.00", "discounted_price": "2089.00", "cashback_amount": "58.49", "price_aftercashback": "2030.51", "currency": "INR"}, "product_button_text": "", "product_start_datetime": null, "product_end_datetime": null, "merchant": {"offer_id": "22010", "name": "Flipkart SHA MarMap", "unique_identifier": "flipkart-sha-marmap", "cashback_type": "Rewards", "cashback_payment_type": "percent", "offer_type": "Cashback only", "image_url": "https://asset20.ckassets.com/resources/image/stores/flipkart-tv-bbd-mapping-1697103111.png", "coupons_count": 0, "secondary_cashback_count": 1, "final_terms_condition": "<li>Add products to your Cart/Wishlist only after clicking out from CashKaro</li><li>Missing Reward Tickets will be resolved within 10 days</li>", "report_storename": "Flipkart", "app_tracking_enabled_android": 1, "app_tracking_enabled_ios": 1, "is_custom_override_case": 1, "intermediate_page_text": ""}}}, {"type": "products", "id": "PPS1-B079FTH2LZ", "attributes": {"cashback_url": "https://tracking.cashkaro.com/visitproduct/18886/PPS1-B079FTH2LZ?id=", "product_label": "", "availability": "Yes", "card_type": true, "price": {"original_price": "3990.00", "discounted_price": "3990.00", "cashback_amount": "0.00", "price_aftercashback": "3990.00", "currency": "INR"}, "product_button_text": "", "product_start_datetime": null, "product_end_datetime": null, "merchant": {"offer_id": "18886", "name": "Amazon Home & Kitchen Exclusive", "unique_identifier": "amazon-home-kitchen-exclusive-1", "cashback_type": "Rewards", "cashback_payment_type": "percent", "offer_type": "Cashback + Coupons", "image_url": "https://asset20.ckassets.com/resources/image/stores/amazon-1602658695.png", "coupons_count": 0, "secondary_cashback_count": 0, "final_terms_condition": "<li>Add Products to your cart / wishlist only after clicking out from CashKaro</li><li>Rewards on Amazon App orders: Yes</li><li>No CashKaro Rewards on transactions through Amazon Business Account</li><li>Your Missing Rewards ticket will be resolved within 10 Days</li>", "report_storename": "Amazon", "app_tracking_enabled_android": 1, "app_tracking_enabled_ios": 1, "is_custom_override_case": 1, "intermediate_page_text": ""}}}]}}, {"type": "products", "id": "PPS4-itmd9af4718520ad", "attributes": {"name": "Havells Solace 1500 Watt with PTC Ceramic Heating Element & 2 Heat Setting Room Heater, White & Black", "card_type": true, "product_label": "", "category_price_starting_from": "", "category_earn_text": "", "category_detail": "", "facets": {"Colour": ["White & Black"]}, "image_url": "https://m.media-amazon.com/images/I/71Loo-Rl+bL._SX522_.jpg", "image_urls": {"image_url_1": "https://m.media-amazon.com/images/I/71Loo-Rl+bL._SX522_.jpg", "image_url_2": "https://m.media-amazon.com/images/I/91qyaCbNxVL._SX569_.jpg", "image_url_3": "https://m.media-amazon.com/images/I/91qyaCbNxVL._SX569_.jpg", "image_url_4": ""}, "cashback_url": "https://tracking.cashkaro.com/visitproduct/22010/PPS4-itmd9af4718520ad?id=", "is_compared": true, "brand": "Havells", "product_button_text": "", "product_start_datetime": null, "product_end_datetime": null, "merchant_offer_id": "22010", "merchant_name": "Flipkart SHA MarMap", "cashback_type": "Rewards", "merchant_image_url": "https://asset20.ckassets.com/resources/image/stores/flipkart-tv-bbd-mapping-1697103111.png", "offer_type": "Cashback only", "coupons_count": 0, "secondary_cashback_count": 1, "compared_CKSID": "CKS-Room-Heaters-000024", "compared_sellers_count": 2, "compared_product_name": "Havells Solace With 2 Heat Setting Room Heater, 1500 Watt", "price": {"original_price": "5499.00", "discounted_price": "2949.00", "cashback_amount": "82.57", "price_aftercashback": "2866.43", "currency": "INR", "discount_percentage": 46}, "key_features": {"Seller": "Flipkart", "Brand": "Havells"}}, "relationships": {"products_compared": [{"type": "products", "id": "PPS4-itmd9af4718520ad", "attributes": {"cashback_url": "https://tracking.cashkaro.com/visitproduct/22010/PPS4-itmd9af4718520ad?id=", "product_label": "", "availability": "Yes", "card_type": true, "price": {"original_price": "5499.00", "discounted_price": "2949.00", "cashback_amount": "82.57", "price_aftercashback": "2866.43", "currency": "INR"}, "product_button_text": "", "product_start_datetime": null, "product_end_datetime": null, "merchant": {"offer_id": "22010", "name": "Flipkart SHA MarMap", "unique_identifier": "flipkart-sha-marmap", "cashback_type": "Rewards", "cashback_payment_type": "percent", "offer_type": "Cashback only", "image_url": "https://asset20.ckassets.com/resources/image/stores/flipkart-tv-bbd-mapping-1697103111.png", "coupons_count": 0, "secondary_cashback_count": 1, "final_terms_condition": "<li>Add products to your Cart/Wishlist only after clicking out from CashKaro</li><li>Missing Reward Tickets will be resolved within 10 days</li>", "report_storename": "Flipkart", "app_tracking_enabled_android": 1, "app_tracking_enabled_ios": 1, "is_custom_override_case": 1, "intermediate_page_text": ""}}}, {"type": "products", "id": "PPS1-B09P6HH9G4", "attributes": {"cashback_url": "https://tracking.cashkaro.com/visitproduct/18886/PPS1-B09P6HH9G4?id=", "product_label": "", "availability": "Yes", "card_type": true, "price": {"original_price": "5665.00", "discounted_price": "3990.00", "cashback_amount": "0.00", "price_aftercashback": "3990.00", "currency": "INR"}, "product_button_text": "", "product_start_datetime": null, "product_end_datetime": null, "merchant": {"offer_id": "18886", "name": "Amazon Home & Kitchen Exclusive", "unique_identifier": "amazon-home-kitchen-exclusive-1", "cashback_type": "Rewards", "cashback_payment_type": "percent", "offer_type": "Cashback + Coupons", "image_url": "https://asset20.ckassets.com/resources/image/stores/amazon-1602658695.png", "coupons_count": 0, "secondary_cashback_count": 0, "final_terms_condition": "<li>Add Products to your cart / wishlist only after clicking out from CashKaro</li><li>Rewards on Amazon App orders: Yes</li><li>No CashKaro Rewards on transactions through Amazon Business Account</li><li>Your Missing Rewards ticket will be resolved within 10 Days</li>", "report_storename": "Amazon", "app_tracking_enabled_android": 1, "app_tracking_enabled_ios": 1, "is_custom_override_case": 1, "intermediate_page_text": ""}}}]}}, {"type": "products", "id": "PPS1-B00PQCY5C6", "attributes": {"name": "Havells PTC Fan Heater - OFR-9Fin - 2400 Watt", "card_type": true, "product_label": "", "category_price_starting_from": "", "category_earn_text": "", "category_detail": "", "facets": {"Colour": ["Black"]}, "image_url": "https://m.media-amazon.com/images/I/41b1VzMXOmL.jpg", "image_urls": {"image_url_1": "https://m.media-amazon.com/images/I/41b1VzMXOmL.jpg", "image_url_2": "", "image_url_3": "", "image_url_4": ""}, "cashback_url": "https://tracking.cashkaro.com/visitproduct/18886/PPS1-B00PQCY5C6?id=", "is_compared": true, "brand": "Havells", "product_button_text": "", "product_start_datetime": null, "product_end_datetime": null, "merchant_offer_id": "18886", "merchant_name": "Amazon Home & Kitchen Exclusive", "cashback_type": "Rewards", "merchant_image_url": "https://asset20.ckassets.com/resources/image/stores/amazon-1602658695.png", "offer_type": "Cashback + Coupons", "coupons_count": 0, "secondary_cashback_count": 0, "compared_CKSID": "CKS-Room-Heaters-000009", "compared_sellers_count": 2, "compared_product_name": "Havells PTC Fan Heater - OFR-9Fin - 2400 Watt", "price": {"original_price": "15395.00", "discounted_price": "7990.00", "cashback_amount": "0.00", "price_aftercashback": "7990.00", "currency": "INR", "discount_percentage": 48}, "key_features": {"Seller": "Amazon", "Brand": "Havells"}}, "relationships": {"products_compared": [{"type": "products", "id": "PPS1-B00PQCY5C6", "attributes": {"cashback_url": "https://tracking.cashkaro.com/visitproduct/18886/PPS1-B00PQCY5C6?id=", "product_label": "", "availability": "Yes", "card_type": true, "price": {"original_price": "15395.00", "discounted_price": "7990.00", "cashback_amount": "0.00", "price_aftercashback": "7990.00", "currency": "INR"}, "product_button_text": "", "product_start_datetime": null, "product_end_datetime": null, "merchant": {"offer_id": "18886", "name": "Amazon Home & Kitchen Exclusive", "unique_identifier": "amazon-home-kitchen-exclusive-1", "cashback_type": "Rewards", "cashback_payment_type": "percent", "offer_type": "Cashback + Coupons", "image_url": "https://asset20.ckassets.com/resources/image/stores/amazon-1602658695.png", "coupons_count": 0, "secondary_cashback_count": 0, "final_terms_condition": "<li>Add Products to your cart / wishlist only after clicking out from CashKaro</li><li>Rewards on Amazon App orders: Yes</li><li>No CashKaro Rewards on transactions through Amazon Business Account</li><li>Your Missing Rewards ticket will be resolved within 10 Days</li>", "report_storename": "Amazon", "app_tracking_enabled_android": 1, "app_tracking_enabled_ios": 1, "is_custom_override_case": 1, "intermediate_page_text": ""}}}, {"type": "products", "id": "PPS4-itm9fef32d1ccc1d", "attributes": {"cashback_url": "https://tracking.cashkaro.com/visitproduct/22010/PPS4-itm9fef32d1ccc1d?id=", "product_label": "", "availability": "Yes", "card_type": true, "price": {"original_price": "13500.00", "discounted_price": "8590.00", "cashback_amount": "140.00", "price_aftercashback": "8450.00", "currency": "INR"}, "product_button_text": "", "product_start_datetime": null, "product_end_datetime": null, "merchant": {"offer_id": "22010", "name": "Flipkart SHA MarMap", "unique_identifier": "flipkart-sha-marmap", "cashback_type": "Rewards", "cashback_payment_type": "percent", "offer_type": "Cashback only", "image_url": "https://asset20.ckassets.com/resources/image/stores/flipkart-tv-bbd-mapping-1697103111.png", "coupons_count": 0, "secondary_cashback_count": 1, "final_terms_condition": "<li>Add products to your Cart/Wishlist only after clicking out from CashKaro</li><li>Missing Reward Tickets will be resolved within 10 days</li>", "report_storename": "Flipkart", "app_tracking_enabled_android": 1, "app_tracking_enabled_ios": 1, "is_custom_override_case": 1, "intermediate_page_text": ""}}}]}}, {"type": "products", "id": "PPS4-itmengwgfyxcnzsc", "attributes": {"name": "Havells PTC Fan Heater - OFR-11Fin - 2900 Watt", "card_type": true, "product_label": "", "category_price_starting_from": "", "category_earn_text": "", "category_detail": "", "facets": {"Colour": ["Black"]}, "image_url": "https://m.media-amazon.com/images/I/41p2BO4yUGL.jpg", "image_urls": {"image_url_1": "https://m.media-amazon.com/images/I/41p2BO4yUGL.jpg", "image_url_2": "", "image_url_3": "", "image_url_4": ""}, "cashback_url": "https://tracking.cashkaro.com/visitproduct/22010/PPS4-itmengwgfyxcnzsc?id=", "is_compared": true, "brand": "Havells", "product_button_text": "", "product_start_datetime": null, "product_end_datetime": null, "merchant_offer_id": "22010", "merchant_name": "Flipkart SHA MarMap", "cashback_type": "Rewards", "merchant_image_url": "https://asset20.ckassets.com/resources/image/stores/flipkart-tv-bbd-mapping-1697103111.png", "offer_type": "Cashback only", "coupons_count": 0, "secondary_cashback_count": 1, "compared_CKSID": "CKS-Room-Heaters-000007", "compared_sellers_count": 2, "compared_product_name": "Havells PTC Fan Heater - OFR-11Fin - 2900 Watt", "price": {"original_price": "13999.00", "discounted_price": "7499.00", "cashback_amount": "140.00", "price_aftercashback": "7359.00", "currency": "INR", "discount_percentage": 46}, "key_features": {"Seller": "Flipkart", "Brand": "Havells"}}, "relationships": {"products_compared": [{"type": "products", "id": "PPS4-itmengwgfyxcnzsc", "attributes": {"cashback_url": "https://tracking.cashkaro.com/visitproduct/22010/PPS4-itmengwgfyxcnzsc?id=", "product_label": "", "availability": "Yes", "card_type": true, "price": {"original_price": "13999.00", "discounted_price": "7499.00", "cashback_amount": "140.00", "price_aftercashback": "7359.00", "currency": "INR"}, "product_button_text": "", "product_start_datetime": null, "product_end_datetime": null, "merchant": {"offer_id": "22010", "name": "Flipkart SHA MarMap", "unique_identifier": "flipkart-sha-marmap", "cashback_type": "Rewards", "cashback_payment_type": "percent", "offer_type": "Cashback only", "image_url": "https://asset20.ckassets.com/resources/image/stores/flipkart-tv-bbd-mapping-1697103111.png", "coupons_count": 0, "secondary_cashback_count": 1, "final_terms_condition": "<li>Add products to your Cart/Wishlist only after clicking out from CashKaro</li><li>Missing Reward Tickets will be resolved within 10 days</li>", "report_storename": "Flipkart", "app_tracking_enabled_android": 1, "app_tracking_enabled_ios": 1, "is_custom_override_case": 1, "intermediate_page_text": ""}}}, {"type": "products", "id": "PPS1-B00PQCXVQM", "attributes": {"cashback_url": "https://tracking.cashkaro.com/visitproduct/18886/PPS1-B00PQCXVQM?id=", "product_label": "", "availability": "Yes", "card_type": true, "price": {"original_price": "15545.00", "discounted_price": "9450.00", "cashback_amount": "0.00", "price_aftercashback": "9450.00", "currency": "INR"}, "product_button_text": "", "product_start_datetime": null, "product_end_datetime": null, "merchant": {"offer_id": "18886", "name": "Amazon Home & Kitchen Exclusive", "unique_identifier": "amazon-home-kitchen-exclusive-1", "cashback_type": "Rewards", "cashback_payment_type": "percent", "offer_type": "Cashback + Coupons", "image_url": "https://asset20.ckassets.com/resources/image/stores/amazon-1602658695.png", "coupons_count": 0, "secondary_cashback_count": 0, "final_terms_condition": "<li>Add Products to your cart / wishlist only after clicking out from CashKaro</li><li>Rewards on Amazon App orders: Yes</li><li>No CashKaro Rewards on transactions through Amazon Business Account</li><li>Your Missing Rewards ticket will be resolved within 10 Days</li>", "report_storename": "Amazon", "app_tracking_enabled_android": 1, "app_tracking_enabled_ios": 1, "is_custom_override_case": 1, "intermediate_page_text": ""}}}]}}, {"type": "products", "id": "PPS4-itmfbc74yrbdkvhr", "attributes": {"name": "Orpat Fan Heater - OEH-1260 - 2000 Watt", "card_type": true, "product_label": "", "category_price_starting_from": "", "category_earn_text": "", "category_detail": "", "facets": {"Colour": ["White"]}, "image_url": "https://m.media-amazon.com/images/I/31YoKxlsISL.jpg", "image_urls": {"image_url_1": "https://m.media-amazon.com/images/I/31YoKxlsISL.jpg", "image_url_2": "", "image_url_3": "", "image_url_4": ""}, "cashback_url": "https://tracking.cashkaro.com/visitproduct/22010/PPS4-itmfbc74yrbdkvhr?id=", "is_compared": true, "brand": "Orpat", "product_button_text": "", "product_start_datetime": null, "product_end_datetime": null, "merchant_offer_id": "22010", "merchant_name": "Flipkart SHA MarMap", "cashback_type": "Rewards", "merchant_image_url": "https://asset20.ckassets.com/resources/image/stores/flipkart-tv-bbd-mapping-1697103111.png", "offer_type": "Cashback only", "coupons_count": 0, "secondary_cashback_count": 1, "compared_CKSID": "CKS-Room-Heaters-000014", "compared_sellers_count": 2, "compared_product_name": "Orpat Fan Heater - OEH-1260 - 2000 Watt", "price": {"original_price": "1650.00", "discounted_price": "1440.00", "cashback_amount": "40.32", "price_aftercashback": "1399.68", "currency": "INR", "discount_percentage": 13}, "key_features": {"Seller": "Flipkart", "Brand": "Orpat", "Power Consumption": "2000 Watt"}}, "relationships": {"products_compared": [{"type": "products", "id": "PPS4-itmfbc74yrbdkvhr", "attributes": {"cashback_url": "https://tracking.cashkaro.com/visitproduct/22010/PPS4-itmfbc74yrbdkvhr?id=", "product_label": "", "availability": "Yes", "card_type": true, "price": {"original_price": "1650.00", "discounted_price": "1440.00", "cashback_amount": "40.32", "price_aftercashback": "1399.68", "currency": "INR"}, "product_button_text": "", "product_start_datetime": null, "product_end_datetime": null, "merchant": {"offer_id": "22010", "name": "Flipkart SHA MarMap", "unique_identifier": "flipkart-sha-marmap", "cashback_type": "Rewards", "cashback_payment_type": "percent", "offer_type": "Cashback only", "image_url": "https://asset20.ckassets.com/resources/image/stores/flipkart-tv-bbd-mapping-1697103111.png", "coupons_count": 0, "secondary_cashback_count": 1, "final_terms_condition": "<li>Add products to your Cart/Wishlist only after clicking out from CashKaro</li><li>Missing Reward Tickets will be resolved within 10 days</li>", "report_storename": "Flipkart", "app_tracking_enabled_android": 1, "app_tracking_enabled_ios": 1, "is_custom_override_case": 1, "intermediate_page_text": ""}}}, {"type": "products", "id": "PPS1-B00O24PRGC", "attributes": {"cashback_url": "https://tracking.cashkaro.com/visitproduct/18886/PPS1-B00O24PRGC?id=", "product_label": "", "availability": "Yes", "card_type": true, "price": {"original_price": "1650.00", "discounted_price": "1450.00", "cashback_amount": "0.00", "price_aftercashback": "1450.00", "currency": "INR"}, "product_button_text": "", "product_start_datetime": null, "product_end_datetime": null, "merchant": {"offer_id": "18886", "name": "Amazon Home & Kitchen Exclusive", "unique_identifier": "amazon-home-kitchen-exclusive-1", "cashback_type": "Rewards", "cashback_payment_type": "percent", "offer_type": "Cashback + Coupons", "image_url": "https://asset20.ckassets.com/resources/image/stores/amazon-1602658695.png", "coupons_count": 0, "secondary_cashback_count": 0, "final_terms_condition": "<li>Add Products to your cart / wishlist only after clicking out from CashKaro</li><li>Rewards on Amazon App orders: Yes</li><li>No CashKaro Rewards on transactions through Amazon Business Account</li><li>Your Missing Rewards ticket will be resolved within 10 Days</li>", "report_storename": "Amazon", "app_tracking_enabled_android": 1, "app_tracking_enabled_ios": 1, "is_custom_override_case": 1, "intermediate_page_text": ""}}}]}}, {"type": "products", "id": "PPS1-B00H47GVGY", "attributes": {"name": "Usha Quartz Room Heater", "card_type": true, "product_label": "", "category_price_starting_from": "", "category_earn_text": "", "category_detail": "", "facets": {"Colour": ["Ivory"]}, "image_url": "https://m.media-amazon.com/images/I/514Zxz-eqKL.jpg", "image_urls": {"image_url_1": "https://m.media-amazon.com/images/I/514Zxz-eqKL.jpg", "image_url_2": "", "image_url_3": "", "image_url_4": ""}, "cashback_url": "https://tracking.cashkaro.com/visitproduct/18886/PPS1-B00H47GVGY?id=", "is_compared": true, "brand": "Usha", "product_button_text": "", "product_start_datetime": null, "product_end_datetime": null, "merchant_offer_id": "18886", "merchant_name": "Amazon Home & Kitchen Exclusive", "cashback_type": "Rewards", "merchant_image_url": "https://asset20.ckassets.com/resources/image/stores/amazon-1602658695.png", "offer_type": "Cashback + Coupons", "coupons_count": 0, "secondary_cashback_count": 0, "compared_CKSID": "CKS-Room-Heaters-000017", "compared_sellers_count": 2, "compared_product_name": "Usha Quartz Room Heater (3002) 800-Watt with Overheating Protection", "price": {"original_price": "1695.00", "discounted_price": "1199.00", "cashback_amount": "0.00", "price_aftercashback": "1199.00", "currency": "INR", "discount_percentage": 29}, "key_features": {"Seller": "Amazon", "Brand": "Usha", "Power Consumption": "800 Watt"}}, "relationships": {"products_compared": [{"type": "products", "id": "PPS1-B00H47GVGY", "attributes": {"cashback_url": "https://tracking.cashkaro.com/visitproduct/18886/PPS1-B00H47GVGY?id=", "product_label": "", "availability": "Yes", "card_type": true, "price": {"original_price": "1695.00", "discounted_price": "1199.00", "cashback_amount": "0.00", "price_aftercashback": "1199.00", "currency": "INR"}, "product_button_text": "", "product_start_datetime": null, "product_end_datetime": null, "merchant": {"offer_id": "18886", "name": "Amazon Home & Kitchen Exclusive", "unique_identifier": "amazon-home-kitchen-exclusive-1", "cashback_type": "Rewards", "cashback_payment_type": "percent", "offer_type": "Cashback + Coupons", "image_url": "https://asset20.ckassets.com/resources/image/stores/amazon-1602658695.png", "coupons_count": 0, "secondary_cashback_count": 0, "final_terms_condition": "<li>Add Products to your cart / wishlist only after clicking out from CashKaro</li><li>Rewards on Amazon App orders: Yes</li><li>No CashKaro Rewards on transactions through Amazon Business Account</li><li>Your Missing Rewards ticket will be resolved within 10 Days</li>", "report_storename": "Amazon", "app_tracking_enabled_android": 1, "app_tracking_enabled_ios": 1, "is_custom_override_case": 1, "intermediate_page_text": ""}}}, {"type": "products", "id": "PPS4-itmf5ea2b32a322c", "attributes": {"cashback_url": "https://tracking.cashkaro.com/visitproduct/22010/PPS4-itmf5ea2b32a322c?id=", "product_label": "", "availability": "Yes", "card_type": true, "price": {"original_price": "1799.00", "discounted_price": "1445.00", "cashback_amount": "40.46", "price_aftercashback": "1404.54", "currency": "INR"}, "product_button_text": "", "product_start_datetime": null, "product_end_datetime": null, "merchant": {"offer_id": "22010", "name": "Flipkart SHA MarMap", "unique_identifier": "flipkart-sha-marmap", "cashback_type": "Rewards", "cashback_payment_type": "percent", "offer_type": "Cashback only", "image_url": "https://asset20.ckassets.com/resources/image/stores/flipkart-tv-bbd-mapping-1697103111.png", "coupons_count": 0, "secondary_cashback_count": 1, "final_terms_condition": "<li>Add products to your Cart/Wishlist only after clicking out from CashKaro</li><li>Missing Reward Tickets will be resolved within 10 days</li>", "report_storename": "Flipkart", "app_tracking_enabled_android": 1, "app_tracking_enabled_ios": 1, "is_custom_override_case": 1, "intermediate_page_text": ""}}}]}}, {"type": "products", "id": "PPS1-B00PQCY16Q", "attributes": {"name": "Havells PTC Fan Heater - OFR-13Fin - 2900 Watt", "card_type": true, "product_label": "", "category_price_starting_from": "", "category_earn_text": "", "category_detail": "", "facets": {"Colour": ["Black"]}, "image_url": "https://m.media-amazon.com/images/I/51K-GrtTdZL.jpg", "image_urls": {"image_url_1": "https://m.media-amazon.com/images/I/51K-GrtTdZL.jpg", "image_url_2": "", "image_url_3": "", "image_url_4": ""}, "cashback_url": "https://tracking.cashkaro.com/visitproduct/18886/PPS1-B00PQCY16Q?id=", "is_compared": true, "brand": "Havells", "product_button_text": "", "product_start_datetime": null, "product_end_datetime": null, "merchant_offer_id": "18886", "merchant_name": "Amazon Home & Kitchen Exclusive", "cashback_type": "Rewards", "merchant_image_url": "https://asset20.ckassets.com/resources/image/stores/amazon-1602658695.png", "offer_type": "Cashback + Coupons", "coupons_count": 0, "secondary_cashback_count": 0, "compared_CKSID": "CKS-Room-Heaters-000008", "compared_sellers_count": 1, "compared_product_name": "Havells PTC Fan Heater - OFR-13Fin - 2900 Watt", "price": {"original_price": "18895.00", "discounted_price": "10498.00", "cashback_amount": "0.00", "price_aftercashback": "10498.00", "currency": "INR", "discount_percentage": 44}, "key_features": {"Seller": "Amazon", "Brand": "Havells"}}, "relationships": {"products_compared": [{"type": "products", "id": "PPS1-B00PQCY16Q", "attributes": {"cashback_url": "https://tracking.cashkaro.com/visitproduct/18886/PPS1-B00PQCY16Q?id=", "product_label": "", "availability": "Yes", "card_type": true, "price": {"original_price": "18895.00", "discounted_price": "10498.00", "cashback_amount": "0.00", "price_aftercashback": "10498.00", "currency": "INR"}, "product_button_text": "", "product_start_datetime": null, "product_end_datetime": null, "merchant": {"offer_id": "18886", "name": "Amazon Home & Kitchen Exclusive", "unique_identifier": "amazon-home-kitchen-exclusive-1", "cashback_type": "Rewards", "cashback_payment_type": "percent", "offer_type": "Cashback + Coupons", "image_url": "https://asset20.ckassets.com/resources/image/stores/amazon-1602658695.png", "coupons_count": 0, "secondary_cashback_count": 0, "final_terms_condition": "<li>Add Products to your cart / wishlist only after clicking out from CashKaro</li><li>Rewards on Amazon App orders: Yes</li><li>No CashKaro Rewards on transactions through Amazon Business Account</li><li>Your Missing Rewards ticket will be resolved within 10 Days</li>", "report_storename": "Amazon", "app_tracking_enabled_android": 1, "app_tracking_enabled_ios": 1, "is_custom_override_case": 1, "intermediate_page_text": ""}}}]}}, {"type": "products", "id": "PPS4-itmd3121958f54c2", "attributes": {"name": "Orient Electric ABS Plastic Areva Thermostat Adjustable Room Heater Fan FH20WP 2000/1000 Watts Areva, White", "card_type": true, "product_label": "", "category_price_starting_from": "", "category_earn_text": "", "category_detail": "", "facets": {"Colour": ["White"]}, "image_url": "https://m.media-amazon.com/images/I/717sM4Aej1L._SX569_.jpg", "image_urls": {"image_url_1": "https://m.media-amazon.com/images/I/717sM4Aej1L._SX569_.jpg", "image_url_2": "https://m.media-amazon.com/images/I/71WGV000LEL._SX569_.jpg", "image_url_3": "https://m.media-amazon.com/images/I/71870jUfftL._SX569_.jpg", "image_url_4": ""}, "cashback_url": "https://tracking.cashkaro.com/visitproduct/22010/PPS4-itmd3121958f54c2?id=", "is_compared": true, "brand": "Orient", "product_button_text": "", "product_start_datetime": null, "product_end_datetime": null, "merchant_offer_id": "22010", "merchant_name": "Flipkart SHA MarMap", "cashback_type": "Rewards", "merchant_image_url": "https://asset20.ckassets.com/resources/image/stores/flipkart-tv-bbd-mapping-1697103111.png", "offer_type": "Cashback only", "coupons_count": 0, "secondary_cashback_count": 1, "compared_CKSID": "CKS-Room-Heaters-000028", "compared_sellers_count": 2, "compared_product_name": "Orient Electric ABS Areva Room Heater, 2000/1000 Watts", "price": {"original_price": "3890.00", "discounted_price": "1399.00", "cashback_amount": "39.17", "price_aftercashback": "1359.83", "currency": "INR", "discount_percentage": 64}, "key_features": {"Seller": "Flipkart", "Brand": "Orient"}}, "relationships": {"products_compared": [{"type": "products", "id": "PPS4-itmd3121958f54c2", "attributes": {"cashback_url": "https://tracking.cashkaro.com/visitproduct/22010/PPS4-itmd3121958f54c2?id=", "product_label": "", "availability": "Yes", "card_type": true, "price": {"original_price": "3890.00", "discounted_price": "1399.00", "cashback_amount": "39.17", "price_aftercashback": "1359.83", "currency": "INR"}, "product_button_text": "", "product_start_datetime": null, "product_end_datetime": null, "merchant": {"offer_id": "22010", "name": "Flipkart SHA MarMap", "unique_identifier": "flipkart-sha-marmap", "cashback_type": "Rewards", "cashback_payment_type": "percent", "offer_type": "Cashback only", "image_url": "https://asset20.ckassets.com/resources/image/stores/flipkart-tv-bbd-mapping-1697103111.png", "coupons_count": 0, "secondary_cashback_count": 1, "final_terms_condition": "<li>Add products to your Cart/Wishlist only after clicking out from CashKaro</li><li>Missing Reward Tickets will be resolved within 10 days</li>", "report_storename": "Flipkart", "app_tracking_enabled_android": 1, "app_tracking_enabled_ios": 1, "is_custom_override_case": 1, "intermediate_page_text": ""}}}, {"type": "products", "id": "PPS1-B083973WX4", "attributes": {"cashback_url": "https://tracking.cashkaro.com/visitproduct/18886/PPS1-B083973WX4?id=", "product_label": "", "availability": "Yes", "card_type": true, "price": {"original_price": "3990.00", "discounted_price": "1399.00", "cashback_amount": "0.00", "price_aftercashback": "1399.00", "currency": "INR"}, "product_button_text": "", "product_start_datetime": null, "product_end_datetime": null, "merchant": {"offer_id": "18886", "name": "Amazon Home & Kitchen Exclusive", "unique_identifier": "amazon-home-kitchen-exclusive-1", "cashback_type": "Rewards", "cashback_payment_type": "percent", "offer_type": "Cashback + Coupons", "image_url": "https://asset20.ckassets.com/resources/image/stores/amazon-1602658695.png", "coupons_count": 0, "secondary_cashback_count": 0, "final_terms_condition": "<li>Add Products to your cart / wishlist only after clicking out from CashKaro</li><li>Rewards on Amazon App orders: Yes</li><li>No CashKaro Rewards on transactions through Amazon Business Account</li><li>Your Missing Rewards ticket will be resolved within 10 Days</li>", "report_storename": "Amazon", "app_tracking_enabled_android": 1, "app_tracking_enabled_ios": 1, "is_custom_override_case": 1, "intermediate_page_text": ""}}}]}}, {"type": "products", "id": "PPS1-B01M5F614J", "attributes": {"name": "Morphy Richards OFR Room Heater, 09 Fin 2000 Watts Oil Filled Room Heater, OFR 9, Grey", "card_type": true, "product_label": "", "category_price_starting_from": "", "category_earn_text": "", "category_detail": "", "facets": {"Colour": ["Grey"]}, "image_url": "https://m.media-amazon.com/images/I/51d3Lkfg-LL._SX569_.jpg", "image_urls": {"image_url_1": "https://m.media-amazon.com/images/I/51d3Lkfg-LL._SX569_.jpg", "image_url_2": "https://m.media-amazon.com/images/I/61Kc-w-ePUL._SX569_.jpg", "image_url_3": "https://m.media-amazon.com/images/I/61yqLznweSL._SX569_.jpg", "image_url_4": ""}, "cashback_url": "https://tracking.cashkaro.com/visitproduct/18886/PPS1-B01M5F614J?id=", "is_compared": true, "brand": "Morphy Richards", "product_button_text": "", "product_start_datetime": null, "product_end_datetime": null, "merchant_offer_id": "18886", "merchant_name": "Amazon Home & Kitchen Exclusive", "cashback_type": "Rewards", "merchant_image_url": "https://asset20.ckassets.com/resources/image/stores/amazon-1602658695.png", "offer_type": "Cashback + Coupons", "coupons_count": 0, "secondary_cashback_count": 0, "compared_CKSID": "CKS-Room-Heaters-000027", "compared_sellers_count": 3, "compared_product_name": "Morphy Richards OFR Room Heater With 09 Fin, 2000 Watts", "price": {"original_price": "13999.00", "discounted_price": "6758.00", "cashback_amount": "0.00", "price_aftercashback": "6758.00", "currency": "INR", "discount_percentage": 52}, "key_features": {"Seller": "Amazon", "Brand": "Morphy Richards"}}, "relationships": {"products_compared": [{"type": "products", "id": "PPS1-B01M5F614J", "attributes": {"cashback_url": "https://tracking.cashkaro.com/visitproduct/18886/PPS1-B01M5F614J?id=", "product_label": "", "availability": "Yes", "card_type": true, "price": {"original_price": "13999.00", "discounted_price": "6758.00", "cashback_amount": "0.00", "price_aftercashback": "6758.00", "currency": "INR"}, "product_button_text": "", "product_start_datetime": null, "product_end_datetime": null, "merchant": {"offer_id": "18886", "name": "Amazon Home & Kitchen Exclusive", "unique_identifier": "amazon-home-kitchen-exclusive-1", "cashback_type": "Rewards", "cashback_payment_type": "percent", "offer_type": "Cashback + Coupons", "image_url": "https://asset20.ckassets.com/resources/image/stores/amazon-1602658695.png", "coupons_count": 0, "secondary_cashback_count": 0, "final_terms_condition": "<li>Add Products to your cart / wishlist only after clicking out from CashKaro</li><li>Rewards on Amazon App orders: Yes</li><li>No CashKaro Rewards on transactions through Amazon Business Account</li><li>Your Missing Rewards ticket will be resolved within 10 Days</li>", "report_storename": "Amazon", "app_tracking_enabled_android": 1, "app_tracking_enabled_ios": 1, "is_custom_override_case": 1, "intermediate_page_text": ""}}}, {"type": "products", "id": "PPS4-itme6a22822693ec", "attributes": {"cashback_url": "https://tracking.cashkaro.com/visitproduct/22010/PPS4-itme6a22822693ec?id=", "product_label": "", "availability": "Yes", "card_type": true, "price": {"original_price": "11399.00", "discounted_price": "7649.00", "cashback_amount": "140.00", "price_aftercashback": "7509.00", "currency": "INR"}, "product_button_text": "", "product_start_datetime": null, "product_end_datetime": null, "merchant": {"offer_id": "22010", "name": "Flipkart SHA MarMap", "unique_identifier": "flipkart-sha-marmap", "cashback_type": "Rewards", "cashback_payment_type": "percent", "offer_type": "Cashback only", "image_url": "https://asset20.ckassets.com/resources/image/stores/flipkart-tv-bbd-mapping-1697103111.png", "coupons_count": 0, "secondary_cashback_count": 1, "final_terms_condition": "<li>Add products to your Cart/Wishlist only after clicking out from CashKaro</li><li>Missing Reward Tickets will be resolved within 10 days</li>", "report_storename": "Flipkart", "app_tracking_enabled_android": 1, "app_tracking_enabled_ios": 1, "is_custom_override_case": 1, "intermediate_page_text": ""}}}, {"type": "products", "id": "PPS120-263702", "attributes": {"cashback_url": "https://tracking.cashkaro.com/visitproduct/18752/PPS120-263702?id=", "product_label": "", "availability": "Yes", "card_type": true, "price": {"original_price": "14399.00", "discounted_price": "8170.00", "cashback_amount": "122.55", "price_aftercashback": "8047.45", "currency": "INR"}, "product_button_text": "", "product_start_datetime": null, "product_end_datetime": null, "merchant": {"offer_id": "18752", "name": "Croma Mapping 4", "unique_identifier": "croma-mapping-4", "cashback_type": "Cashback", "cashback_payment_type": "percent", "offer_type": "Cashback only", "image_url": "https://asset20.ckassets.com/resources/image/stores/croma-test-1662970725.png", "coupons_count": 0, "secondary_cashback_count": 0, "final_terms_condition": "<li>No Cashback on Smartphones on using Coupon Code</li><li>Cashback on Croma App Orders: Not Applicable</li>", "report_storename": "Croma", "app_tracking_enabled_android": 0, "app_tracking_enabled_ios": 0, "is_custom_override_case": 0, "intermediate_page_text": ""}}}]}}, {"type": "products", "id": "PPS4-itm01dc6d3cc5f45", "attributes": {"name": "Bajaj Flashy Radiant Room Heater - 1000 Watt", "card_type": true, "product_label": "", "category_price_starting_from": "", "category_earn_text": "", "category_detail": "", "facets": {"Colour": ["Black"]}, "image_url": "https://m.media-amazon.com/images/I/41-CzO2+U-L.jpg", "image_urls": {"image_url_1": "https://m.media-amazon.com/images/I/41-CzO2+U-L.jpg", "image_url_2": "", "image_url_3": "", "image_url_4": ""}, "cashback_url": "https://tracking.cashkaro.com/visitproduct/22010/PPS4-itm01dc6d3cc5f45?id=", "is_compared": true, "brand": "Bajaj", "product_button_text": "", "product_start_datetime": null, "product_end_datetime": null, "merchant_offer_id": "22010", "merchant_name": "Flipkart SHA MarMap", "cashback_type": "Rewards", "merchant_image_url": "https://asset20.ckassets.com/resources/image/stores/flipkart-tv-bbd-mapping-1697103111.png", "offer_type": "Cashback only", "coupons_count": 0, "secondary_cashback_count": 1, "compared_CKSID": "CKS-Room-Heaters-000003", "compared_sellers_count": 2, "compared_product_name": "Bajaj Flashy Radiant Room Heater - 1000 Watt", "price": {"original_price": "1299.00", "discounted_price": "1198.00", "cashback_amount": "33.54", "price_aftercashback": "1164.46", "currency": "INR", "discount_percentage": 8}, "key_features": {"Seller": "Flipkart", "Brand": "Bajaj", "Power Consumption": "1000 Watt"}}, "relationships": {"products_compared": [{"type": "products", "id": "PPS4-itm01dc6d3cc5f45", "attributes": {"cashback_url": "https://tracking.cashkaro.com/visitproduct/22010/PPS4-itm01dc6d3cc5f45?id=", "product_label": "", "availability": "Yes", "card_type": true, "price": {"original_price": "1299.00", "discounted_price": "1198.00", "cashback_amount": "33.54", "price_aftercashback": "1164.46", "currency": "INR"}, "product_button_text": "", "product_start_datetime": null, "product_end_datetime": null, "merchant": {"offer_id": "22010", "name": "Flipkart SHA MarMap", "unique_identifier": "flipkart-sha-marmap", "cashback_type": "Rewards", "cashback_payment_type": "percent", "offer_type": "Cashback only", "image_url": "https://asset20.ckassets.com/resources/image/stores/flipkart-tv-bbd-mapping-1697103111.png", "coupons_count": 0, "secondary_cashback_count": 1, "final_terms_condition": "<li>Add products to your Cart/Wishlist only after clicking out from CashKaro</li><li>Missing Reward Tickets will be resolved within 10 days</li>", "report_storename": "Flipkart", "app_tracking_enabled_android": 1, "app_tracking_enabled_ios": 1, "is_custom_override_case": 1, "intermediate_page_text": ""}}}, {"type": "products", "id": "PPS1-B009P2LKG2", "attributes": {"cashback_url": "https://tracking.cashkaro.com/visitproduct/18886/PPS1-B009P2LKG2?id=", "product_label": "", "availability": "Yes", "card_type": true, "price": {"original_price": "1279.00", "discounted_price": "1270.00", "cashback_amount": "0.00", "price_aftercashback": "1270.00", "currency": "INR"}, "product_button_text": "", "product_start_datetime": null, "product_end_datetime": null, "merchant": {"offer_id": "18886", "name": "Amazon Home & Kitchen Exclusive", "unique_identifier": "amazon-home-kitchen-exclusive-1", "cashback_type": "Rewards", "cashback_payment_type": "percent", "offer_type": "Cashback + Coupons", "image_url": "https://asset20.ckassets.com/resources/image/stores/amazon-1602658695.png", "coupons_count": 0, "secondary_cashback_count": 0, "final_terms_condition": "<li>Add Products to your cart / wishlist only after clicking out from CashKaro</li><li>Rewards on Amazon App orders: Yes</li><li>No CashKaro Rewards on transactions through Amazon Business Account</li><li>Your Missing Rewards ticket will be resolved within 10 Days</li>", "report_storename": "Amazon", "app_tracking_enabled_android": 1, "app_tracking_enabled_ios": 1, "is_custom_override_case": 1, "intermediate_page_text": ""}}}]}}, {"type": "products", "id": "PPS4-itmfa661793763da", "attributes": {"name": "KHAITAN ORFIN Fan Heater 2000 Watts KO 2215 Room Heater Electric Heater Overheat, White", "card_type": true, "product_label": "", "category_price_starting_from": "", "category_earn_text": "", "category_detail": "", "facets": {"Colour": ["White & Black"]}, "image_url": "https://m.media-amazon.com/images/I/61++K-OrQRL._SX569_.jpg", "image_urls": {"image_url_1": "https://m.media-amazon.com/images/I/61++K-OrQRL._SX569_.jpg", "image_url_2": "https://m.media-amazon.com/images/I/61Ksm4XJoqL._SX569_.jpg", "image_url_3": "https://m.media-amazon.com/images/I/71VxV9BaKaL._SX569_.jpg", "image_url_4": ""}, "cashback_url": "https://tracking.cashkaro.com/visitproduct/22010/PPS4-itmfa661793763da?id=", "is_compared": true, "brand": "Khaitan", "product_button_text": "", "product_start_datetime": null, "product_end_datetime": null, "merchant_offer_id": "22010", "merchant_name": "Flipkart SHA MarMap", "cashback_type": "Rewards", "merchant_image_url": "https://asset20.ckassets.com/resources/image/stores/flipkart-tv-bbd-mapping-1697103111.png", "offer_type": "Cashback only", "coupons_count": 0, "secondary_cashback_count": 1, "compared_CKSID": "CKS-Room-Heaters-000025", "compared_sellers_count": 2, "compared_product_name": "Khaitan Orifin Fan Heater, 2000 Watts", "price": {"original_price": "2895.00", "discounted_price": "1267.00", "cashback_amount": "35.48", "price_aftercashback": "1231.52", "currency": "INR", "discount_percentage": 56}, "key_features": {"Seller": "Flipkart", "Brand": "Khaitan"}}, "relationships": {"products_compared": [{"type": "products", "id": "PPS4-itmfa661793763da", "attributes": {"cashback_url": "https://tracking.cashkaro.com/visitproduct/22010/PPS4-itmfa661793763da?id=", "product_label": "", "availability": "No", "card_type": true, "price": {"original_price": "2895.00", "discounted_price": "1242.00", "cashback_amount": "34.78", "price_aftercashback": "1207.22", "currency": "INR"}, "product_button_text": "", "product_start_datetime": null, "product_end_datetime": null, "merchant": {"offer_id": "22010", "name": "Flipkart SHA MarMap", "unique_identifier": "flipkart-sha-marmap", "cashback_type": "Rewards", "cashback_payment_type": "percent", "offer_type": "Cashback only", "image_url": "https://asset20.ckassets.com/resources/image/stores/flipkart-tv-bbd-mapping-1697103111.png", "coupons_count": 0, "secondary_cashback_count": 1, "final_terms_condition": "<li>Add products to your Cart/Wishlist only after clicking out from CashKaro</li><li>Missing Reward Tickets will be resolved within 10 days</li>", "report_storename": "Flipkart", "app_tracking_enabled_android": 1, "app_tracking_enabled_ios": 1, "is_custom_override_case": 1, "intermediate_page_text": ""}}}, {"type": "products", "id": "PPS1-B0CLB6LX98", "attributes": {"cashback_url": "https://tracking.cashkaro.com/visitproduct/18886/PPS1-B0CLB6LX98?id=", "product_label": "", "availability": "No", "card_type": true, "price": {"original_price": "3195.00", "discounted_price": "1249.00", "cashback_amount": "0.00", "price_aftercashback": "1249.00", "currency": "INR"}, "product_button_text": "", "product_start_datetime": null, "product_end_datetime": null, "merchant": {"offer_id": "18886", "name": "Amazon Home & Kitchen Exclusive", "unique_identifier": "amazon-home-kitchen-exclusive-1", "cashback_type": "Rewards", "cashback_payment_type": "percent", "offer_type": "Cashback + Coupons", "image_url": "https://asset20.ckassets.com/resources/image/stores/amazon-1602658695.png", "coupons_count": 0, "secondary_cashback_count": 0, "final_terms_condition": "<li>Add Products to your cart / wishlist only after clicking out from CashKaro</li><li>Rewards on Amazon App orders: Yes</li><li>No CashKaro Rewards on transactions through Amazon Business Account</li><li>Your Missing Rewards ticket will be resolved within 10 Days</li>", "report_storename": "Amazon", "app_tracking_enabled_android": 1, "app_tracking_enabled_ios": 1, "is_custom_override_case": 1, "intermediate_page_text": ""}}}]}}, {"type": "products", "id": "PPS1-B078KRFWQB", "attributes": {"name": "Havells Cista Room Heater", "card_type": true, "product_label": "", "category_price_starting_from": "", "category_earn_text": "", "category_detail": "", "facets": {"Colour": ["White"]}, "image_url": "https://m.media-amazon.com/images/I/41DrM-swvKL.jpg", "image_urls": {"image_url_1": "https://m.media-amazon.com/images/I/41DrM-swvKL.jpg", "image_url_2": "", "image_url_3": "", "image_url_4": ""}, "cashback_url": "https://tracking.cashkaro.com/visitproduct/18886/PPS1-B078KRFWQB?id=", "is_compared": true, "brand": "Havells", "product_button_text": "", "product_start_datetime": null, "product_end_datetime": null, "merchant_offer_id": "18886", "merchant_name": "Amazon Home & Kitchen Exclusive", "cashback_type": "Rewards", "merchant_image_url": "https://asset20.ckassets.com/resources/image/stores/amazon-1602658695.png", "offer_type": "Cashback + Coupons", "coupons_count": 0, "secondary_cashback_count": 0, "compared_CKSID": "CKS-Room-Heaters-000006", "compared_sellers_count": 2, "compared_product_name": "Havells Cista Room Heater", "price": {"original_price": "3945.00", "discounted_price": "2598.00", "cashback_amount": "0.00", "price_aftercashback": "2598.00", "currency": "INR", "discount_percentage": 34}, "key_features": {"Seller": "Amazon", "Brand": "Havells", "Power Consumption": "1000 Watt"}}, "relationships": {"products_compared": [{"type": "products", "id": "PPS1-B078KRFWQB", "attributes": {"cashback_url": "https://tracking.cashkaro.com/visitproduct/18886/PPS1-B078KRFWQB?id=", "product_label": "", "availability": "Yes", "card_type": true, "price": {"original_price": "3945.00", "discounted_price": "2598.00", "cashback_amount": "0.00", "price_aftercashback": "2598.00", "currency": "INR"}, "product_button_text": "", "product_start_datetime": null, "product_end_datetime": null, "merchant": {"offer_id": "18886", "name": "Amazon Home & Kitchen Exclusive", "unique_identifier": "amazon-home-kitchen-exclusive-1", "cashback_type": "Rewards", "cashback_payment_type": "percent", "offer_type": "Cashback + Coupons", "image_url": "https://asset20.ckassets.com/resources/image/stores/amazon-1602658695.png", "coupons_count": 0, "secondary_cashback_count": 0, "final_terms_condition": "<li>Add Products to your cart / wishlist only after clicking out from CashKaro</li><li>Rewards on Amazon App orders: Yes</li><li>No CashKaro Rewards on transactions through Amazon Business Account</li><li>Your Missing Rewards ticket will be resolved within 10 Days</li>", "report_storename": "Amazon", "app_tracking_enabled_android": 1, "app_tracking_enabled_ios": 1, "is_custom_override_case": 1, "intermediate_page_text": ""}}}, {"type": "products", "id": "PPS4-itmfb3p333vythhb", "attributes": {"cashback_url": "https://tracking.cashkaro.com/visitproduct/22010/PPS4-itmfb3p333vythhb?id=", "product_label": "", "availability": "Yes", "card_type": true, "price": {"original_price": "3390.00", "discounted_price": "3390.00", "cashback_amount": "94.92", "price_aftercashback": "3295.08", "currency": "INR"}, "product_button_text": "", "product_start_datetime": null, "product_end_datetime": null, "merchant": {"offer_id": "22010", "name": "Flipkart SHA MarMap", "unique_identifier": "flipkart-sha-marmap", "cashback_type": "Rewards", "cashback_payment_type": "percent", "offer_type": "Cashback only", "image_url": "https://asset20.ckassets.com/resources/image/stores/flipkart-tv-bbd-mapping-1697103111.png", "coupons_count": 0, "secondary_cashback_count": 1, "final_terms_condition": "<li>Add products to your Cart/Wishlist only after clicking out from CashKaro</li><li>Missing Reward Tickets will be resolved within 10 days</li>", "report_storename": "Flipkart", "app_tracking_enabled_android": 1, "app_tracking_enabled_ios": 1, "is_custom_override_case": 1, "intermediate_page_text": ""}}}]}}, {"type": "products", "id": "PPS4-itmezqgztzbxeftg", "attributes": {"name": "Bajaj OFR Room Heater, 13 Fin 2900 Watts Oil Filled Room Heater with 400W PTC Ceramic Fan Heater, Majesty 13F Plus, Black", "card_type": true, "product_label": "", "category_price_starting_from": "", "category_earn_text": "", "category_detail": "", "facets": {"Colour": ["Black", "Black & Golden"]}, "image_url": "https://m.media-amazon.com/images/I/61HAk4X45ZL._SX569_.jpg", "image_urls": {"image_url_1": "https://m.media-amazon.com/images/I/61HAk4X45ZL._SX569_.jpg", "image_url_2": "https://m.media-amazon.com/images/I/71yqwDWinNL._SX569_.jpg", "image_url_3": "https://m.media-amazon.com/images/I/61Suz62KDrL._SX569_.jpg", "image_url_4": ""}, "cashback_url": "https://tracking.cashkaro.com/visitproduct/22010/PPS4-itmezqgztzbxeftg?id=", "is_compared": true, "brand": "Bajaj", "product_button_text": "", "product_start_datetime": null, "product_end_datetime": null, "merchant_offer_id": "22010", "merchant_name": "Flipkart SHA MarMap", "cashback_type": "Rewards", "merchant_image_url": "https://asset20.ckassets.com/resources/image/stores/flipkart-tv-bbd-mapping-1697103111.png", "offer_type": "Cashback only", "coupons_count": 0, "secondary_cashback_count": 1, "compared_CKSID": "CKS-Room-Heaters-000022", "compared_sellers_count": 2, "compared_product_name": "Bajaj OFR Room Heater With 13 Fin, 2900 Watts", "price": {"original_price": "15000.00", "discounted_price": "9999.00", "cashback_amount": "140.00", "price_aftercashback": "9859.00", "currency": "INR", "discount_percentage": 33}, "key_features": {"Seller": "Flipkart", "Brand": "Bajaj"}}, "relationships": {"products_compared": [{"type": "products", "id": "PPS4-itmezqgztzbxeftg", "attributes": {"cashback_url": "https://tracking.cashkaro.com/visitproduct/22010/PPS4-itmezqgztzbxeftg?id=", "product_label": "", "availability": "Yes", "card_type": true, "price": {"original_price": "15000.00", "discounted_price": "9999.00", "cashback_amount": "140.00", "price_aftercashback": "9859.00", "currency": "INR"}, "product_button_text": "", "product_start_datetime": null, "product_end_datetime": null, "merchant": {"offer_id": "22010", "name": "Flipkart SHA MarMap", "unique_identifier": "flipkart-sha-marmap", "cashback_type": "Rewards", "cashback_payment_type": "percent", "offer_type": "Cashback only", "image_url": "https://asset20.ckassets.com/resources/image/stores/flipkart-tv-bbd-mapping-1697103111.png", "coupons_count": 0, "secondary_cashback_count": 1, "final_terms_condition": "<li>Add products to your Cart/Wishlist only after clicking out from CashKaro</li><li>Missing Reward Tickets will be resolved within 10 days</li>", "report_storename": "Flipkart", "app_tracking_enabled_android": 1, "app_tracking_enabled_ios": 1, "is_custom_override_case": 1, "intermediate_page_text": ""}}}, {"type": "products", "id": "PPS1-B01N1XVVLC", "attributes": {"cashback_url": "https://tracking.cashkaro.com/visitproduct/18886/PPS1-B01N1XVVLC?id=", "product_label": "", "availability": "Yes", "card_type": true, "price": {"original_price": "16999.00", "discounted_price": "9900.00", "cashback_amount": "0.00", "price_aftercashback": "9900.00", "currency": "INR"}, "product_button_text": "", "product_start_datetime": null, "product_end_datetime": null, "merchant": {"offer_id": "18886", "name": "Amazon Home & Kitchen Exclusive", "unique_identifier": "amazon-home-kitchen-exclusive-1", "cashback_type": "Rewards", "cashback_payment_type": "percent", "offer_type": "Cashback + Coupons", "image_url": "https://asset20.ckassets.com/resources/image/stores/amazon-1602658695.png", "coupons_count": 0, "secondary_cashback_count": 0, "final_terms_condition": "<li>Add Products to your cart / wishlist only after clicking out from CashKaro</li><li>Rewards on Amazon App orders: Yes</li><li>No CashKaro Rewards on transactions through Amazon Business Account</li><li>Your Missing Rewards ticket will be resolved within 10 Days</li>", "report_storename": "Amazon", "app_tracking_enabled_android": 1, "app_tracking_enabled_ios": 1, "is_custom_override_case": 1, "intermediate_page_text": ""}}}]}}, {"type": "products", "id": "PPS120-200291", "attributes": {"name": "Morphy Richards Aristo 2000 Watts PTC Room Heater, White", "card_type": true, "product_label": "", "category_price_starting_from": "", "category_earn_text": "", "category_detail": "", "facets": {"Colour": ["White"]}, "image_url": "https://m.media-amazon.com/images/I/41nYaR0z9fL._SX300_SY300_QL70_FMwebp_.jpg", "image_urls": {"image_url_1": "https://m.media-amazon.com/images/I/41nYaR0z9fL._SX300_SY300_QL70_FMwebp_.jpg", "image_url_2": "https://m.media-amazon.com/images/I/71Bh3aTA3EL._SX569_.jpg", "image_url_3": "https://m.media-amazon.com/images/I/61FX13kYShL._SX569_.jpg", "image_url_4": ""}, "cashback_url": "https://tracking.cashkaro.com/visitproduct/18752/PPS120-200291?id=", "is_compared": true, "brand": "Morphy Richards", "product_button_text": "", "product_start_datetime": null, "product_end_datetime": null, "merchant_offer_id": "18752", "merchant_name": "Croma Mapping 4", "cashback_type": "Cashback", "merchant_image_url": "https://asset20.ckassets.com/resources/image/stores/croma-test-1662970725.png", "offer_type": "Cashback only", "coupons_count": 0, "secondary_cashback_count": 0, "compared_CKSID": "CKS-Room-Heaters-000026", "compared_sellers_count": 3, "compared_product_name": "Morphy Richards Aristo PTC Room Heater, 2000 Watts", "price": {"original_price": "7699.00", "discounted_price": "3790.00", "cashback_amount": "56.85", "price_aftercashback": "3733.15", "currency": "INR", "discount_percentage": 51}, "key_features": {"Seller": "Amazon", "Brand": "Morphy Richards"}}, "relationships": {"products_compared": [{"type": "products", "id": "PPS120-200291", "attributes": {"cashback_url": "https://tracking.cashkaro.com/visitproduct/18752/PPS120-200291?id=", "product_label": "", "availability": "Yes", "card_type": true, "price": {"original_price": "7699.00", "discounted_price": "3790.00", "cashback_amount": "56.85", "price_aftercashback": "3733.15", "currency": "INR"}, "product_button_text": "", "product_start_datetime": null, "product_end_datetime": null, "merchant": {"offer_id": "18752", "name": "Croma Mapping 4", "unique_identifier": "croma-mapping-4", "cashback_type": "Cashback", "cashback_payment_type": "percent", "offer_type": "Cashback only", "image_url": "https://asset20.ckassets.com/resources/image/stores/croma-test-1662970725.png", "coupons_count": 0, "secondary_cashback_count": 0, "final_terms_condition": "<li>No Cashback on Smartphones on using Coupon Code</li><li>Cashback on Croma App Orders: Not Applicable</li>", "report_storename": "Croma", "app_tracking_enabled_android": 0, "app_tracking_enabled_ios": 0, "is_custom_override_case": 0, "intermediate_page_text": ""}}}, {"type": "products", "id": "PPS4-itmeykfgttc3dgjh", "attributes": {"cashback_url": "https://tracking.cashkaro.com/visitproduct/22010/PPS4-itmeykfgttc3dgjh?id=", "product_label": "", "availability": "Yes", "card_type": true, "price": {"original_price": "5299.00", "discounted_price": "3850.00", "cashback_amount": "107.80", "price_aftercashback": "3742.20", "currency": "INR"}, "product_button_text": "", "product_start_datetime": null, "product_end_datetime": null, "merchant": {"offer_id": "22010", "name": "Flipkart SHA MarMap", "unique_identifier": "flipkart-sha-marmap", "cashback_type": "Rewards", "cashback_payment_type": "percent", "offer_type": "Cashback only", "image_url": "https://asset20.ckassets.com/resources/image/stores/flipkart-tv-bbd-mapping-1697103111.png", "coupons_count": 0, "secondary_cashback_count": 1, "final_terms_condition": "<li>Add products to your Cart/Wishlist only after clicking out from CashKaro</li><li>Missing Reward Tickets will be resolved within 10 days</li>", "report_storename": "Flipkart", "app_tracking_enabled_android": 1, "app_tracking_enabled_ios": 1, "is_custom_override_case": 1, "intermediate_page_text": ""}}}, {"type": "products", "id": "PPS1-B01M265AAK", "attributes": {"cashback_url": "https://tracking.cashkaro.com/visitproduct/18886/PPS1-B01M265AAK?id=", "product_label": "", "availability": "No", "card_type": true, "price": {"original_price": "7699.00", "discounted_price": "3390.00", "cashback_amount": "0.00", "price_aftercashback": "3390.00", "currency": "INR"}, "product_button_text": "", "product_start_datetime": null, "product_end_datetime": null, "merchant": {"offer_id": "18886", "name": "Amazon Home & Kitchen Exclusive", "unique_identifier": "amazon-home-kitchen-exclusive-1", "cashback_type": "Rewards", "cashback_payment_type": "percent", "offer_type": "Cashback + Coupons", "image_url": "https://asset20.ckassets.com/resources/image/stores/amazon-1602658695.png", "coupons_count": 0, "secondary_cashback_count": 0, "final_terms_condition": "<li>Add Products to your cart / wishlist only after clicking out from CashKaro</li><li>Rewards on Amazon App orders: Yes</li><li>No CashKaro Rewards on transactions through Amazon Business Account</li><li>Your Missing Rewards ticket will be resolved within 10 Days</li>", "report_storename": "Amazon", "app_tracking_enabled_android": 1, "app_tracking_enabled_ios": 1, "is_custom_override_case": 1, "intermediate_page_text": ""}}}]}}, {"type": "products", "id": "PPS120-302707", "attributes": {"name": "Havells Comforter Room Heater 2000 Watt Adjustable Vent for Air Delivery, White & Black", "card_type": true, "product_label": "", "category_price_starting_from": "", "category_earn_text": "", "category_detail": "", "facets": {"Colour": ["White & Black"]}, "image_url": "https://m.media-amazon.com/images/I/612aNq4czQL._SX569_.jpg", "image_urls": {"image_url_1": "https://m.media-amazon.com/images/I/612aNq4czQL._SX569_.jpg", "image_url_2": "https://m.media-amazon.com/images/I/71d9m4tshLL._SX569_.jpg", "image_url_3": "https://m.media-amazon.com/images/I/71BYWP7iLrL._SX569_.jpg", "image_url_4": ""}, "cashback_url": "https://tracking.cashkaro.com/visitproduct/18752/PPS120-302707?id=", "is_compared": true, "brand": "Havells", "product_button_text": "", "product_start_datetime": null, "product_end_datetime": null, "merchant_offer_id": "18752", "merchant_name": "Croma Mapping 4", "cashback_type": "Cashback", "merchant_image_url": "https://asset20.ckassets.com/resources/image/stores/croma-test-1662970725.png", "offer_type": "Cashback only", "coupons_count": 0, "secondary_cashback_count": 0, "compared_CKSID": "CKS-Room-Heaters-000023", "compared_sellers_count": 3, "compared_product_name": "Havells Comforter Room Heater, 2000 Watts", "price": {"original_price": "5845.00", "discounted_price": "3812.00", "cashback_amount": "57.18", "price_aftercashback": "3754.82", "currency": "INR", "discount_percentage": 35}, "key_features": {"Seller": "Croma", "Brand": "Havells"}}, "relationships": {"products_compared": [{"type": "products", "id": "PPS120-302707", "attributes": {"cashback_url": "https://tracking.cashkaro.com/visitproduct/18752/PPS120-302707?id=", "product_label": "", "availability": "Yes", "card_type": true, "price": {"original_price": "5845.00", "discounted_price": "3812.00", "cashback_amount": "57.18", "price_aftercashback": "3754.82", "currency": "INR"}, "product_button_text": "", "product_start_datetime": null, "product_end_datetime": null, "merchant": {"offer_id": "18752", "name": "Croma Mapping 4", "unique_identifier": "croma-mapping-4", "cashback_type": "Cashback", "cashback_payment_type": "percent", "offer_type": "Cashback only", "image_url": "https://asset20.ckassets.com/resources/image/stores/croma-test-1662970725.png", "coupons_count": 0, "secondary_cashback_count": 0, "final_terms_condition": "<li>No Cashback on Smartphones on using Coupon Code</li><li>Cashback on Croma App Orders: Not Applicable</li>", "report_storename": "Croma", "app_tracking_enabled_android": 0, "app_tracking_enabled_ios": 0, "is_custom_override_case": 0, "intermediate_page_text": ""}}}, {"type": "products", "id": "PPS4-itmeyk77pggzmzpk", "attributes": {"cashback_url": "https://tracking.cashkaro.com/visitproduct/22010/PPS4-itmeyk77pggzmzpk?id=", "product_label": "", "availability": "Yes", "card_type": true, "price": {"original_price": "5045.00", "discounted_price": "4190.00", "cashback_amount": "117.32", "price_aftercashback": "4072.68", "currency": "INR"}, "product_button_text": "", "product_start_datetime": null, "product_end_datetime": null, "merchant": {"offer_id": "22010", "name": "Flipkart SHA MarMap", "unique_identifier": "flipkart-sha-marmap", "cashback_type": "Rewards", "cashback_payment_type": "percent", "offer_type": "Cashback only", "image_url": "https://asset20.ckassets.com/resources/image/stores/flipkart-tv-bbd-mapping-1697103111.png", "coupons_count": 0, "secondary_cashback_count": 1, "final_terms_condition": "<li>Add products to your Cart/Wishlist only after clicking out from CashKaro</li><li>Missing Reward Tickets will be resolved within 10 days</li>", "report_storename": "Flipkart", "app_tracking_enabled_android": 1, "app_tracking_enabled_ios": 1, "is_custom_override_case": 1, "intermediate_page_text": ""}}}, {"type": "products", "id": "PPS1-B00PQDO5W0", "attributes": {"cashback_url": "https://tracking.cashkaro.com/visitproduct/18886/PPS1-B00PQDO5W0?id=", "product_label": "", "availability": "Yes", "card_type": true, "price": {"original_price": "5045.00", "discounted_price": "4290.00", "cashback_amount": "0.00", "price_aftercashback": "4290.00", "currency": "INR"}, "product_button_text": "", "product_start_datetime": null, "product_end_datetime": null, "merchant": {"offer_id": "18886", "name": "Amazon Home & Kitchen Exclusive", "unique_identifier": "amazon-home-kitchen-exclusive-1", "cashback_type": "Rewards", "cashback_payment_type": "percent", "offer_type": "Cashback + Coupons", "image_url": "https://asset20.ckassets.com/resources/image/stores/amazon-1602658695.png", "coupons_count": 0, "secondary_cashback_count": 0, "final_terms_condition": "<li>Add Products to your cart / wishlist only after clicking out from CashKaro</li><li>Rewards on Amazon App orders: Yes</li><li>No CashKaro Rewards on transactions through Amazon Business Account</li><li>Your Missing Rewards ticket will be resolved within 10 Days</li>", "report_storename": "Amazon", "app_tracking_enabled_android": 1, "app_tracking_enabled_ios": 1, "is_custom_override_case": 1, "intermediate_page_text": ""}}}]}}, {"type": "products", "id": "PPS120-194611", "attributes": {"name": "Bajaj OFR Room Heater, 11 Fin 2500 Watts Oil Filled Room Heater with 400W PTC Ceramic Fan Heater Majesty 11F Plus, Black/Golden", "card_type": true, "product_label": "", "category_price_starting_from": "", "category_earn_text": "", "category_detail": "", "facets": {"Colour": ["Black & Golden"]}, "image_url": "https://m.media-amazon.com/images/I/61DskmaL0jL._SX569_.jpg", "image_urls": {"image_url_1": "https://m.media-amazon.com/images/I/61DskmaL0jL._SX569_.jpg", "image_url_2": "https://m.media-amazon.com/images/I/71bRcJEjwdL._SX569_.jpg", "image_url_3": "https://m.media-amazon.com/images/I/71DwECXqkoL._SX569_.jpg", "image_url_4": ""}, "cashback_url": "https://tracking.cashkaro.com/visitproduct/18752/PPS120-194611?id=", "is_compared": true, "brand": "Bajaj", "product_button_text": "", "product_start_datetime": null, "product_end_datetime": null, "merchant_offer_id": "18752", "merchant_name": "Croma Mapping 4", "cashback_type": "Cashback", "merchant_image_url": "https://asset20.ckassets.com/resources/image/stores/croma-test-1662970725.png", "offer_type": "Cashback only", "coupons_count": 0, "secondary_cashback_count": 0, "compared_CKSID": "CKS-Room-Heaters-000021", "compared_sellers_count": 3, "compared_product_name": "Bajaj OFR Room Heater With 11 Fin, 2500 Watts", "price": {"original_price": "17999.00", "discounted_price": "8799.00", "cashback_amount": "131.99", "price_aftercashback": "8667.02", "currency": "INR", "discount_percentage": 51}, "key_features": {"Seller": "Croma", "Brand": "Bajaj"}}, "relationships": {"products_compared": [{"type": "products", "id": "PPS120-194611", "attributes": {"cashback_url": "https://tracking.cashkaro.com/visitproduct/18752/PPS120-194611?id=", "product_label": "", "availability": "Yes", "card_type": true, "price": {"original_price": "17999.00", "discounted_price": "8799.00", "cashback_amount": "131.99", "price_aftercashback": "8667.02", "currency": "INR"}, "product_button_text": "", "product_start_datetime": null, "product_end_datetime": null, "merchant": {"offer_id": "18752", "name": "Croma Mapping 4", "unique_identifier": "croma-mapping-4", "cashback_type": "Cashback", "cashback_payment_type": "percent", "offer_type": "Cashback only", "image_url": "https://asset20.ckassets.com/resources/image/stores/croma-test-1662970725.png", "coupons_count": 0, "secondary_cashback_count": 0, "final_terms_condition": "<li>No Cashback on Smartphones on using Coupon Code</li><li>Cashback on Croma App Orders: Not Applicable</li>", "report_storename": "Croma", "app_tracking_enabled_android": 0, "app_tracking_enabled_ios": 0, "is_custom_override_case": 0, "intermediate_page_text": ""}}}, {"type": "products", "id": "PPS4-itmezqgzwkqxdhmd", "attributes": {"cashback_url": "https://tracking.cashkaro.com/visitproduct/22010/PPS4-itmezqgzwkqxdhmd?id=", "product_label": "", "availability": "No", "card_type": true, "price": {"original_price": "12940.00", "discounted_price": "9299.00", "cashback_amount": "140.00", "price_aftercashback": "9159.00", "currency": "INR"}, "product_button_text": "", "product_start_datetime": null, "product_end_datetime": null, "merchant": {"offer_id": "22010", "name": "Flipkart SHA MarMap", "unique_identifier": "flipkart-sha-marmap", "cashback_type": "Rewards", "cashback_payment_type": "percent", "offer_type": "Cashback only", "image_url": "https://asset20.ckassets.com/resources/image/stores/flipkart-tv-bbd-mapping-1697103111.png", "coupons_count": 0, "secondary_cashback_count": 1, "final_terms_condition": "<li>Add products to your Cart/Wishlist only after clicking out from CashKaro</li><li>Missing Reward Tickets will be resolved within 10 days</li>", "report_storename": "Flipkart", "app_tracking_enabled_android": 1, "app_tracking_enabled_ios": 1, "is_custom_override_case": 1, "intermediate_page_text": ""}}}, {"type": "products", "id": "PPS1-B01N2RYSXX", "attributes": {"cashback_url": "https://tracking.cashkaro.com/visitproduct/18886/PPS1-B01N2RYSXX?id=", "product_label": "", "availability": "No", "card_type": true, "price": {"original_price": "17999.00", "discounted_price": "9199.00", "cashback_amount": "0.00", "price_aftercashback": "9199.00", "currency": "INR"}, "product_button_text": "", "product_start_datetime": null, "product_end_datetime": null, "merchant": {"offer_id": "18886", "name": "Amazon Home & Kitchen Exclusive", "unique_identifier": "amazon-home-kitchen-exclusive-1", "cashback_type": "Rewards", "cashback_payment_type": "percent", "offer_type": "Cashback + Coupons", "image_url": "https://asset20.ckassets.com/resources/image/stores/amazon-1602658695.png", "coupons_count": 0, "secondary_cashback_count": 0, "final_terms_condition": "<li>Add Products to your cart / wishlist only after clicking out from CashKaro</li><li>Rewards on Amazon App orders: Yes</li><li>No CashKaro Rewards on transactions through Amazon Business Account</li><li>Your Missing Rewards ticket will be resolved within 10 Days</li>", "report_storename": "Amazon", "app_tracking_enabled_android": 1, "app_tracking_enabled_ios": 1, "is_custom_override_case": 1, "intermediate_page_text": ""}}}]}}, {"type": "products", "id": "PPS4-itmefz2gyjgmjckf", "attributes": {"name": "Usha Heat Convector with Over Heat Protection - 423 N - 2000 Watt", "card_type": true, "product_label": "", "category_price_starting_from": "", "category_earn_text": "", "category_detail": "", "facets": {"Colour": ["Black"]}, "image_url": "https://m.media-amazon.com/images/I/41cU42R-t8L.jpg", "image_urls": {"image_url_1": "https://m.media-amazon.com/images/I/41cU42R-t8L.jpg", "image_url_2": "", "image_url_3": "", "image_url_4": ""}, "cashback_url": "https://tracking.cashkaro.com/visitproduct/22010/PPS4-itmefz2gyjgmjckf?id=", "is_compared": true, "brand": "Usha", "product_button_text": "", "product_start_datetime": null, "product_end_datetime": null, "merchant_offer_id": "22010", "merchant_name": "Flipkart SHA MarMap", "cashback_type": "Rewards", "merchant_image_url": "https://asset20.ckassets.com/resources/image/stores/flipkart-tv-bbd-mapping-1697103111.png", "offer_type": "Cashback only", "coupons_count": 0, "secondary_cashback_count": 1, "compared_CKSID": "CKS-Room-Heaters-000016", "compared_sellers_count": 2, "compared_product_name": "Usha Heat Convector with Over Heat Protection - 423 N - 2000 Watt", "price": {"original_price": "2879.00", "discounted_price": "2149.00", "cashback_amount": "60.17", "price_aftercashback": "2088.83", "currency": "INR", "discount_percentage": 25}, "key_features": {"Seller": "Flipkart", "Brand": "Usha", "Power Consumption": "2000 Watt"}}, "relationships": {"products_compared": [{"type": "products", "id": "PPS4-itmefz2gyjgmjckf", "attributes": {"cashback_url": "https://tracking.cashkaro.com/visitproduct/22010/PPS4-itmefz2gyjgmjckf?id=", "product_label": "", "availability": "Yes", "card_type": true, "price": {"original_price": "2879.00", "discounted_price": "2149.00", "cashback_amount": "60.17", "price_aftercashback": "2088.83", "currency": "INR"}, "product_button_text": "", "product_start_datetime": null, "product_end_datetime": null, "merchant": {"offer_id": "22010", "name": "Flipkart SHA MarMap", "unique_identifier": "flipkart-sha-marmap", "cashback_type": "Rewards", "cashback_payment_type": "percent", "offer_type": "Cashback only", "image_url": "https://asset20.ckassets.com/resources/image/stores/flipkart-tv-bbd-mapping-1697103111.png", "coupons_count": 0, "secondary_cashback_count": 1, "final_terms_condition": "<li>Add products to your Cart/Wishlist only after clicking out from CashKaro</li><li>Missing Reward Tickets will be resolved within 10 days</li>", "report_storename": "Flipkart", "app_tracking_enabled_android": 1, "app_tracking_enabled_ios": 1, "is_custom_override_case": 1, "intermediate_page_text": ""}}}, {"type": "products", "id": "PPS1-B00AK3XHM0", "attributes": {"cashback_url": "https://tracking.cashkaro.com/visitproduct/18886/PPS1-B00AK3XHM0?id=", "product_label": "", "availability": "Yes", "card_type": true, "price": {"original_price": "2599.00", "discounted_price": "2125.00", "cashback_amount": "0.00", "price_aftercashback": "2125.00", "currency": "INR"}, "product_button_text": "", "product_start_datetime": null, "product_end_datetime": null, "merchant": {"offer_id": "18886", "name": "Amazon Home & Kitchen Exclusive", "unique_identifier": "amazon-home-kitchen-exclusive-1", "cashback_type": "Rewards", "cashback_payment_type": "percent", "offer_type": "Cashback + Coupons", "image_url": "https://asset20.ckassets.com/resources/image/stores/amazon-1602658695.png", "coupons_count": 0, "secondary_cashback_count": 0, "final_terms_condition": "<li>Add Products to your cart / wishlist only after clicking out from CashKaro</li><li>Rewards on Amazon App orders: Yes</li><li>No CashKaro Rewards on transactions through Amazon Business Account</li><li>Your Missing Rewards ticket will be resolved within 10 Days</li>", "report_storename": "Amazon", "app_tracking_enabled_android": 1, "app_tracking_enabled_ios": 1, "is_custom_override_case": 1, "intermediate_page_text": ""}}}]}}, {"type": "products", "id": "PPS1-B00LUGTJGO", "attributes": {"name": "Bajaj Room Heater - 800 Watt", "card_type": true, "product_label": "", "category_price_starting_from": "", "category_earn_text": "", "category_detail": "", "facets": {"Colour": ["White"]}, "image_url": "https://m.media-amazon.com/images/I/513s9ORFSeL.jpg", "image_urls": {"image_url_1": "https://m.media-amazon.com/images/I/513s9ORFSeL.jpg", "image_url_2": "", "image_url_3": "", "image_url_4": ""}, "cashback_url": "https://tracking.cashkaro.com/visitproduct/18886/PPS1-B00LUGTJGO?id=", "is_compared": true, "brand": "Bajaj", "product_button_text": "", "product_start_datetime": null, "product_end_datetime": null, "merchant_offer_id": "18886", "merchant_name": "Amazon Home & Kitchen Exclusive", "cashback_type": "Rewards", "merchant_image_url": "https://asset20.ckassets.com/resources/image/stores/amazon-1602658695.png", "offer_type": "Cashback + Coupons", "coupons_count": 0, "secondary_cashback_count": 0, "compared_CKSID": "CKS-Room-Heaters-000005", "compared_sellers_count": 2, "compared_product_name": "Bajaj Room Heater - 800 Watt", "price": {"original_price": "1849.00", "discounted_price": "1799.00", "cashback_amount": "0.00", "price_aftercashback": "1799.00", "currency": "INR", "discount_percentage": 3}, "key_features": {"Seller": "Amazon", "Brand": "Bajaj", "Power Consumption": "800 Watt"}}, "relationships": {"products_compared": [{"type": "products", "id": "PPS1-B00LUGTJGO", "attributes": {"cashback_url": "https://tracking.cashkaro.com/visitproduct/18886/PPS1-B00LUGTJGO?id=", "product_label": "", "availability": "Yes", "card_type": true, "price": {"original_price": "1849.00", "discounted_price": "1799.00", "cashback_amount": "0.00", "price_aftercashback": "1799.00", "currency": "INR"}, "product_button_text": "", "product_start_datetime": null, "product_end_datetime": null, "merchant": {"offer_id": "18886", "name": "Amazon Home & Kitchen Exclusive", "unique_identifier": "amazon-home-kitchen-exclusive-1", "cashback_type": "Rewards", "cashback_payment_type": "percent", "offer_type": "Cashback + Coupons", "image_url": "https://asset20.ckassets.com/resources/image/stores/amazon-1602658695.png", "coupons_count": 0, "secondary_cashback_count": 0, "final_terms_condition": "<li>Add Products to your cart / wishlist only after clicking out from CashKaro</li><li>Rewards on Amazon App orders: Yes</li><li>No CashKaro Rewards on transactions through Amazon Business Account</li><li>Your Missing Rewards ticket will be resolved within 10 Days</li>", "report_storename": "Amazon", "app_tracking_enabled_android": 1, "app_tracking_enabled_ios": 1, "is_custom_override_case": 1, "intermediate_page_text": ""}}}, {"type": "products", "id": "PPS4-itm91731b0a78af8", "attributes": {"cashback_url": "https://tracking.cashkaro.com/visitproduct/22010/PPS4-itm91731b0a78af8?id=", "product_label": "", "availability": "Yes", "card_type": true, "price": {"original_price": "1949.00", "discounted_price": "1930.00", "cashback_amount": "54.04", "price_aftercashback": "1875.96", "currency": "INR"}, "product_button_text": "", "product_start_datetime": null, "product_end_datetime": null, "merchant": {"offer_id": "22010", "name": "Flipkart SHA MarMap", "unique_identifier": "flipkart-sha-marmap", "cashback_type": "Rewards", "cashback_payment_type": "percent", "offer_type": "Cashback only", "image_url": "https://asset20.ckassets.com/resources/image/stores/flipkart-tv-bbd-mapping-1697103111.png", "coupons_count": 0, "secondary_cashback_count": 1, "final_terms_condition": "<li>Add products to your Cart/Wishlist only after clicking out from CashKaro</li><li>Missing Reward Tickets will be resolved within 10 days</li>", "report_storename": "Flipkart", "app_tracking_enabled_android": 1, "app_tracking_enabled_ios": 1, "is_custom_override_case": 1, "intermediate_page_text": ""}}}]}}, {"type": "products", "id": "PPS1-B00NIFGIAA", "attributes": {"name": "Maharaja Whiteline Plastic Quato Quartz Heater - 800 Watt", "card_type": true, "product_label": "", "category_price_starting_from": "", "category_earn_text": "", "category_detail": "", "facets": {"Colour": ["Grey"]}, "image_url": "https://m.media-amazon.com/images/I/41WzdVkc9yL.jpg", "image_urls": {"image_url_1": "https://m.media-amazon.com/images/I/41WzdVkc9yL.jpg", "image_url_2": "", "image_url_3": "", "image_url_4": ""}, "cashback_url": "https://tracking.cashkaro.com/visitproduct/18886/PPS1-B00NIFGIAA?id=", "is_compared": true, "brand": "Maharaja Whiteline", "product_button_text": "", "product_start_datetime": null, "product_end_datetime": null, "merchant_offer_id": "18886", "merchant_name": "Amazon Home & Kitchen Exclusive", "cashback_type": "Rewards", "merchant_image_url": "https://asset20.ckassets.com/resources/image/stores/amazon-1602658695.png", "offer_type": "Cashback + Coupons", "coupons_count": 0, "secondary_cashback_count": 0, "compared_CKSID": "CKS-Room-Heaters-000011", "compared_sellers_count": 2, "compared_product_name": "Maharaja Whiteline Plastic Quato Quartz Heater - 800 Watt", "price": {"original_price": "1849.00", "discounted_price": "999.00", "cashback_amount": "0.00", "price_aftercashback": "999.00", "currency": "INR", "discount_percentage": 46}, "key_features": {"Seller": "Amazon", "Brand": "Maharaja Whiteline", "Power Consumption": "800 Watt"}}, "relationships": {"products_compared": [{"type": "products", "id": "PPS1-B00NIFGIAA", "attributes": {"cashback_url": "https://tracking.cashkaro.com/visitproduct/18886/PPS1-B00NIFGIAA?id=", "product_label": "", "availability": "Yes", "card_type": true, "price": {"original_price": "1849.00", "discounted_price": "999.00", "cashback_amount": "0.00", "price_aftercashback": "999.00", "currency": "INR"}, "product_button_text": "", "product_start_datetime": null, "product_end_datetime": null, "merchant": {"offer_id": "18886", "name": "Amazon Home & Kitchen Exclusive", "unique_identifier": "amazon-home-kitchen-exclusive-1", "cashback_type": "Rewards", "cashback_payment_type": "percent", "offer_type": "Cashback + Coupons", "image_url": "https://asset20.ckassets.com/resources/image/stores/amazon-1602658695.png", "coupons_count": 0, "secondary_cashback_count": 0, "final_terms_condition": "<li>Add Products to your cart / wishlist only after clicking out from CashKaro</li><li>Rewards on Amazon App orders: Yes</li><li>No CashKaro Rewards on transactions through Amazon Business Account</li><li>Your Missing Rewards ticket will be resolved within 10 Days</li>", "report_storename": "Amazon", "app_tracking_enabled_android": 1, "app_tracking_enabled_ios": 1, "is_custom_override_case": 1, "intermediate_page_text": ""}}}, {"type": "products", "id": "PPS4-itmefmjyyrtchbuw", "attributes": {"cashback_url": "https://tracking.cashkaro.com/visitproduct/22010/PPS4-itmefmjyyrtchbuw?id=", "product_label": "", "availability": "Yes", "card_type": true, "price": {"original_price": "1849.00", "discounted_price": "1285.00", "cashback_amount": "35.98", "price_aftercashback": "1249.02", "currency": "INR"}, "product_button_text": "", "product_start_datetime": null, "product_end_datetime": null, "merchant": {"offer_id": "22010", "name": "Flipkart SHA MarMap", "unique_identifier": "flipkart-sha-marmap", "cashback_type": "Rewards", "cashback_payment_type": "percent", "offer_type": "Cashback only", "image_url": "https://asset20.ckassets.com/resources/image/stores/flipkart-tv-bbd-mapping-1697103111.png", "coupons_count": 0, "secondary_cashback_count": 1, "final_terms_condition": "<li>Add products to your Cart/Wishlist only after clicking out from CashKaro</li><li>Missing Reward Tickets will be resolved within 10 days</li>", "report_storename": "Flipkart", "app_tracking_enabled_android": 1, "app_tracking_enabled_ios": 1, "is_custom_override_case": 1, "intermediate_page_text": ""}}}]}}, {"type": "products", "id": "PPS1-B009P2LITG", "attributes": {"name": "Bajaj Majesty Heat Convector Room Heater - 2000 Watt", "card_type": true, "product_label": "", "category_price_starting_from": "", "category_earn_text": "", "category_detail": "", "facets": {"Colour": ["White"]}, "image_url": "https://m.media-amazon.com/images/I/31R5iP1Y+mL.jpg", "image_urls": {"image_url_1": "https://m.media-amazon.com/images/I/31R5iP1Y+mL.jpg", "image_url_2": "", "image_url_3": "", "image_url_4": ""}, "cashback_url": "https://tracking.cashkaro.com/visitproduct/18886/PPS1-B009P2LITG?id=", "is_compared": true, "brand": "Bajaj", "product_button_text": "", "product_start_datetime": null, "product_end_datetime": null, "merchant_offer_id": "18886", "merchant_name": "Amazon Home & Kitchen Exclusive", "cashback_type": "Rewards", "merchant_image_url": "https://asset20.ckassets.com/resources/image/stores/amazon-1602658695.png", "offer_type": "Cashback + Coupons", "coupons_count": 0, "secondary_cashback_count": 0, "compared_CKSID": "CKS-Room-Heaters-000004", "compared_sellers_count": 2, "compared_product_name": "Bajaj Majesty Heat Convector Room Heater - 2000 Watt", "price": {"original_price": "3449.00", "discounted_price": "2390.00", "cashback_amount": "0.00", "price_aftercashback": "2390.00", "currency": "INR", "discount_percentage": 31}, "key_features": {"Seller": "Amazon", "Brand": "Bajaj", "Power Consumption": "2000 Watt"}}, "relationships": {"products_compared": [{"type": "products", "id": "PPS1-B009P2LITG", "attributes": {"cashback_url": "https://tracking.cashkaro.com/visitproduct/18886/PPS1-B009P2LITG?id=", "product_label": "", "availability": "Yes", "card_type": true, "price": {"original_price": "3449.00", "discounted_price": "2390.00", "cashback_amount": "0.00", "price_aftercashback": "2390.00", "currency": "INR"}, "product_button_text": "", "product_start_datetime": null, "product_end_datetime": null, "merchant": {"offer_id": "18886", "name": "Amazon Home & Kitchen Exclusive", "unique_identifier": "amazon-home-kitchen-exclusive-1", "cashback_type": "Rewards", "cashback_payment_type": "percent", "offer_type": "Cashback + Coupons", "image_url": "https://asset20.ckassets.com/resources/image/stores/amazon-1602658695.png", "coupons_count": 0, "secondary_cashback_count": 0, "final_terms_condition": "<li>Add Products to your cart / wishlist only after clicking out from CashKaro</li><li>Rewards on Amazon App orders: Yes</li><li>No CashKaro Rewards on transactions through Amazon Business Account</li><li>Your Missing Rewards ticket will be resolved within 10 Days</li>", "report_storename": "Amazon", "app_tracking_enabled_android": 1, "app_tracking_enabled_ios": 1, "is_custom_override_case": 1, "intermediate_page_text": ""}}}, {"type": "products", "id": "PPS4-itm764bb9748ce03", "attributes": {"cashback_url": "https://tracking.cashkaro.com/visitproduct/22010/PPS4-itm764bb9748ce03?id=", "product_label": "", "availability": "Yes", "card_type": true, "price": {"original_price": "3599.00", "discounted_price": "3050.00", "cashback_amount": "85.40", "price_aftercashback": "2964.60", "currency": "INR"}, "product_button_text": "", "product_start_datetime": null, "product_end_datetime": null, "merchant": {"offer_id": "22010", "name": "Flipkart SHA MarMap", "unique_identifier": "flipkart-sha-marmap", "cashback_type": "Rewards", "cashback_payment_type": "percent", "offer_type": "Cashback only", "image_url": "https://asset20.ckassets.com/resources/image/stores/flipkart-tv-bbd-mapping-1697103111.png", "coupons_count": 0, "secondary_cashback_count": 1, "final_terms_condition": "<li>Add products to your Cart/Wishlist only after clicking out from CashKaro</li><li>Missing Reward Tickets will be resolved within 10 days</li>", "report_storename": "Flipkart", "app_tracking_enabled_android": 1, "app_tracking_enabled_ios": 1, "is_custom_override_case": 1, "intermediate_page_text": ""}}}]}}]