[{"type": "products", "id": "PPS1-B07QY3L2BT", "attributes": {"name": "Usha Food Processor - FP 3811 - 1000 Watt", "card_type": true, "product_label": "", "category_price_starting_from": "", "category_earn_text": "", "category_detail": "", "facets": [], "image_url": "https://m.media-amazon.com/images/I/41cuH8vElzL._SL500_.jpg", "image_urls": {"image_url_1": "https://m.media-amazon.com/images/I/41cuH8vElzL._SL500_.jpg", "image_url_2": "https://m.media-amazon.com/images/I/41Sj8SEcodL._SL500_.jpg", "image_url_3": "https://m.media-amazon.com/images/I/41Rwn3zyNUL._SL500_.jpg", "image_url_4": ""}, "cashback_url": "https://tracking.cashkaro.com/visitproduct/18886/PPS1-B07QY3L2BT?id=", "is_compared": true, "brand": "Usha", "product_button_text": "", "product_start_datetime": null, "product_end_datetime": null, "merchant_offer_id": "18886", "merchant_name": "Amazon Home & Kitchen Exclusive", "cashback_type": "Rewards", "merchant_image_url": "https://asset20.ckassets.com/resources/image/stores/amazon-1602658695.png", "offer_type": "Cashback + Coupons", "coupons_count": 0, "secondary_cashback_count": 0, "compared_CKSID": "CKS-Kitchen-Appliances-000073", "compared_sellers_count": 2, "compared_product_name": "Usha Food Processor - FP 3811 - 1000 Watt", "price": {"original_price": "1799.00", "discounted_price": "1185.00", "cashback_amount": "0.00", "price_aftercashback": "1185.00", "currency": "INR", "discount_percentage": 34}}}, {"type": "products", "id": "PPS4-itmfgu7uwdhsgght", "attributes": {"name": "Inalsa Food Processor Easy Prep - 7 Accessories - 800 Watt", "card_type": true, "product_label": "", "category_price_starting_from": "", "category_earn_text": "", "category_detail": "", "facets": [], "image_url": "https://m.media-amazon.com/images/I/4118vIRv4KL._SL500_.jpg", "image_urls": {"image_url_1": "https://m.media-amazon.com/images/I/4118vIRv4KL._SL500_.jpg", "image_url_2": "https://m.media-amazon.com/images/I/51Ehdb5R2NL._SL500_.jpg", "image_url_3": "https://m.media-amazon.com/images/I/515ItGq0RNL._SL500_.jpg", "image_url_4": ""}, "cashback_url": "https://tracking.cashkaro.com/visitproduct/22010/PPS4-itmfgu7uwdhsgght?id=", "is_compared": true, "brand": "Inalsa", "product_button_text": "", "product_start_datetime": null, "product_end_datetime": null, "merchant_offer_id": "22010", "merchant_name": "Flipkart SHA MarMap", "cashback_type": "Rewards", "merchant_image_url": "https://asset20.ckassets.com/resources/image/stores/flipkart-tv-bbd-mapping-1697103111.png", "offer_type": "Cashback only", "coupons_count": 0, "secondary_cashback_count": 1, "compared_CKSID": "CKS-Kitchen-Appliances-000066", "compared_sellers_count": 2, "compared_product_name": "INALSA Food Processor Easy Prep - 7 Accessories - 800 Watt", "price": {"original_price": "7050.00", "discounted_price": "4595.00", "cashback_amount": "128.66", "price_aftercashback": "4466.34", "currency": "INR", "discount_percentage": 35}}}, {"type": "products", "id": "PPS4-itmew9wqzdcyzfvr", "attributes": {"name": "Morphy Richards Icon Food Processor - 1000 Watt", "card_type": true, "product_label": "", "category_price_starting_from": "", "category_earn_text": "", "category_detail": "", "facets": [], "image_url": "https://m.media-amazon.com/images/I/31VoCacS2XL._SL500_.jpg", "image_urls": {"image_url_1": "https://m.media-amazon.com/images/I/31VoCacS2XL._SL500_.jpg", "image_url_2": "https://m.media-amazon.com/images/I/41stPjISs1L._SL500_.jpg", "image_url_3": "https://m.media-amazon.com/images/I/41HLyW4qdAL._SL500_.jpg", "image_url_4": ""}, "cashback_url": "https://tracking.cashkaro.com/visitproduct/22010/PPS4-itmew9wqzdcyzfvr?id=", "is_compared": true, "brand": "Morphy Richards", "product_button_text": "", "product_start_datetime": null, "product_end_datetime": null, "merchant_offer_id": "22010", "merchant_name": "Flipkart SHA MarMap", "cashback_type": "Rewards", "merchant_image_url": "https://asset20.ckassets.com/resources/image/stores/flipkart-tv-bbd-mapping-1697103111.png", "offer_type": "Cashback only", "coupons_count": 0, "secondary_cashback_count": 1, "compared_CKSID": "CKS-Kitchen-Appliances-000069", "compared_sellers_count": 2, "compared_product_name": "Morphy Richards Icon Food Processor - 1000 Watt", "price": {"original_price": "11679.00", "discounted_price": "10450.00", "cashback_amount": "140.00", "price_aftercashback": "10310.00", "currency": "INR", "discount_percentage": 11}}}, {"type": "products", "id": "PPS4-itmf37cexphg7kyy", "attributes": {"name": "Inalsa Food Processor INOX - 12 Accessories - 1000 Watt", "card_type": true, "product_label": "", "category_price_starting_from": "", "category_earn_text": "", "category_detail": "", "facets": [], "image_url": "https://m.media-amazon.com/images/I/41XNvYjN8fL._SL500_.jpg", "image_urls": {"image_url_1": "https://m.media-amazon.com/images/I/41XNvYjN8fL._SL500_.jpg", "image_url_2": "https://m.media-amazon.com/images/I/41XjZkR87yL._SL500_.jpg", "image_url_3": "https://m.media-amazon.com/images/I/41-YJR-ld9L._SL500_.jpg", "image_url_4": ""}, "cashback_url": "https://tracking.cashkaro.com/visitproduct/22010/PPS4-itmf37cexphg7kyy?id=", "is_compared": true, "brand": "Inalsa", "product_button_text": "", "product_start_datetime": null, "product_end_datetime": null, "merchant_offer_id": "22010", "merchant_name": "Flipkart SHA MarMap", "cashback_type": "Rewards", "merchant_image_url": "https://asset20.ckassets.com/resources/image/stores/flipkart-tv-bbd-mapping-1697103111.png", "offer_type": "Cashback only", "coupons_count": 0, "secondary_cashback_count": 1, "compared_CKSID": "CKS-Kitchen-Appliances-000106", "compared_sellers_count": 2, "compared_product_name": "INALSA Food Processor INOX - 12 Accessories - 1000 Watt", "price": {"original_price": "10995.00", "discounted_price": "8900.00", "cashback_amount": "140.00", "price_aftercashback": "8760.00", "currency": "INR", "discount_percentage": 19}}}, {"type": "products", "id": "PPS1-B0749NYJRB", "attributes": {"name": "Bajaj Food Processor - FX 1000 - 1000 Watt", "card_type": true, "product_label": "", "category_price_starting_from": "", "category_earn_text": "", "category_detail": "", "facets": [], "image_url": "https://m.media-amazon.com/images/I/41jmzTnAxCL._SL500_.jpg", "image_urls": {"image_url_1": "https://m.media-amazon.com/images/I/41jmzTnAxCL._SL500_.jpg", "image_url_2": "https://m.media-amazon.com/images/I/41iYChfKWyL._SL500_.jpg", "image_url_3": "https://m.media-amazon.com/images/I/31kieeSpGUL._SL500_.jpg", "image_url_4": ""}, "cashback_url": "https://tracking.cashkaro.com/visitproduct/18886/PPS1-B0749NYJRB?id=", "is_compared": true, "brand": "Bajaj", "product_button_text": "", "product_start_datetime": null, "product_end_datetime": null, "merchant_offer_id": "18886", "merchant_name": "Amazon Home & Kitchen Exclusive", "cashback_type": "Rewards", "merchant_image_url": "https://asset20.ckassets.com/resources/image/stores/amazon-1602658695.png", "offer_type": "Cashback + Coupons", "coupons_count": 0, "secondary_cashback_count": 0, "compared_CKSID": "CKS-Kitchen-Appliances-000063", "compared_sellers_count": 2, "compared_product_name": "Bajaj Food Processor - FX 1000 - 1000 Watt", "price": {"original_price": "14800.00", "discounted_price": "9950.00", "cashback_amount": "0.00", "price_aftercashback": "9950.00", "currency": "INR", "discount_percentage": 33}}}, {"type": "products", "id": "PPS4-itm011deefab7c88", "attributes": {"name": "Bajaj Food Processor - FX 11 - 600 Watt", "card_type": true, "product_label": "", "category_price_starting_from": "", "category_earn_text": "", "category_detail": "", "facets": [], "image_url": "https://m.media-amazon.com/images/I/41Ep0R4sbCL._SL500_.jpg", "image_urls": {"image_url_1": "https://m.media-amazon.com/images/I/41Ep0R4sbCL._SL500_.jpg", "image_url_2": "https://m.media-amazon.com/images/I/51BY6xMVB3L._SL500_.jpg", "image_url_3": "https://m.media-amazon.com/images/I/31vBLm9vSAL._SL500_.jpg", "image_url_4": ""}, "cashback_url": "https://tracking.cashkaro.com/visitproduct/22010/PPS4-itm011deefab7c88?id=", "is_compared": true, "brand": "Bajaj", "product_button_text": "", "product_start_datetime": null, "product_end_datetime": null, "merchant_offer_id": "22010", "merchant_name": "Flipkart SHA MarMap", "cashback_type": "Rewards", "merchant_image_url": "https://asset20.ckassets.com/resources/image/stores/flipkart-tv-bbd-mapping-1697103111.png", "offer_type": "Cashback only", "coupons_count": 0, "secondary_cashback_count": 1, "compared_CKSID": "CKS-Kitchen-Appliances-000064", "compared_sellers_count": 2, "compared_product_name": "Bajaj Food Processor - FX 11 - 600 Watt", "price": {"original_price": "8500.00", "discounted_price": "6590.00", "cashback_amount": "140.00", "price_aftercashback": "6450.00", "currency": "INR", "discount_percentage": 22}}}, {"type": "products", "id": "PPS1-B07XZJCSNG", "attributes": {"name": "Wonderchef Nutri-Blend Compact Food Processor - Four Jars - 400 Watt", "card_type": true, "product_label": "", "category_price_starting_from": "", "category_earn_text": "", "category_detail": "", "facets": [], "image_url": "https://m.media-amazon.com/images/I/41RDC9s63AL._SL500_.jpg", "image_urls": {"image_url_1": "https://m.media-amazon.com/images/I/41RDC9s63AL._SL500_.jpg", "image_url_2": "https://m.media-amazon.com/images/I/41NPx7hgOXL._SL500_.jpg", "image_url_3": "https://m.media-amazon.com/images/I/51mv6+XpVRL._SL500_.jpg", "image_url_4": ""}, "cashback_url": "https://tracking.cashkaro.com/visitproduct/18886/PPS1-B07XZJCSNG?id=", "is_compared": true, "brand": "Wonderchef", "product_button_text": "", "product_start_datetime": null, "product_end_datetime": null, "merchant_offer_id": "18886", "merchant_name": "Amazon Home & Kitchen Exclusive", "cashback_type": "Rewards", "merchant_image_url": "https://asset20.ckassets.com/resources/image/stores/amazon-1602658695.png", "offer_type": "Cashback + Coupons", "coupons_count": 0, "secondary_cashback_count": 0, "compared_CKSID": "CKS-Kitchen-Appliances-000074", "compared_sellers_count": 2, "compared_product_name": "Wonderchef Nutri-Blend Compact Food Processor - Four Jars - 400 Watt", "price": {"original_price": "7500.00", "discounted_price": "3699.00", "cashback_amount": "0.00", "price_aftercashback": "3699.00", "currency": "INR", "discount_percentage": 51}}}, {"type": "products", "id": "PPS1-B01GA7SC6U", "attributes": {"name": "Philips Food Processor - HL1660 - 700 Watt", "card_type": true, "product_label": "", "category_price_starting_from": "", "category_earn_text": "", "category_detail": "", "facets": [], "image_url": "https://m.media-amazon.com/images/I/51QWW+sKP6L._SL500_.jpg", "image_urls": {"image_url_1": "https://m.media-amazon.com/images/I/51QWW+sKP6L._SL500_.jpg", "image_url_2": "https://m.media-amazon.com/images/I/51LQnRmj91L._SL500_.jpg", "image_url_3": "https://m.media-amazon.com/images/I/41nNPSFIL8L._SL500_.jpg", "image_url_4": ""}, "cashback_url": "https://tracking.cashkaro.com/visitproduct/18886/PPS1-B01GA7SC6U?id=", "is_compared": true, "brand": "Philips", "product_button_text": "", "product_start_datetime": null, "product_end_datetime": null, "merchant_offer_id": "18886", "merchant_name": "Amazon Home & Kitchen Exclusive", "cashback_type": "Rewards", "merchant_image_url": "https://asset20.ckassets.com/resources/image/stores/amazon-1602658695.png", "offer_type": "Cashback + Coupons", "coupons_count": 0, "secondary_cashback_count": 0, "compared_CKSID": "CKS-Kitchen-Appliances-000070", "compared_sellers_count": 2, "compared_product_name": "Philips Food Processor - HL1660 - 700 Watt", "price": {"original_price": "9999.00", "discounted_price": "8990.00", "cashback_amount": "0.00", "price_aftercashback": "8990.00", "currency": "INR", "discount_percentage": 10}}}]