[{"type": "products", "id": "PPS1-B07XMGGG3P", "attributes": {"name": "Nutribullet PRO High Speed Blender/Mixer/Smoothie Maker - 900 Watts - 12 Pcs Set;Gold", "card_type": true, "product_label": "", "category_price_starting_from": "", "category_earn_text": "", "category_detail": "", "facets": {"Colour": ["Gold"], "Quantity": ["3 Jar"]}, "image_url": "https://m.media-amazon.com/images/I/41POUJSdagL._SL500_.jpg", "image_urls": {"image_url_1": "https://m.media-amazon.com/images/I/41POUJSdagL._SL500_.jpg", "image_url_2": "https://m.media-amazon.com/images/I/41ISfqNHhfL._SL500_.jpg", "image_url_3": "https://m.media-amazon.com/images/I/51EC3b6UcZL._SL500_.jpg", "image_url_4": ""}, "cashback_url": "https://tracking.cashkaro.com/visitproduct/18886/PPS1-B07XMGGG3P?id=", "is_compared": true, "brand": "Nutribullet", "product_button_text": "", "product_start_datetime": null, "product_end_datetime": null, "merchant_offer_id": "18886", "merchant_name": "Amazon Home & Kitchen Exclusive", "cashback_type": "Rewards", "merchant_image_url": "https://asset20.ckassets.com/resources/image/stores/amazon-1602658695.png", "offer_type": "Cashback + Coupons", "coupons_count": 0, "secondary_cashback_count": 0, "compared_CKSID": "CKS-Juicer-Mixer-Grinder-000054", "compared_sellers_count": 2, "compared_product_name": "Nutribullet PRO High Speed Blender-Mixer-Smoothie Maker - 900 Watts - 12 Pcs Set", "price": {"original_price": "20900.00", "discounted_price": "7999.00", "cashback_amount": "0.00", "price_aftercashback": "7999.00", "currency": "INR", "discount_percentage": 62}, "key_features": {"Seller": "Amazon", "Brand": "Nutribullet"}}, "relationships": {"products_compared": [{"type": "products", "id": "PPS1-B07XMGGG3P", "attributes": {"cashback_url": "https://tracking.cashkaro.com/visitproduct/18886/PPS1-B07XMGGG3P?id=", "product_label": "", "availability": "Yes", "card_type": true, "price": {"original_price": "20900.00", "discounted_price": "7999.00", "cashback_amount": "0.00", "price_aftercashback": "7999.00", "currency": "INR"}, "product_button_text": "", "product_start_datetime": null, "product_end_datetime": null, "merchant": {"offer_id": "18886", "name": "Amazon Home & Kitchen Exclusive", "unique_identifier": "amazon-home-kitchen-exclusive-1", "cashback_type": "Rewards", "cashback_payment_type": "percent", "offer_type": "Cashback + Coupons", "image_url": "https://asset20.ckassets.com/resources/image/stores/amazon-1602658695.png", "coupons_count": 0, "secondary_cashback_count": 0, "final_terms_condition": "<li>Add Products to your cart / wishlist only after clicking out from CashKaro</li><li>Rewards on Amazon App orders: Yes</li><li>No CashKaro Rewards on transactions through Amazon Business Account</li><li>Your Missing Rewards ticket will be resolved within 10 Days</li>", "report_storename": "Amazon", "app_tracking_enabled_android": 1, "app_tracking_enabled_ios": 1, "is_custom_override_case": 1, "intermediate_page_text": ""}}}, {"type": "products", "id": "PPS4-itm1e1b94e822244", "attributes": {"cashback_url": "https://tracking.cashkaro.com/visitproduct/22010/PPS4-itm1e1b94e822244?id=", "product_label": "", "availability": "Yes", "card_type": true, "price": {"original_price": "11999.00", "discounted_price": "8499.00", "cashback_amount": "140.00", "price_aftercashback": "8359.00", "currency": "INR"}, "product_button_text": "", "product_start_datetime": null, "product_end_datetime": null, "merchant": {"offer_id": "22010", "name": "Flipkart SHA MarMap", "unique_identifier": "flipkart-sha-marmap", "cashback_type": "Rewards", "cashback_payment_type": "percent", "offer_type": "Cashback only", "image_url": "https://asset20.ckassets.com/resources/image/stores/flipkart-tv-bbd-mapping-1697103111.png", "coupons_count": 0, "secondary_cashback_count": 1, "final_terms_condition": "<li>Add products to your Cart/Wishlist only after clicking out from CashKaro</li><li>Missing Reward Tickets will be resolved within 10 days</li>", "report_storename": "Flipkart", "app_tracking_enabled_android": 1, "app_tracking_enabled_ios": 1, "is_custom_override_case": 1, "intermediate_page_text": ""}}}]}}, {"type": "products", "id": "PPS4-itmf151228dc536a", "attributes": {"name": "T TOPLINE 260 W Electric Hand Mixer, Hand Blender", "card_type": true, "product_label": "", "category_price_starting_from": "", "category_earn_text": "", "category_detail": "", "facets": [], "image_url": "https://m.media-amazon.com/images/I/41F-EWC+v+L._SL500_.jpg", "image_urls": {"image_url_1": "https://m.media-amazon.com/images/I/41F-EWC+v+L._SL500_.jpg", "image_url_2": "https://m.media-amazon.com/images/I/41lSSUYsKpL._SL500_.jpg", "image_url_3": "https://m.media-amazon.com/images/I/317kQ8HzaCL._SL500_.jpg", "image_url_4": ""}, "cashback_url": "https://tracking.cashkaro.com/visitproduct/22010/PPS4-itmf151228dc536a?id=", "is_compared": true, "brand": "T Topline", "product_button_text": "", "product_start_datetime": null, "product_end_datetime": null, "merchant_offer_id": "22010", "merchant_name": "Flipkart SHA MarMap", "cashback_type": "Rewards", "merchant_image_url": "https://asset20.ckassets.com/resources/image/stores/flipkart-tv-bbd-mapping-1697103111.png", "offer_type": "Cashback only", "coupons_count": 0, "secondary_cashback_count": 1, "compared_CKSID": "CKS-Juicer-Mixer-Grinder-000052", "compared_sellers_count": 2, "compared_product_name": "T TOPLINE 260 W Electric Hand Mixer & Hand Blender", "price": {"original_price": "1599.00", "discounted_price": "649.00", "cashback_amount": "18.17", "price_aftercashback": "630.83", "currency": "INR", "discount_percentage": 59}}, "relationships": {"products_compared": [{"type": "products", "id": "PPS4-itmf151228dc536a", "attributes": {"cashback_url": "https://tracking.cashkaro.com/visitproduct/22010/PPS4-itmf151228dc536a?id=", "product_label": "", "availability": "Yes", "card_type": true, "price": {"original_price": "1599.00", "discounted_price": "649.00", "cashback_amount": "18.17", "price_aftercashback": "630.83", "currency": "INR"}, "product_button_text": "", "product_start_datetime": null, "product_end_datetime": null, "merchant": {"offer_id": "22010", "name": "Flipkart SHA MarMap", "unique_identifier": "flipkart-sha-marmap", "cashback_type": "Rewards", "cashback_payment_type": "percent", "offer_type": "Cashback only", "image_url": "https://asset20.ckassets.com/resources/image/stores/flipkart-tv-bbd-mapping-1697103111.png", "coupons_count": 0, "secondary_cashback_count": 1, "final_terms_condition": "<li>Add products to your Cart/Wishlist only after clicking out from CashKaro</li><li>Missing Reward Tickets will be resolved within 10 days</li>", "report_storename": "Flipkart", "app_tracking_enabled_android": 1, "app_tracking_enabled_ios": 1, "is_custom_override_case": 1, "intermediate_page_text": ""}}}, {"type": "products", "id": "PPS1-B08RDWBYCQ", "attributes": {"cashback_url": "https://tracking.cashkaro.com/visitproduct/18886/PPS1-B08RDWBYCQ?id=", "product_label": "", "availability": "Yes", "card_type": true, "price": {"original_price": "1299.00", "discounted_price": "1299.00", "cashback_amount": "0.00", "price_aftercashback": "1299.00", "currency": "INR"}, "product_button_text": "", "product_start_datetime": null, "product_end_datetime": null, "merchant": {"offer_id": "18886", "name": "Amazon Home & Kitchen Exclusive", "unique_identifier": "amazon-home-kitchen-exclusive-1", "cashback_type": "Rewards", "cashback_payment_type": "percent", "offer_type": "Cashback + Coupons", "image_url": "https://asset20.ckassets.com/resources/image/stores/amazon-1602658695.png", "coupons_count": 0, "secondary_cashback_count": 0, "final_terms_condition": "<li>Add Products to your cart / wishlist only after clicking out from CashKaro</li><li>Rewards on Amazon App orders: Yes</li><li>No CashKaro Rewards on transactions through Amazon Business Account</li><li>Your Missing Rewards ticket will be resolved within 10 Days</li>", "report_storename": "Amazon", "app_tracking_enabled_android": 1, "app_tracking_enabled_ios": 1, "is_custom_override_case": 1, "intermediate_page_text": ""}}}]}}, {"type": "products", "id": "PPS1-B07ZFTRDN1", "attributes": {"name": "Maharaj Mall Blender and Grinder with Bowl - 300 Watt", "card_type": true, "product_label": "", "category_price_starting_from": "", "category_earn_text": "", "category_detail": "", "facets": [], "image_url": "https://m.media-amazon.com/images/I/31NmFxJBRQL._SL500_.jpg", "image_urls": {"image_url_1": "https://m.media-amazon.com/images/I/31NmFxJBRQL._SL500_.jpg", "image_url_2": "https://m.media-amazon.com/images/I/31W88fnvzZL._SL500_.jpg", "image_url_3": "https://m.media-amazon.com/images/I/21XSs4yZrSL._SL500_.jpg", "image_url_4": ""}, "cashback_url": "https://tracking.cashkaro.com/visitproduct/18886/PPS1-B07ZFTRDN1?id=", "is_compared": true, "brand": "Maharaja Whiteline", "product_button_text": "", "product_start_datetime": null, "product_end_datetime": null, "merchant_offer_id": "18886", "merchant_name": "Amazon Home & Kitchen Exclusive", "cashback_type": "Rewards", "merchant_image_url": "https://asset20.ckassets.com/resources/image/stores/amazon-1602658695.png", "offer_type": "Cashback + Coupons", "coupons_count": 0, "secondary_cashback_count": 0, "compared_CKSID": "CKS-Juicer-Mixer-Grinder-000053", "compared_sellers_count": 2, "compared_product_name": "Maharaj Mall Blender and Grinder with Bowl - 300 Watt", "price": {"original_price": "1999.00", "discounted_price": "1799.00", "cashback_amount": "0.00", "price_aftercashback": "1799.00", "currency": "INR", "discount_percentage": 10}}, "relationships": {"products_compared": [{"type": "products", "id": "PPS1-B07ZFTRDN1", "attributes": {"cashback_url": "https://tracking.cashkaro.com/visitproduct/18886/PPS1-B07ZFTRDN1?id=", "product_label": "", "availability": "Yes", "card_type": true, "price": {"original_price": "1999.00", "discounted_price": "1799.00", "cashback_amount": "0.00", "price_aftercashback": "1799.00", "currency": "INR"}, "product_button_text": "", "product_start_datetime": null, "product_end_datetime": null, "merchant": {"offer_id": "18886", "name": "Amazon Home & Kitchen Exclusive", "unique_identifier": "amazon-home-kitchen-exclusive-1", "cashback_type": "Rewards", "cashback_payment_type": "percent", "offer_type": "Cashback + Coupons", "image_url": "https://asset20.ckassets.com/resources/image/stores/amazon-1602658695.png", "coupons_count": 0, "secondary_cashback_count": 0, "final_terms_condition": "<li>Add Products to your cart / wishlist only after clicking out from CashKaro</li><li>Rewards on Amazon App orders: Yes</li><li>No CashKaro Rewards on transactions through Amazon Business Account</li><li>Your Missing Rewards ticket will be resolved within 10 Days</li>", "report_storename": "Amazon", "app_tracking_enabled_android": 1, "app_tracking_enabled_ios": 1, "is_custom_override_case": 1, "intermediate_page_text": ""}}}, {"type": "products", "id": "PPS4-itm62aca8940db79", "attributes": {"cashback_url": "https://tracking.cashkaro.com/visitproduct/22010/PPS4-itm62aca8940db79?id=", "product_label": "", "availability": "No", "card_type": true, "price": {"original_price": "1698.00", "discounted_price": "1297.00", "cashback_amount": "36.32", "price_aftercashback": "1260.68", "currency": "INR"}, "product_button_text": "", "product_start_datetime": null, "product_end_datetime": null, "merchant": {"offer_id": "22010", "name": "Flipkart SHA MarMap", "unique_identifier": "flipkart-sha-marmap", "cashback_type": "Rewards", "cashback_payment_type": "percent", "offer_type": "Cashback only", "image_url": "https://asset20.ckassets.com/resources/image/stores/flipkart-tv-bbd-mapping-1697103111.png", "coupons_count": 0, "secondary_cashback_count": 1, "final_terms_condition": "<li>Add products to your Cart/Wishlist only after clicking out from CashKaro</li><li>Missing Reward Tickets will be resolved within 10 days</li>", "report_storename": "Flipkart", "app_tracking_enabled_android": 1, "app_tracking_enabled_ios": 1, "is_custom_override_case": 1, "intermediate_page_text": ""}}}]}}, {"type": "products", "id": "PPS1-B00A7PLVU6", "attributes": {"name": "Orpat Hand Blender - HHB-100E WOB - 250 Watt", "card_type": true, "product_label": "", "category_price_starting_from": "", "category_earn_text": "", "category_detail": "", "facets": [], "image_url": "https://m.media-amazon.com/images/I/21OWOIM1wML._SL500_.jpg", "image_urls": {"image_url_1": "https://m.media-amazon.com/images/I/21OWOIM1wML._SL500_.jpg", "image_url_2": "https://m.media-amazon.com/images/I/41uwyxwm2TL._SL500_.jpg", "image_url_3": "", "image_url_4": ""}, "cashback_url": "https://tracking.cashkaro.com/visitproduct/18886/PPS1-B00A7PLVU6?id=", "is_compared": true, "brand": "Orpat", "product_button_text": "", "product_start_datetime": null, "product_end_datetime": null, "merchant_offer_id": "18886", "merchant_name": "Amazon Home & Kitchen Exclusive", "cashback_type": "Rewards", "merchant_image_url": "https://asset20.ckassets.com/resources/image/stores/amazon-1602658695.png", "offer_type": "Cashback + Coupons", "coupons_count": 0, "secondary_cashback_count": 0, "compared_CKSID": "CKS-HandBlenders-000018", "compared_sellers_count": 2, "compared_product_name": "Orpat Hand Blender - HHB-100E WOB - 250 Watt", "price": {"original_price": "899.00", "discounted_price": "792.00", "cashback_amount": "0.00", "price_aftercashback": "792.00", "currency": "INR", "discount_percentage": 12}}, "relationships": {"products_compared": [{"type": "products", "id": "PPS1-B00A7PLVU6", "attributes": {"cashback_url": "https://tracking.cashkaro.com/visitproduct/18886/PPS1-B00A7PLVU6?id=", "product_label": "", "availability": "Yes", "card_type": true, "price": {"original_price": "899.00", "discounted_price": "792.00", "cashback_amount": "0.00", "price_aftercashback": "792.00", "currency": "INR"}, "product_button_text": "", "product_start_datetime": null, "product_end_datetime": null, "merchant": {"offer_id": "18886", "name": "Amazon Home & Kitchen Exclusive", "unique_identifier": "amazon-home-kitchen-exclusive-1", "cashback_type": "Rewards", "cashback_payment_type": "percent", "offer_type": "Cashback + Coupons", "image_url": "https://asset20.ckassets.com/resources/image/stores/amazon-1602658695.png", "coupons_count": 0, "secondary_cashback_count": 0, "final_terms_condition": "<li>Add Products to your cart / wishlist only after clicking out from CashKaro</li><li>Rewards on Amazon App orders: Yes</li><li>No CashKaro Rewards on transactions through Amazon Business Account</li><li>Your Missing Rewards ticket will be resolved within 10 Days</li>", "report_storename": "Amazon", "app_tracking_enabled_android": 1, "app_tracking_enabled_ios": 1, "is_custom_override_case": 1, "intermediate_page_text": ""}}}, {"type": "products", "id": "PPS4-itmfgddjwzgjsppb", "attributes": {"cashback_url": "https://tracking.cashkaro.com/visitproduct/22010/PPS4-itmfgddjwzgjsppb?id=", "product_label": "", "availability": "Yes", "card_type": true, "price": {"original_price": "845.00", "discounted_price": "833.00", "cashback_amount": "23.32", "price_aftercashback": "809.68", "currency": "INR"}, "product_button_text": "", "product_start_datetime": null, "product_end_datetime": null, "merchant": {"offer_id": "22010", "name": "Flipkart SHA MarMap", "unique_identifier": "flipkart-sha-marmap", "cashback_type": "Rewards", "cashback_payment_type": "percent", "offer_type": "Cashback only", "image_url": "https://asset20.ckassets.com/resources/image/stores/flipkart-tv-bbd-mapping-1697103111.png", "coupons_count": 0, "secondary_cashback_count": 1, "final_terms_condition": "<li>Add products to your Cart/Wishlist only after clicking out from CashKaro</li><li>Missing Reward Tickets will be resolved within 10 days</li>", "report_storename": "Flipkart", "app_tracking_enabled_android": 1, "app_tracking_enabled_ios": 1, "is_custom_override_case": 1, "intermediate_page_text": ""}}}]}}, {"type": "products", "id": "PPS4-itm06dbf1cf12690", "attributes": {"name": "Wonderchef Nutri-Blend - Single Jar - 400 Watt", "card_type": true, "product_label": "", "category_price_starting_from": "", "category_earn_text": "", "category_detail": "", "facets": {"Colour": ["Black"], "Quantity": ["2 Jar"]}, "image_url": "https://m.media-amazon.com/images/I/419X8czjqvL._SL500_.jpg", "image_urls": {"image_url_1": "https://m.media-amazon.com/images/I/419X8czjqvL._SL500_.jpg", "image_url_2": "https://m.media-amazon.com/images/I/51ktx-27nHL._SL500_.jpg", "image_url_3": "https://m.media-amazon.com/images/I/513PvL2AJHL._SL500_.jpg", "image_url_4": ""}, "cashback_url": "https://tracking.cashkaro.com/visitproduct/22010/PPS4-itm06dbf1cf12690?id=", "is_compared": true, "brand": "Wonderchef", "product_button_text": "", "product_start_datetime": null, "product_end_datetime": null, "merchant_offer_id": "22010", "merchant_name": "Flipkart SHA MarMap", "cashback_type": "Rewards", "merchant_image_url": "https://asset20.ckassets.com/resources/image/stores/flipkart-tv-bbd-mapping-1697103111.png", "offer_type": "Cashback only", "coupons_count": 0, "secondary_cashback_count": 1, "compared_CKSID": "CKS-Kitchen-Appliances-000078", "compared_sellers_count": 2, "compared_product_name": "Wonderchef Nutri-Blend - Single Jar - 400 Watt", "price": {"original_price": "5000.00", "discounted_price": "2499.00", "cashback_amount": "69.97", "price_aftercashback": "2429.03", "currency": "INR", "discount_percentage": 50}, "key_features": {"Seller": "Flipkart", "Brand": "Wonderchef"}}, "relationships": {"products_compared": [{"type": "products", "id": "PPS4-itm06dbf1cf12690", "attributes": {"cashback_url": "https://tracking.cashkaro.com/visitproduct/22010/PPS4-itm06dbf1cf12690?id=", "product_label": "", "availability": "Yes", "card_type": true, "price": {"original_price": "5000.00", "discounted_price": "2358.00", "cashback_amount": "66.02", "price_aftercashback": "2291.98", "currency": "INR"}, "product_button_text": "", "product_start_datetime": null, "product_end_datetime": null, "merchant": {"offer_id": "22010", "name": "Flipkart SHA MarMap", "unique_identifier": "flipkart-sha-marmap", "cashback_type": "Rewards", "cashback_payment_type": "percent", "offer_type": "Cashback only", "image_url": "https://asset20.ckassets.com/resources/image/stores/flipkart-tv-bbd-mapping-1697103111.png", "coupons_count": 0, "secondary_cashback_count": 1, "final_terms_condition": "<li>Add products to your Cart/Wishlist only after clicking out from CashKaro</li><li>Missing Reward Tickets will be resolved within 10 days</li>", "report_storename": "Flipkart", "app_tracking_enabled_android": 1, "app_tracking_enabled_ios": 1, "is_custom_override_case": 1, "intermediate_page_text": ""}}}, {"type": "products", "id": "PPS1-B00W56GLOQ", "attributes": {"cashback_url": "https://tracking.cashkaro.com/visitproduct/18886/PPS1-B00W56GLOQ?id=", "product_label": "", "availability": "Yes", "card_type": true, "price": {"original_price": "5300.00", "discounted_price": "2499.00", "cashback_amount": "0.00", "price_aftercashback": "2499.00", "currency": "INR"}, "product_button_text": "", "product_start_datetime": null, "product_end_datetime": null, "merchant": {"offer_id": "18886", "name": "Amazon Home & Kitchen Exclusive", "unique_identifier": "amazon-home-kitchen-exclusive-1", "cashback_type": "Rewards", "cashback_payment_type": "percent", "offer_type": "Cashback + Coupons", "image_url": "https://asset20.ckassets.com/resources/image/stores/amazon-1602658695.png", "coupons_count": 0, "secondary_cashback_count": 0, "final_terms_condition": "<li>Add Products to your cart / wishlist only after clicking out from CashKaro</li><li>Rewards on Amazon App orders: Yes</li><li>No CashKaro Rewards on transactions through Amazon Business Account</li><li>Your Missing Rewards ticket will be resolved within 10 Days</li>", "report_storename": "Amazon", "app_tracking_enabled_android": 1, "app_tracking_enabled_ios": 1, "is_custom_override_case": 1, "intermediate_page_text": ""}}}]}}, {"type": "products", "id": "PPS1-B00YQLG7GK", "attributes": {"name": "Philips Daily Collection Hand Blender - HL1655/00 - 250 Watt", "card_type": true, "product_label": "", "category_price_starting_from": "", "category_earn_text": "", "category_detail": "", "facets": [], "image_url": "https://m.media-amazon.com/images/I/31MVkjIpLiL._SL500_.jpg", "image_urls": {"image_url_1": "https://m.media-amazon.com/images/I/31MVkjIpLiL._SL500_.jpg", "image_url_2": "https://m.media-amazon.com/images/I/41T65OBO2RL._SL500_.jpg", "image_url_3": "https://m.media-amazon.com/images/I/41f1PhrQ7tL._SL500_.jpg", "image_url_4": ""}, "cashback_url": "https://tracking.cashkaro.com/visitproduct/18886/PPS1-B00YQLG7GK?id=", "is_compared": true, "brand": "Philips", "product_button_text": "", "product_start_datetime": null, "product_end_datetime": null, "merchant_offer_id": "18886", "merchant_name": "Amazon Home & Kitchen Exclusive", "cashback_type": "Rewards", "merchant_image_url": "https://asset20.ckassets.com/resources/image/stores/amazon-1602658695.png", "offer_type": "Cashback + Coupons", "coupons_count": 0, "secondary_cashback_count": 0, "compared_CKSID": "CKS-HandBlenders-000019", "compared_sellers_count": 1, "compared_product_name": "Philips Daily Collection HL1655 00 250 Watts Hand Blender", "price": {"original_price": "2095.00", "discounted_price": "1799.00", "cashback_amount": "0.00", "price_aftercashback": "1799.00", "currency": "INR", "discount_percentage": 14}}, "relationships": {"products_compared": [{"type": "products", "id": "PPS1-B00YQLG7GK", "attributes": {"cashback_url": "https://tracking.cashkaro.com/visitproduct/18886/PPS1-B00YQLG7GK?id=", "product_label": "", "availability": "Yes", "card_type": true, "price": {"original_price": "2095.00", "discounted_price": "1799.00", "cashback_amount": "0.00", "price_aftercashback": "1799.00", "currency": "INR"}, "product_button_text": "", "product_start_datetime": null, "product_end_datetime": null, "merchant": {"offer_id": "18886", "name": "Amazon Home & Kitchen Exclusive", "unique_identifier": "amazon-home-kitchen-exclusive-1", "cashback_type": "Rewards", "cashback_payment_type": "percent", "offer_type": "Cashback + Coupons", "image_url": "https://asset20.ckassets.com/resources/image/stores/amazon-1602658695.png", "coupons_count": 0, "secondary_cashback_count": 0, "final_terms_condition": "<li>Add Products to your cart / wishlist only after clicking out from CashKaro</li><li>Rewards on Amazon App orders: Yes</li><li>No CashKaro Rewards on transactions through Amazon Business Account</li><li>Your Missing Rewards ticket will be resolved within 10 Days</li>", "report_storename": "Amazon", "app_tracking_enabled_android": 1, "app_tracking_enabled_ios": 1, "is_custom_override_case": 1, "intermediate_page_text": ""}}}]}}, {"type": "products", "id": "PPS4-itmf6kgpqqtzg5gs", "attributes": {"name": "Orpat Hand Blender - HHB-100E - 250 Watt", "card_type": true, "product_label": "", "category_price_starting_from": "", "category_earn_text": "", "category_detail": "", "facets": [], "image_url": "https://m.media-amazon.com/images/I/31l0oxTSJuL._SL500_.jpg", "image_urls": {"image_url_1": "https://m.media-amazon.com/images/I/31l0oxTSJuL._SL500_.jpg", "image_url_2": "https://m.media-amazon.com/images/I/31l0oxTSJuL._SL500_.jpg", "image_url_3": "https://m.media-amazon.com/images/I/31l0oxTSJuL._SL500_.jpg", "image_url_4": ""}, "cashback_url": "https://tracking.cashkaro.com/visitproduct/22010/PPS4-itmf6kgpqqtzg5gs?id=", "is_compared": true, "brand": "Orpat", "product_button_text": "", "product_start_datetime": null, "product_end_datetime": null, "merchant_offer_id": "22010", "merchant_name": "Flipkart SHA MarMap", "cashback_type": "Rewards", "merchant_image_url": "https://asset20.ckassets.com/resources/image/stores/flipkart-tv-bbd-mapping-1697103111.png", "offer_type": "Cashback only", "coupons_count": 0, "secondary_cashback_count": 1, "compared_CKSID": "CKS-HandBlenders-000017", "compared_sellers_count": 2, "compared_product_name": "Orpat Hand Blender - HHB-100E  - 250 Watt", "price": {"original_price": "999.00", "discounted_price": "789.00", "cashback_amount": "22.09", "price_aftercashback": "766.91", "currency": "INR", "discount_percentage": 21}}, "relationships": {"products_compared": [{"type": "products", "id": "PPS4-itmf6kgpqqtzg5gs", "attributes": {"cashback_url": "https://tracking.cashkaro.com/visitproduct/22010/PPS4-itmf6kgpqqtzg5gs?id=", "product_label": "", "availability": "Yes", "card_type": true, "price": {"original_price": "999.00", "discounted_price": "789.00", "cashback_amount": "22.09", "price_aftercashback": "766.91", "currency": "INR"}, "product_button_text": "", "product_start_datetime": null, "product_end_datetime": null, "merchant": {"offer_id": "22010", "name": "Flipkart SHA MarMap", "unique_identifier": "flipkart-sha-marmap", "cashback_type": "Rewards", "cashback_payment_type": "percent", "offer_type": "Cashback only", "image_url": "https://asset20.ckassets.com/resources/image/stores/flipkart-tv-bbd-mapping-1697103111.png", "coupons_count": 0, "secondary_cashback_count": 1, "final_terms_condition": "<li>Add products to your Cart/Wishlist only after clicking out from CashKaro</li><li>Missing Reward Tickets will be resolved within 10 days</li>", "report_storename": "Flipkart", "app_tracking_enabled_android": 1, "app_tracking_enabled_ios": 1, "is_custom_override_case": 1, "intermediate_page_text": ""}}}, {"type": "products", "id": "PPS1-B0085W2MUQ", "attributes": {"cashback_url": "https://tracking.cashkaro.com/visitproduct/18886/PPS1-B0085W2MUQ?id=", "product_label": "", "availability": "Yes", "card_type": true, "price": {"original_price": "1050.00", "discounted_price": "840.00", "cashback_amount": "0.00", "price_aftercashback": "840.00", "currency": "INR"}, "product_button_text": "", "product_start_datetime": null, "product_end_datetime": null, "merchant": {"offer_id": "18886", "name": "Amazon Home & Kitchen Exclusive", "unique_identifier": "amazon-home-kitchen-exclusive-1", "cashback_type": "Rewards", "cashback_payment_type": "percent", "offer_type": "Cashback + Coupons", "image_url": "https://asset20.ckassets.com/resources/image/stores/amazon-1602658695.png", "coupons_count": 0, "secondary_cashback_count": 0, "final_terms_condition": "<li>Add Products to your cart / wishlist only after clicking out from CashKaro</li><li>Rewards on Amazon App orders: Yes</li><li>No CashKaro Rewards on transactions through Amazon Business Account</li><li>Your Missing Rewards ticket will be resolved within 10 Days</li>", "report_storename": "Amazon", "app_tracking_enabled_android": 1, "app_tracking_enabled_ios": 1, "is_custom_override_case": 1, "intermediate_page_text": ""}}}]}}, {"type": "products", "id": "PPS4-itm7ba16e71074e7", "attributes": {"name": "KENT Hand Blender - SS-16044 - 400 Watt", "card_type": true, "product_label": "", "category_price_starting_from": "", "category_earn_text": "", "category_detail": "", "facets": [], "image_url": "https://m.media-amazon.com/images/I/21-SFWqfgyS._SL500_.jpg", "image_urls": {"image_url_1": "https://m.media-amazon.com/images/I/21-SFWqfgyS._SL500_.jpg", "image_url_2": "https://m.media-amazon.com/images/I/51QFscrDdQS._SL500_.jpg", "image_url_3": "https://m.media-amazon.com/images/I/41qkpwwVH7S._SL500_.jpg", "image_url_4": ""}, "cashback_url": "https://tracking.cashkaro.com/visitproduct/22010/PPS4-itm7ba16e71074e7?id=", "is_compared": true, "brand": "Kent", "product_button_text": "", "product_start_datetime": null, "product_end_datetime": null, "merchant_offer_id": "22010", "merchant_name": "Flipkart SHA MarMap", "cashback_type": "Rewards", "merchant_image_url": "https://asset20.ckassets.com/resources/image/stores/flipkart-tv-bbd-mapping-1697103111.png", "offer_type": "Cashback only", "coupons_count": 0, "secondary_cashback_count": 1, "compared_CKSID": "CKS-HandBlenders-000011", "compared_sellers_count": 2, "compared_product_name": "Kent Hand Blender - SS-16044 - 400 Watt", "price": {"original_price": "2100.00", "discounted_price": "1399.00", "cashback_amount": "39.17", "price_aftercashback": "1359.83", "currency": "INR", "discount_percentage": 33}}, "relationships": {"products_compared": [{"type": "products", "id": "PPS4-itm7ba16e71074e7", "attributes": {"cashback_url": "https://tracking.cashkaro.com/visitproduct/22010/PPS4-itm7ba16e71074e7?id=", "product_label": "", "availability": "Yes", "card_type": true, "price": {"original_price": "2100.00", "discounted_price": "1399.00", "cashback_amount": "39.17", "price_aftercashback": "1359.83", "currency": "INR"}, "product_button_text": "", "product_start_datetime": null, "product_end_datetime": null, "merchant": {"offer_id": "22010", "name": "Flipkart SHA MarMap", "unique_identifier": "flipkart-sha-marmap", "cashback_type": "Rewards", "cashback_payment_type": "percent", "offer_type": "Cashback only", "image_url": "https://asset20.ckassets.com/resources/image/stores/flipkart-tv-bbd-mapping-1697103111.png", "coupons_count": 0, "secondary_cashback_count": 1, "final_terms_condition": "<li>Add products to your Cart/Wishlist only after clicking out from CashKaro</li><li>Missing Reward Tickets will be resolved within 10 days</li>", "report_storename": "Flipkart", "app_tracking_enabled_android": 1, "app_tracking_enabled_ios": 1, "is_custom_override_case": 1, "intermediate_page_text": ""}}}, {"type": "products", "id": "PPS1-B07QHHCB27", "attributes": {"cashback_url": "https://tracking.cashkaro.com/visitproduct/18886/PPS1-B07QHHCB27?id=", "product_label": "", "availability": "Yes", "card_type": true, "price": {"original_price": "2100.00", "discounted_price": "1399.00", "cashback_amount": "0.00", "price_aftercashback": "1399.00", "currency": "INR"}, "product_button_text": "", "product_start_datetime": null, "product_end_datetime": null, "merchant": {"offer_id": "18886", "name": "Amazon Home & Kitchen Exclusive", "unique_identifier": "amazon-home-kitchen-exclusive-1", "cashback_type": "Rewards", "cashback_payment_type": "percent", "offer_type": "Cashback + Coupons", "image_url": "https://asset20.ckassets.com/resources/image/stores/amazon-1602658695.png", "coupons_count": 0, "secondary_cashback_count": 0, "final_terms_condition": "<li>Add Products to your cart / wishlist only after clicking out from CashKaro</li><li>Rewards on Amazon App orders: Yes</li><li>No CashKaro Rewards on transactions through Amazon Business Account</li><li>Your Missing Rewards ticket will be resolved within 10 Days</li>", "report_storename": "Amazon", "app_tracking_enabled_android": 1, "app_tracking_enabled_ios": 1, "is_custom_override_case": 1, "intermediate_page_text": ""}}}]}}, {"type": "products", "id": "PPS120-246782", "attributes": {"name": "KENT 16051 300 W Hand Blender, White", "card_type": true, "product_label": "", "category_price_starting_from": "", "category_earn_text": "", "category_detail": "", "facets": {"Colour": ["White"]}, "image_url": "https://rukminim1.flixcart.com/image/416/416/k7qinbk0/hand-blender/u/r/7/kent-blndr012-original-imafpx2y2hvmnynf.jpeg?q=70", "image_urls": {"image_url_1": "https://rukminim1.flixcart.com/image/416/416/k7qinbk0/hand-blender/u/r/7/kent-blndr012-original-imafpx2y2hvmnynf.jpeg?q=70", "image_url_2": "https://rukminim1.flixcart.com/image/416/416/klmmrgw0/hand-blender/l/o/7/blndr012-kent-original-imagypeuredrqwsy.jpeg?q=70", "image_url_3": "https://rukminim1.flixcart.com/image/416/416/klmmrgw0/hand-blender/r/d/l/blndr012-kent-original-imagypeuc2zvpm5r.jpeg?q=70", "image_url_4": ""}, "cashback_url": "https://tracking.cashkaro.com/visitproduct/18746/PPS120-246782?id=", "is_compared": true, "brand": "KENT", "product_button_text": "", "product_start_datetime": null, "product_end_datetime": null, "merchant_offer_id": "18746", "merchant_name": "Croma", "cashback_type": "Cashback", "merchant_image_url": "https://asset20.ckassets.com/resources/image/stores/croma-1690450168.png", "offer_type": "Cashback + Coupons", "coupons_count": 0, "secondary_cashback_count": 15, "compared_CKSID": "CKS-HandBlenders-000025", "compared_sellers_count": 3, "compared_product_name": "KENT 16051 300 W Hand Blender, White", "price": {"original_price": "2400.00", "discounted_price": "1099.00", "cashback_amount": "32.97", "price_aftercashback": "1066.03", "currency": "INR", "discount_percentage": 54}, "key_features": {"Seller": "Croma", "Brand": "KENT"}}, "relationships": {"products_compared": [{"type": "products", "id": "PPS120-246782", "attributes": {"cashback_url": "https://tracking.cashkaro.com/visitproduct/18746/PPS120-246782?id=", "product_label": "", "availability": "Yes", "card_type": true, "price": {"original_price": "2400.00", "discounted_price": "1099.00", "cashback_amount": "32.97", "price_aftercashback": "1066.03", "currency": "INR"}, "product_button_text": "", "product_start_datetime": null, "product_end_datetime": null, "merchant": {"offer_id": "18746", "name": "Croma", "unique_identifier": "croma", "cashback_type": "Cashback", "cashback_payment_type": "percent", "offer_type": "Cashback + Coupons", "image_url": "https://asset20.ckassets.com/resources/image/stores/croma-1690450168.png", "coupons_count": 0, "secondary_cashback_count": 15, "final_terms_condition": "<li>No Cashback on Smartphones on using Coupon Code</li><li>Cashback on Croma App Orders: Not Applicable</li>", "report_storename": "Croma", "app_tracking_enabled_android": 0, "app_tracking_enabled_ios": 0, "is_custom_override_case": 0, "intermediate_page_text": ""}}}, {"type": "products", "id": "PPS4-itm4812b02e7d1fd", "attributes": {"cashback_url": "https://tracking.cashkaro.com/visitproduct/22010/PPS4-itm4812b02e7d1fd?id=", "product_label": "", "availability": "Yes", "card_type": true, "price": {"original_price": "2400.00", "discounted_price": "1099.00", "cashback_amount": "30.77", "price_aftercashback": "1068.23", "currency": "INR"}, "product_button_text": "", "product_start_datetime": null, "product_end_datetime": null, "merchant": {"offer_id": "22010", "name": "Flipkart SHA MarMap", "unique_identifier": "flipkart-sha-marmap", "cashback_type": "Rewards", "cashback_payment_type": "percent", "offer_type": "Cashback only", "image_url": "https://asset20.ckassets.com/resources/image/stores/flipkart-tv-bbd-mapping-1697103111.png", "coupons_count": 0, "secondary_cashback_count": 1, "final_terms_condition": "<li>Add products to your Cart/Wishlist only after clicking out from CashKaro</li><li>Missing Reward Tickets will be resolved within 10 days</li>", "report_storename": "Flipkart", "app_tracking_enabled_android": 1, "app_tracking_enabled_ios": 1, "is_custom_override_case": 1, "intermediate_page_text": ""}}}, {"type": "products", "id": "PPS1-B07Y5FDPKV", "attributes": {"cashback_url": "https://tracking.cashkaro.com/visitproduct/18886/PPS1-B07Y5FDPKV?id=", "product_label": "", "availability": "Yes", "card_type": true, "price": {"original_price": "2400.00", "discounted_price": "1099.00", "cashback_amount": "0.00", "price_aftercashback": "1099.00", "currency": "INR"}, "product_button_text": "", "product_start_datetime": null, "product_end_datetime": null, "merchant": {"offer_id": "18886", "name": "Amazon Home & Kitchen Exclusive", "unique_identifier": "amazon-home-kitchen-exclusive-1", "cashback_type": "Rewards", "cashback_payment_type": "percent", "offer_type": "Cashback + Coupons", "image_url": "https://asset20.ckassets.com/resources/image/stores/amazon-1602658695.png", "coupons_count": 0, "secondary_cashback_count": 0, "final_terms_condition": "<li>Add Products to your cart / wishlist only after clicking out from CashKaro</li><li>Rewards on Amazon App orders: Yes</li><li>No CashKaro Rewards on transactions through Amazon Business Account</li><li>Your Missing Rewards ticket will be resolved within 10 Days</li>", "report_storename": "Amazon", "app_tracking_enabled_android": 1, "app_tracking_enabled_ios": 1, "is_custom_override_case": 1, "intermediate_page_text": ""}}}]}}, {"type": "products", "id": "PPS120-270773", "attributes": {"name": "AGARO Grand 1000 Watts Hand Blender With Chopper, Jar & Whisker, Black", "card_type": true, "product_label": "", "category_price_starting_from": "", "category_earn_text": "", "category_detail": "", "facets": {"Colour": ["Black"]}, "image_url": "https://m.media-amazon.com/images/I/71a3LXfkYbL._SX466_.jpg", "image_urls": {"image_url_1": "https://m.media-amazon.com/images/I/71a3LXfkYbL._SX466_.jpg", "image_url_2": "https://m.media-amazon.com/images/I/81m6oDOaVYL._SX466_.jpg", "image_url_3": "https://m.media-amazon.com/images/I/81fPA14lH-L._SX466_.jpg", "image_url_4": ""}, "cashback_url": "https://tracking.cashkaro.com/visitproduct/18746/PPS120-270773?id=", "is_compared": true, "brand": "AGARO", "product_button_text": "", "product_start_datetime": null, "product_end_datetime": null, "merchant_offer_id": "18746", "merchant_name": "Croma", "cashback_type": "Cashback", "merchant_image_url": "https://asset20.ckassets.com/resources/image/stores/croma-1690450168.png", "offer_type": "Cashback + Coupons", "coupons_count": 0, "secondary_cashback_count": 15, "compared_CKSID": "CKS-HandBlenders-000024", "compared_sellers_count": 3, "compared_product_name": "AGARO Grand 1000 Watts Hand Blender With Chopper, Jar & Whisker", "price": {"original_price": "4499.00", "discounted_price": "2672.00", "cashback_amount": "80.16", "price_aftercashback": "2591.84", "currency": "INR", "discount_percentage": 41}, "key_features": {"Seller": "Croma", "Brand": "AGARO"}}, "relationships": {"products_compared": [{"type": "products", "id": "PPS120-270773", "attributes": {"cashback_url": "https://tracking.cashkaro.com/visitproduct/18746/PPS120-270773?id=", "product_label": "", "availability": "Yes", "card_type": true, "price": {"original_price": "4499.00", "discounted_price": "2672.00", "cashback_amount": "80.16", "price_aftercashback": "2591.84", "currency": "INR"}, "product_button_text": "", "product_start_datetime": null, "product_end_datetime": null, "merchant": {"offer_id": "18746", "name": "Croma", "unique_identifier": "croma", "cashback_type": "Cashback", "cashback_payment_type": "percent", "offer_type": "Cashback + Coupons", "image_url": "https://asset20.ckassets.com/resources/image/stores/croma-1690450168.png", "coupons_count": 0, "secondary_cashback_count": 15, "final_terms_condition": "<li>No Cashback on Smartphones on using Coupon Code</li><li>Cashback on Croma App Orders: Not Applicable</li>", "report_storename": "Croma", "app_tracking_enabled_android": 0, "app_tracking_enabled_ios": 0, "is_custom_override_case": 0, "intermediate_page_text": ""}}}, {"type": "products", "id": "PPS4-itmc75ba10e87da6", "attributes": {"cashback_url": "https://tracking.cashkaro.com/visitproduct/22010/PPS4-itmc75ba10e87da6?id=", "product_label": "", "availability": "Yes", "card_type": true, "price": {"original_price": "4499.00", "discounted_price": "2671.00", "cashback_amount": "74.79", "price_aftercashback": "2596.21", "currency": "INR"}, "product_button_text": "", "product_start_datetime": null, "product_end_datetime": null, "merchant": {"offer_id": "22010", "name": "Flipkart SHA MarMap", "unique_identifier": "flipkart-sha-marmap", "cashback_type": "Rewards", "cashback_payment_type": "percent", "offer_type": "Cashback only", "image_url": "https://asset20.ckassets.com/resources/image/stores/flipkart-tv-bbd-mapping-1697103111.png", "coupons_count": 0, "secondary_cashback_count": 1, "final_terms_condition": "<li>Add products to your Cart/Wishlist only after clicking out from CashKaro</li><li>Missing Reward Tickets will be resolved within 10 days</li>", "report_storename": "Flipkart", "app_tracking_enabled_android": 1, "app_tracking_enabled_ios": 1, "is_custom_override_case": 1, "intermediate_page_text": ""}}}, {"type": "products", "id": "PPS1-B09MHT9JHD", "attributes": {"cashback_url": "https://tracking.cashkaro.com/visitproduct/18886/PPS1-B09MHT9JHD?id=", "product_label": "", "availability": "Yes", "card_type": true, "price": {"original_price": "4499.00", "discounted_price": "2672.00", "cashback_amount": "0.00", "price_aftercashback": "2672.00", "currency": "INR"}, "product_button_text": "", "product_start_datetime": null, "product_end_datetime": null, "merchant": {"offer_id": "18886", "name": "Amazon Home & Kitchen Exclusive", "unique_identifier": "amazon-home-kitchen-exclusive-1", "cashback_type": "Rewards", "cashback_payment_type": "percent", "offer_type": "Cashback + Coupons", "image_url": "https://asset20.ckassets.com/resources/image/stores/amazon-1602658695.png", "coupons_count": 0, "secondary_cashback_count": 0, "final_terms_condition": "<li>Add Products to your cart / wishlist only after clicking out from CashKaro</li><li>Rewards on Amazon App orders: Yes</li><li>No CashKaro Rewards on transactions through Amazon Business Account</li><li>Your Missing Rewards ticket will be resolved within 10 Days</li>", "report_storename": "Amazon", "app_tracking_enabled_android": 1, "app_tracking_enabled_ios": 1, "is_custom_override_case": 1, "intermediate_page_text": ""}}}]}}, {"type": "products", "id": "PPS1-B0747VDH9L", "attributes": {"name": "Inalsa Robot Hand Blender with 600 ml Multipurpose Jar - Inox 1000 - 1000 Watt", "card_type": true, "product_label": "", "category_price_starting_from": "", "category_earn_text": "", "category_detail": "", "facets": [], "image_url": "https://m.media-amazon.com/images/I/41QEK7WRJbL._SL500_.jpg", "image_urls": {"image_url_1": "https://m.media-amazon.com/images/I/41QEK7WRJbL._SL500_.jpg", "image_url_2": "https://m.media-amazon.com/images/I/41jS1NrhHHL._SL500_.jpg", "image_url_3": "https://m.media-amazon.com/images/I/51ui4K2IShL._SL500_.jpg", "image_url_4": ""}, "cashback_url": "https://tracking.cashkaro.com/visitproduct/18886/PPS1-B0747VDH9L?id=", "is_compared": true, "brand": "Inalsa", "product_button_text": "", "product_start_datetime": null, "product_end_datetime": null, "merchant_offer_id": "18886", "merchant_name": "Amazon Home & Kitchen Exclusive", "cashback_type": "Rewards", "merchant_image_url": "https://asset20.ckassets.com/resources/image/stores/amazon-1602658695.png", "offer_type": "Cashback + Coupons", "coupons_count": 0, "secondary_cashback_count": 0, "compared_CKSID": "CKS-HandBlenders-000009", "compared_sellers_count": 2, "compared_product_name": "INALSA Robot Hand Blender with 600ml Multipurpose Jar - INOX 1000 - 1000 Watt", "price": {"original_price": "4395.00", "discounted_price": "2749.00", "cashback_amount": "0.00", "price_aftercashback": "2749.00", "currency": "INR", "discount_percentage": 37}}, "relationships": {"products_compared": [{"type": "products", "id": "PPS1-B0747VDH9L", "attributes": {"cashback_url": "https://tracking.cashkaro.com/visitproduct/18886/PPS1-B0747VDH9L?id=", "product_label": "", "availability": "Yes", "card_type": true, "price": {"original_price": "4395.00", "discounted_price": "2749.00", "cashback_amount": "0.00", "price_aftercashback": "2749.00", "currency": "INR"}, "product_button_text": "", "product_start_datetime": null, "product_end_datetime": null, "merchant": {"offer_id": "18886", "name": "Amazon Home & Kitchen Exclusive", "unique_identifier": "amazon-home-kitchen-exclusive-1", "cashback_type": "Rewards", "cashback_payment_type": "percent", "offer_type": "Cashback + Coupons", "image_url": "https://asset20.ckassets.com/resources/image/stores/amazon-1602658695.png", "coupons_count": 0, "secondary_cashback_count": 0, "final_terms_condition": "<li>Add Products to your cart / wishlist only after clicking out from CashKaro</li><li>Rewards on Amazon App orders: Yes</li><li>No CashKaro Rewards on transactions through Amazon Business Account</li><li>Your Missing Rewards ticket will be resolved within 10 Days</li>", "report_storename": "Amazon", "app_tracking_enabled_android": 1, "app_tracking_enabled_ios": 1, "is_custom_override_case": 1, "intermediate_page_text": ""}}}, {"type": "products", "id": "PPS4-itm17f99bb5f5667", "attributes": {"cashback_url": "https://tracking.cashkaro.com/visitproduct/22010/PPS4-itm17f99bb5f5667?id=", "product_label": "", "availability": "No", "card_type": true, "price": {"original_price": "4595.00", "discounted_price": "3153.00", "cashback_amount": "88.28", "price_aftercashback": "3064.72", "currency": "INR"}, "product_button_text": "", "product_start_datetime": null, "product_end_datetime": null, "merchant": {"offer_id": "22010", "name": "Flipkart SHA MarMap", "unique_identifier": "flipkart-sha-marmap", "cashback_type": "Rewards", "cashback_payment_type": "percent", "offer_type": "Cashback only", "image_url": "https://asset20.ckassets.com/resources/image/stores/flipkart-tv-bbd-mapping-1697103111.png", "coupons_count": 0, "secondary_cashback_count": 1, "final_terms_condition": "<li>Add products to your Cart/Wishlist only after clicking out from CashKaro</li><li>Missing Reward Tickets will be resolved within 10 days</li>", "report_storename": "Flipkart", "app_tracking_enabled_android": 1, "app_tracking_enabled_ios": 1, "is_custom_override_case": 1, "intermediate_page_text": ""}}}]}}, {"type": "products", "id": "PPS4-itmb5817d74f1126", "attributes": {"name": "Kuber Industries Mixing and Frothing Hand Blender - CTKTC31308 - 20cm", "card_type": true, "product_label": "", "category_price_starting_from": "", "category_earn_text": "", "category_detail": "", "facets": [], "image_url": "https://m.media-amazon.com/images/I/41omosireUL._SL500_.jpg", "image_urls": {"image_url_1": "https://m.media-amazon.com/images/I/41omosireUL._SL500_.jpg", "image_url_2": "https://m.media-amazon.com/images/I/31JQ9gUjZ9L._SL500_.jpg", "image_url_3": "https://m.media-amazon.com/images/I/51jwUxcieOL._SL500_.jpg", "image_url_4": ""}, "cashback_url": "https://tracking.cashkaro.com/visitproduct/22010/PPS4-itmb5817d74f1126?id=", "is_compared": true, "brand": "Kuber Industries", "product_button_text": "", "product_start_datetime": null, "product_end_datetime": null, "merchant_offer_id": "22010", "merchant_name": "Flipkart SHA MarMap", "cashback_type": "Rewards", "merchant_image_url": "https://asset20.ckassets.com/resources/image/stores/flipkart-tv-bbd-mapping-1697103111.png", "offer_type": "Cashback only", "coupons_count": 0, "secondary_cashback_count": 1, "compared_CKSID": "CKS-HandBlenders-000013", "compared_sellers_count": 2, "compared_product_name": "Kuber Industries Mixing and Frothing Hand Blender - CTKTC31308 - 20cm", "price": {"original_price": "299.00", "discounted_price": "199.00", "cashback_amount": "5.57", "price_aftercashback": "193.43", "currency": "INR", "discount_percentage": 33}}, "relationships": {"products_compared": [{"type": "products", "id": "PPS4-itmb5817d74f1126", "attributes": {"cashback_url": "https://tracking.cashkaro.com/visitproduct/22010/PPS4-itmb5817d74f1126?id=", "product_label": "", "availability": "Yes", "card_type": true, "price": {"original_price": "299.00", "discounted_price": "199.00", "cashback_amount": "5.57", "price_aftercashback": "193.43", "currency": "INR"}, "product_button_text": "", "product_start_datetime": null, "product_end_datetime": null, "merchant": {"offer_id": "22010", "name": "Flipkart SHA MarMap", "unique_identifier": "flipkart-sha-marmap", "cashback_type": "Rewards", "cashback_payment_type": "percent", "offer_type": "Cashback only", "image_url": "https://asset20.ckassets.com/resources/image/stores/flipkart-tv-bbd-mapping-1697103111.png", "coupons_count": 0, "secondary_cashback_count": 1, "final_terms_condition": "<li>Add products to your Cart/Wishlist only after clicking out from CashKaro</li><li>Missing Reward Tickets will be resolved within 10 days</li>", "report_storename": "Flipkart", "app_tracking_enabled_android": 1, "app_tracking_enabled_ios": 1, "is_custom_override_case": 1, "intermediate_page_text": ""}}}, {"type": "products", "id": "PPS1-B081K1LBSY", "attributes": {"cashback_url": "https://tracking.cashkaro.com/visitproduct/18886/PPS1-B081K1LBSY?id=", "product_label": "", "availability": "Yes", "card_type": true, "price": {"original_price": "499.00", "discounted_price": "259.00", "cashback_amount": "0.00", "price_aftercashback": "259.00", "currency": "INR"}, "product_button_text": "", "product_start_datetime": null, "product_end_datetime": null, "merchant": {"offer_id": "18886", "name": "Amazon Home & Kitchen Exclusive", "unique_identifier": "amazon-home-kitchen-exclusive-1", "cashback_type": "Rewards", "cashback_payment_type": "percent", "offer_type": "Cashback + Coupons", "image_url": "https://asset20.ckassets.com/resources/image/stores/amazon-1602658695.png", "coupons_count": 0, "secondary_cashback_count": 0, "final_terms_condition": "<li>Add Products to your cart / wishlist only after clicking out from CashKaro</li><li>Rewards on Amazon App orders: Yes</li><li>No CashKaro Rewards on transactions through Amazon Business Account</li><li>Your Missing Rewards ticket will be resolved within 10 Days</li>", "report_storename": "Amazon", "app_tracking_enabled_android": 1, "app_tracking_enabled_ios": 1, "is_custom_override_case": 1, "intermediate_page_text": ""}}}]}}, {"type": "products", "id": "PPS1-B081K2SXMF", "attributes": {"name": "Kuber Industries Mixing and Frothing Hand Blender - CTKTC31320 - 30cm", "card_type": true, "product_label": "", "category_price_starting_from": "", "category_earn_text": "", "category_detail": "", "facets": [], "image_url": "https://m.media-amazon.com/images/I/41omosireUL._SL500_.jpg", "image_urls": {"image_url_1": "https://m.media-amazon.com/images/I/41omosireUL._SL500_.jpg", "image_url_2": "https://m.media-amazon.com/images/I/31enHE3xLbL._SL500_.jpg", "image_url_3": "https://m.media-amazon.com/images/I/51jwUxcieOL._SL500_.jpg", "image_url_4": ""}, "cashback_url": "https://tracking.cashkaro.com/visitproduct/18886/PPS1-B081K2SXMF?id=", "is_compared": true, "brand": "Kuber Industries", "product_button_text": "", "product_start_datetime": null, "product_end_datetime": null, "merchant_offer_id": "18886", "merchant_name": "Amazon Home & Kitchen Exclusive", "cashback_type": "Rewards", "merchant_image_url": "https://asset20.ckassets.com/resources/image/stores/amazon-1602658695.png", "offer_type": "Cashback + Coupons", "coupons_count": 0, "secondary_cashback_count": 0, "compared_CKSID": "CKS-HandBlenders-000014", "compared_sellers_count": 2, "compared_product_name": "Kuber Industries Mixing and Frothing Hand Blender - CTKTC31320 - 30cm", "price": {"original_price": "165.00", "discounted_price": "165.00", "cashback_amount": "0.00", "price_aftercashback": "165.00", "currency": "INR"}}, "relationships": {"products_compared": [{"type": "products", "id": "PPS1-B081K2SXMF", "attributes": {"cashback_url": "https://tracking.cashkaro.com/visitproduct/18886/PPS1-B081K2SXMF?id=", "product_label": "", "availability": "Yes", "card_type": true, "price": {"original_price": "165.00", "discounted_price": "165.00", "cashback_amount": "0.00", "price_aftercashback": "165.00", "currency": "INR"}, "product_button_text": "", "product_start_datetime": null, "product_end_datetime": null, "merchant": {"offer_id": "18886", "name": "Amazon Home & Kitchen Exclusive", "unique_identifier": "amazon-home-kitchen-exclusive-1", "cashback_type": "Rewards", "cashback_payment_type": "percent", "offer_type": "Cashback + Coupons", "image_url": "https://asset20.ckassets.com/resources/image/stores/amazon-1602658695.png", "coupons_count": 0, "secondary_cashback_count": 0, "final_terms_condition": "<li>Add Products to your cart / wishlist only after clicking out from CashKaro</li><li>Rewards on Amazon App orders: Yes</li><li>No CashKaro Rewards on transactions through Amazon Business Account</li><li>Your Missing Rewards ticket will be resolved within 10 Days</li>", "report_storename": "Amazon", "app_tracking_enabled_android": 1, "app_tracking_enabled_ios": 1, "is_custom_override_case": 1, "intermediate_page_text": ""}}}, {"type": "products", "id": "PPS4-itm2c6edb5c2106c", "attributes": {"cashback_url": "https://tracking.cashkaro.com/visitproduct/22010/PPS4-itm2c6edb5c2106c?id=", "product_label": "", "availability": "Yes", "card_type": true, "price": {"original_price": "599.00", "discounted_price": "298.00", "cashback_amount": "8.34", "price_aftercashback": "289.66", "currency": "INR"}, "product_button_text": "", "product_start_datetime": null, "product_end_datetime": null, "merchant": {"offer_id": "22010", "name": "Flipkart SHA MarMap", "unique_identifier": "flipkart-sha-marmap", "cashback_type": "Rewards", "cashback_payment_type": "percent", "offer_type": "Cashback only", "image_url": "https://asset20.ckassets.com/resources/image/stores/flipkart-tv-bbd-mapping-1697103111.png", "coupons_count": 0, "secondary_cashback_count": 1, "final_terms_condition": "<li>Add products to your Cart/Wishlist only after clicking out from CashKaro</li><li>Missing Reward Tickets will be resolved within 10 days</li>", "report_storename": "Flipkart", "app_tracking_enabled_android": 1, "app_tracking_enabled_ios": 1, "is_custom_override_case": 1, "intermediate_page_text": ""}}}]}}, {"type": "products", "id": "PPS1-B07NQGVNW1", "attributes": {"name": "Boss Portable Blender - E111 - 125 Watt", "card_type": true, "product_label": "", "category_price_starting_from": "", "category_earn_text": "", "category_detail": "", "facets": [], "image_url": "https://m.media-amazon.com/images/I/21laJPrJMlL._SL500_.jpg", "image_urls": {"image_url_1": "https://m.media-amazon.com/images/I/21laJPrJMlL._SL500_.jpg", "image_url_2": "https://m.media-amazon.com/images/I/3177U6ZthNL._SL500_.jpg", "image_url_3": "https://m.media-amazon.com/images/I/31KlXZo0gvL._SL500_.jpg", "image_url_4": ""}, "cashback_url": "https://tracking.cashkaro.com/visitproduct/18886/PPS1-B07NQGVNW1?id=", "is_compared": true, "brand": "Boss", "product_button_text": "", "product_start_datetime": null, "product_end_datetime": null, "merchant_offer_id": "18886", "merchant_name": "Amazon Home & Kitchen Exclusive", "cashback_type": "Rewards", "merchant_image_url": "https://asset20.ckassets.com/resources/image/stores/amazon-1602658695.png", "offer_type": "Cashback + Coupons", "coupons_count": 0, "secondary_cashback_count": 0, "compared_CKSID": "CKS-HandBlenders-000003", "compared_sellers_count": 2, "compared_product_name": "Boss Portable Blender - E111 - 125 Watt", "price": {"original_price": "1595.00", "discounted_price": "1260.00", "cashback_amount": "0.00", "price_aftercashback": "1260.00", "currency": "INR", "discount_percentage": 21}}, "relationships": {"products_compared": [{"type": "products", "id": "PPS1-B07NQGVNW1", "attributes": {"cashback_url": "https://tracking.cashkaro.com/visitproduct/18886/PPS1-B07NQGVNW1?id=", "product_label": "", "availability": "Yes", "card_type": true, "price": {"original_price": "1595.00", "discounted_price": "1260.00", "cashback_amount": "0.00", "price_aftercashback": "1260.00", "currency": "INR"}, "product_button_text": "", "product_start_datetime": null, "product_end_datetime": null, "merchant": {"offer_id": "18886", "name": "Amazon Home & Kitchen Exclusive", "unique_identifier": "amazon-home-kitchen-exclusive-1", "cashback_type": "Rewards", "cashback_payment_type": "percent", "offer_type": "Cashback + Coupons", "image_url": "https://asset20.ckassets.com/resources/image/stores/amazon-1602658695.png", "coupons_count": 0, "secondary_cashback_count": 0, "final_terms_condition": "<li>Add Products to your cart / wishlist only after clicking out from CashKaro</li><li>Rewards on Amazon App orders: Yes</li><li>No CashKaro Rewards on transactions through Amazon Business Account</li><li>Your Missing Rewards ticket will be resolved within 10 Days</li>", "report_storename": "Amazon", "app_tracking_enabled_android": 1, "app_tracking_enabled_ios": 1, "is_custom_override_case": 1, "intermediate_page_text": ""}}}, {"type": "products", "id": "PPS4-itmfdtj3hq6hpsgf", "attributes": {"cashback_url": "https://tracking.cashkaro.com/visitproduct/22010/PPS4-itmfdtj3hq6hpsgf?id=", "product_label": "", "availability": "Yes", "card_type": true, "price": {"original_price": "1595.00", "discounted_price": "1399.00", "cashback_amount": "39.17", "price_aftercashback": "1359.83", "currency": "INR"}, "product_button_text": "", "product_start_datetime": null, "product_end_datetime": null, "merchant": {"offer_id": "22010", "name": "Flipkart SHA MarMap", "unique_identifier": "flipkart-sha-marmap", "cashback_type": "Rewards", "cashback_payment_type": "percent", "offer_type": "Cashback only", "image_url": "https://asset20.ckassets.com/resources/image/stores/flipkart-tv-bbd-mapping-1697103111.png", "coupons_count": 0, "secondary_cashback_count": 1, "final_terms_condition": "<li>Add products to your Cart/Wishlist only after clicking out from CashKaro</li><li>Missing Reward Tickets will be resolved within 10 days</li>", "report_storename": "Flipkart", "app_tracking_enabled_android": 1, "app_tracking_enabled_ios": 1, "is_custom_override_case": 1, "intermediate_page_text": ""}}}]}}, {"type": "products", "id": "PPS1-B0B9RZ4G4W", "attributes": {"name": "Amazon Basics 300 W Hand Blender with Stainless Steel Stem for Hot/Cold Blending and In-Built Cord Hook, Black", "card_type": true, "product_label": "", "category_price_starting_from": "", "category_earn_text": "", "category_detail": "", "facets": {"Colour": ["Black"]}, "image_url": "https://m.media-amazon.com/images/I/517er3i6s6L._SY879_.jpg", "image_urls": {"image_url_1": "https://m.media-amazon.com/images/I/517er3i6s6L._SY879_.jpg", "image_url_2": "https://m.media-amazon.com/images/I/51M3DU9P2WL._SX569_.jpg", "image_url_3": "https://m.media-amazon.com/images/I/613RRBcAJ4L._SX569_.jpg", "image_url_4": ""}, "cashback_url": "https://tracking.cashkaro.com/visitproduct/18886/PPS1-B0B9RZ4G4W?id=", "is_compared": true, "brand": "Amazon Basics", "product_button_text": "", "product_start_datetime": null, "product_end_datetime": null, "merchant_offer_id": "18886", "merchant_name": "Amazon Home & Kitchen Exclusive", "cashback_type": "Rewards", "merchant_image_url": "https://asset20.ckassets.com/resources/image/stores/amazon-1602658695.png", "offer_type": "Cashback + Coupons", "coupons_count": 0, "secondary_cashback_count": 0, "compared_CKSID": "CKS-Kitchen-Appliances-000316", "compared_sellers_count": 1, "compared_product_name": "Amazon Basics 300W Hand Blender", "price": {"original_price": "1699.00", "discounted_price": "1318.00", "cashback_amount": "0.00", "price_aftercashback": "1318.00", "currency": "INR", "discount_percentage": 22}, "key_features": {"Seller": "Amazon", "Brand": "Amazon Basics"}}, "relationships": {"products_compared": [{"type": "products", "id": "PPS1-B0B9RZ4G4W", "attributes": {"cashback_url": "https://tracking.cashkaro.com/visitproduct/18886/PPS1-B0B9RZ4G4W?id=", "product_label": "", "availability": "Yes", "card_type": true, "price": {"original_price": "1699.00", "discounted_price": "1318.00", "cashback_amount": "0.00", "price_aftercashback": "1318.00", "currency": "INR"}, "product_button_text": "", "product_start_datetime": null, "product_end_datetime": null, "merchant": {"offer_id": "18886", "name": "Amazon Home & Kitchen Exclusive", "unique_identifier": "amazon-home-kitchen-exclusive-1", "cashback_type": "Rewards", "cashback_payment_type": "percent", "offer_type": "Cashback + Coupons", "image_url": "https://asset20.ckassets.com/resources/image/stores/amazon-1602658695.png", "coupons_count": 0, "secondary_cashback_count": 0, "final_terms_condition": "<li>Add Products to your cart / wishlist only after clicking out from CashKaro</li><li>Rewards on Amazon App orders: Yes</li><li>No CashKaro Rewards on transactions through Amazon Business Account</li><li>Your Missing Rewards ticket will be resolved within 10 Days</li>", "report_storename": "Amazon", "app_tracking_enabled_android": 1, "app_tracking_enabled_ios": 1, "is_custom_override_case": 1, "intermediate_page_text": ""}}}]}}, {"type": "products", "id": "PPS1-B09PCZHPX9", "attributes": {"name": "Cello Supreme Hand Blender, Black", "card_type": true, "product_label": "", "category_price_starting_from": "", "category_earn_text": "", "category_detail": "", "facets": {"Colour": ["Black", "Red"]}, "image_url": "https://m.media-amazon.com/images/I/619fP5cG46L._SX569_.jpg", "image_urls": {"image_url_1": "https://m.media-amazon.com/images/I/619fP5cG46L._SX569_.jpg", "image_url_2": "https://m.media-amazon.com/images/I/61hAa4BJsRL._SX569_.jpg", "image_url_3": "https://m.media-amazon.com/images/I/714cMP3B-TL._SX569_.jpg", "image_url_4": ""}, "cashback_url": "https://tracking.cashkaro.com/visitproduct/18886/PPS1-B09PCZHPX9?id=", "is_compared": true, "brand": "Cello", "product_button_text": "", "product_start_datetime": null, "product_end_datetime": null, "merchant_offer_id": "18886", "merchant_name": "Amazon Home & Kitchen Exclusive", "cashback_type": "Rewards", "merchant_image_url": "https://asset20.ckassets.com/resources/image/stores/amazon-1602658695.png", "offer_type": "Cashback + Coupons", "coupons_count": 0, "secondary_cashback_count": 0, "compared_CKSID": "CKS-Kitchen-Appliances-000318", "compared_sellers_count": 2, "compared_product_name": "Cello Supreme Hand Blender", "price": {"original_price": "2495.00", "discounted_price": "1599.00", "cashback_amount": "0.00", "price_aftercashback": "1599.00", "currency": "INR", "discount_percentage": 36}, "key_features": {"Seller": "Amazon", "Brand": "Cello"}}, "relationships": {"products_compared": [{"type": "products", "id": "PPS1-B09PCZHPX9", "attributes": {"cashback_url": "https://tracking.cashkaro.com/visitproduct/18886/PPS1-B09PCZHPX9?id=", "product_label": "", "availability": "Yes", "card_type": true, "price": {"original_price": "2495.00", "discounted_price": "1599.00", "cashback_amount": "0.00", "price_aftercashback": "1599.00", "currency": "INR"}, "product_button_text": "", "product_start_datetime": null, "product_end_datetime": null, "merchant": {"offer_id": "18886", "name": "Amazon Home & Kitchen Exclusive", "unique_identifier": "amazon-home-kitchen-exclusive-1", "cashback_type": "Rewards", "cashback_payment_type": "percent", "offer_type": "Cashback + Coupons", "image_url": "https://asset20.ckassets.com/resources/image/stores/amazon-1602658695.png", "coupons_count": 0, "secondary_cashback_count": 0, "final_terms_condition": "<li>Add Products to your cart / wishlist only after clicking out from CashKaro</li><li>Rewards on Amazon App orders: Yes</li><li>No CashKaro Rewards on transactions through Amazon Business Account</li><li>Your Missing Rewards ticket will be resolved within 10 Days</li>", "report_storename": "Amazon", "app_tracking_enabled_android": 1, "app_tracking_enabled_ios": 1, "is_custom_override_case": 1, "intermediate_page_text": ""}}}, {"type": "products", "id": "PPS4-HBLGD33ZNUVHEGJ4", "attributes": {"cashback_url": "https://tracking.cashkaro.com/visitproduct/22010/PPS4-HBLGD33ZNUVHEGJ4?id=", "product_label": "", "availability": "Yes", "card_type": true, "price": {"original_price": "2495.00", "discounted_price": "1999.00", "cashback_amount": "55.97", "price_aftercashback": "1943.03", "currency": "INR"}, "product_button_text": "", "product_start_datetime": null, "product_end_datetime": null, "merchant": {"offer_id": "22010", "name": "Flipkart SHA MarMap", "unique_identifier": "flipkart-sha-marmap", "cashback_type": "Rewards", "cashback_payment_type": "percent", "offer_type": "Cashback only", "image_url": "https://asset20.ckassets.com/resources/image/stores/flipkart-tv-bbd-mapping-1697103111.png", "coupons_count": 0, "secondary_cashback_count": 1, "final_terms_condition": "<li>Add products to your Cart/Wishlist only after clicking out from CashKaro</li><li>Missing Reward Tickets will be resolved within 10 days</li>", "report_storename": "Flipkart", "app_tracking_enabled_android": 1, "app_tracking_enabled_ios": 1, "is_custom_override_case": 1, "intermediate_page_text": ""}}}]}}, {"type": "products", "id": "PPS1-B0C5DB4GT3", "attributes": {"name": "Dhananjay Power Free Hand Blender with Stainless Steel Blades, Multicolor", "card_type": true, "product_label": "", "category_price_starting_from": "", "category_earn_text": "", "category_detail": "", "facets": {"Colour": ["Multocolour"]}, "image_url": "https://m.media-amazon.com/images/I/61SrxYttSBS._SX569_.jpg", "image_urls": {"image_url_1": "https://m.media-amazon.com/images/I/61SrxYttSBS._SX569_.jpg", "image_url_2": "https://m.media-amazon.com/images/I/51n7mP6gB7L._SX569_.jpg", "image_url_3": "https://m.media-amazon.com/images/I/71vaIDaPZLL._SX569_.jpg", "image_url_4": ""}, "cashback_url": "https://tracking.cashkaro.com/visitproduct/18886/PPS1-B0C5DB4GT3?id=", "is_compared": true, "brand": "Dhananjay Power", "product_button_text": "", "product_start_datetime": null, "product_end_datetime": null, "merchant_offer_id": "18886", "merchant_name": "Amazon Home & Kitchen Exclusive", "cashback_type": "Rewards", "merchant_image_url": "https://asset20.ckassets.com/resources/image/stores/amazon-1602658695.png", "offer_type": "Cashback + Coupons", "coupons_count": 0, "secondary_cashback_count": 0, "compared_CKSID": "CKS-Kitchen-Appliances-000319", "compared_sellers_count": 1, "compared_product_name": "Dhananjay Power Free Hand Blender", "price": {"original_price": "99.00", "discounted_price": "99.00", "cashback_amount": "0.00", "price_aftercashback": "99.00", "currency": "INR"}, "key_features": {"Seller": "Amazon", "Brand": "Dhananjay"}}, "relationships": {"products_compared": [{"type": "products", "id": "PPS1-B0C5DB4GT3", "attributes": {"cashback_url": "https://tracking.cashkaro.com/visitproduct/18886/PPS1-B0C5DB4GT3?id=", "product_label": "", "availability": "Yes", "card_type": true, "price": {"original_price": "99.00", "discounted_price": "99.00", "cashback_amount": "0.00", "price_aftercashback": "99.00", "currency": "INR"}, "product_button_text": "", "product_start_datetime": null, "product_end_datetime": null, "merchant": {"offer_id": "18886", "name": "Amazon Home & Kitchen Exclusive", "unique_identifier": "amazon-home-kitchen-exclusive-1", "cashback_type": "Rewards", "cashback_payment_type": "percent", "offer_type": "Cashback + Coupons", "image_url": "https://asset20.ckassets.com/resources/image/stores/amazon-1602658695.png", "coupons_count": 0, "secondary_cashback_count": 0, "final_terms_condition": "<li>Add Products to your cart / wishlist only after clicking out from CashKaro</li><li>Rewards on Amazon App orders: Yes</li><li>No CashKaro Rewards on transactions through Amazon Business Account</li><li>Your Missing Rewards ticket will be resolved within 10 Days</li>", "report_storename": "Amazon", "app_tracking_enabled_android": 1, "app_tracking_enabled_ios": 1, "is_custom_override_case": 1, "intermediate_page_text": ""}}}]}}, {"type": "products", "id": "PPS4-itm79e7ca9acca4a", "attributes": {"name": "INALSA Electric Hand Blender 1200Watt 100% Copper Motor, Black & Silver", "card_type": true, "product_label": "", "category_price_starting_from": "", "category_earn_text": "", "category_detail": "", "facets": {"Colour": ["Black & Silver"]}, "image_url": "https://m.media-amazon.com/images/I/51wldqiAXLL._SX569_.jpg", "image_urls": {"image_url_1": "https://m.media-amazon.com/images/I/51wldqiAXLL._SX569_.jpg", "image_url_2": "https://m.media-amazon.com/images/I/61C0vb2LhfL._SX569_.jpg", "image_url_3": "https://m.media-amazon.com/images/I/61iWtZ4+UYL._SX569_.jpg", "image_url_4": ""}, "cashback_url": "https://tracking.cashkaro.com/visitproduct/22010/PPS4-itm79e7ca9acca4a?id=", "is_compared": true, "brand": "Inalsa", "product_button_text": "", "product_start_datetime": null, "product_end_datetime": null, "merchant_offer_id": "22010", "merchant_name": "Flipkart SHA MarMap", "cashback_type": "Rewards", "merchant_image_url": "https://asset20.ckassets.com/resources/image/stores/flipkart-tv-bbd-mapping-1697103111.png", "offer_type": "Cashback only", "coupons_count": 0, "secondary_cashback_count": 1, "compared_CKSID": "CKS-Kitchen-Appliances-000320", "compared_sellers_count": 2, "compared_product_name": "Inalsa 1200W Electric Hand Blender", "price": {"original_price": "4795.00", "discounted_price": "3095.00", "cashback_amount": "86.66", "price_aftercashback": "3008.34", "currency": "INR", "discount_percentage": 35}, "key_features": {"Seller": "Flipkart", "Brand": "Inalsa"}}, "relationships": {"products_compared": [{"type": "products", "id": "PPS4-itm79e7ca9acca4a", "attributes": {"cashback_url": "https://tracking.cashkaro.com/visitproduct/22010/PPS4-itm79e7ca9acca4a?id=", "product_label": "", "availability": "Yes", "card_type": true, "price": {"original_price": "4795.00", "discounted_price": "3095.00", "cashback_amount": "86.66", "price_aftercashback": "3008.34", "currency": "INR"}, "product_button_text": "", "product_start_datetime": null, "product_end_datetime": null, "merchant": {"offer_id": "22010", "name": "Flipkart SHA MarMap", "unique_identifier": "flipkart-sha-marmap", "cashback_type": "Rewards", "cashback_payment_type": "percent", "offer_type": "Cashback only", "image_url": "https://asset20.ckassets.com/resources/image/stores/flipkart-tv-bbd-mapping-1697103111.png", "coupons_count": 0, "secondary_cashback_count": 1, "final_terms_condition": "<li>Add products to your Cart/Wishlist only after clicking out from CashKaro</li><li>Missing Reward Tickets will be resolved within 10 days</li>", "report_storename": "Flipkart", "app_tracking_enabled_android": 1, "app_tracking_enabled_ios": 1, "is_custom_override_case": 1, "intermediate_page_text": ""}}}, {"type": "products", "id": "PPS1-B0C43JMQNS", "attributes": {"cashback_url": "https://tracking.cashkaro.com/visitproduct/18886/PPS1-B0C43JMQNS?id=", "product_label": "", "availability": "Yes", "card_type": true, "price": {"original_price": "4795.00", "discounted_price": "3094.00", "cashback_amount": "0.00", "price_aftercashback": "3094.00", "currency": "INR"}, "product_button_text": "", "product_start_datetime": null, "product_end_datetime": null, "merchant": {"offer_id": "18886", "name": "Amazon Home & Kitchen Exclusive", "unique_identifier": "amazon-home-kitchen-exclusive-1", "cashback_type": "Rewards", "cashback_payment_type": "percent", "offer_type": "Cashback + Coupons", "image_url": "https://asset20.ckassets.com/resources/image/stores/amazon-1602658695.png", "coupons_count": 0, "secondary_cashback_count": 0, "final_terms_condition": "<li>Add Products to your cart / wishlist only after clicking out from CashKaro</li><li>Rewards on Amazon App orders: Yes</li><li>No CashKaro Rewards on transactions through Amazon Business Account</li><li>Your Missing Rewards ticket will be resolved within 10 Days</li>", "report_storename": "Amazon", "app_tracking_enabled_android": 1, "app_tracking_enabled_ios": 1, "is_custom_override_case": 1, "intermediate_page_text": ""}}}]}}, {"type": "products", "id": "PPS1-B09NL1M9P3", "attributes": {"name": "Inalsa Hand Blender 750 Watt With Chopper, Black", "card_type": true, "product_label": "", "category_price_starting_from": "", "category_earn_text": "", "category_detail": "", "facets": {"Colour": ["Black"]}, "image_url": "https://m.media-amazon.com/images/I/31jwiLoaAGL._SX300_SY300_QL70_FMwebp_.jpg", "image_urls": {"image_url_1": "https://m.media-amazon.com/images/I/31jwiLoaAGL._SX300_SY300_QL70_FMwebp_.jpg", "image_url_2": "https://m.media-amazon.com/images/I/61qyqwyikuL._SX569_.jpg", "image_url_3": "https://m.media-amazon.com/images/I/61YOrbTHgUL._SX569_.jpg", "image_url_4": ""}, "cashback_url": "https://tracking.cashkaro.com/visitproduct/18886/PPS1-B09NL1M9P3?id=", "is_compared": true, "brand": "Inalsa", "product_button_text": "", "product_start_datetime": null, "product_end_datetime": null, "merchant_offer_id": "18886", "merchant_name": "Amazon Home & Kitchen Exclusive", "cashback_type": "Rewards", "merchant_image_url": "https://asset20.ckassets.com/resources/image/stores/amazon-1602658695.png", "offer_type": "Cashback + Coupons", "coupons_count": 0, "secondary_cashback_count": 0, "compared_CKSID": "CKS-Kitchen-Appliances-000321", "compared_sellers_count": 2, "compared_product_name": "Inalsa 750W Hand Blender With Chopper", "price": {"original_price": "4395.00", "discounted_price": "2390.00", "cashback_amount": "0.00", "price_aftercashback": "2390.00", "currency": "INR", "discount_percentage": 46}, "key_features": {"Seller": "Flipkart", "Brand": "Inalsa"}}, "relationships": {"products_compared": [{"type": "products", "id": "PPS1-B09NL1M9P3", "attributes": {"cashback_url": "https://tracking.cashkaro.com/visitproduct/18886/PPS1-B09NL1M9P3?id=", "product_label": "", "availability": "Yes", "card_type": true, "price": {"original_price": "4395.00", "discounted_price": "2390.00", "cashback_amount": "0.00", "price_aftercashback": "2390.00", "currency": "INR"}, "product_button_text": "", "product_start_datetime": null, "product_end_datetime": null, "merchant": {"offer_id": "18886", "name": "Amazon Home & Kitchen Exclusive", "unique_identifier": "amazon-home-kitchen-exclusive-1", "cashback_type": "Rewards", "cashback_payment_type": "percent", "offer_type": "Cashback + Coupons", "image_url": "https://asset20.ckassets.com/resources/image/stores/amazon-1602658695.png", "coupons_count": 0, "secondary_cashback_count": 0, "final_terms_condition": "<li>Add Products to your cart / wishlist only after clicking out from CashKaro</li><li>Rewards on Amazon App orders: Yes</li><li>No CashKaro Rewards on transactions through Amazon Business Account</li><li>Your Missing Rewards ticket will be resolved within 10 Days</li>", "report_storename": "Amazon", "app_tracking_enabled_android": 1, "app_tracking_enabled_ios": 1, "is_custom_override_case": 1, "intermediate_page_text": ""}}}, {"type": "products", "id": "PPS4-itm655b3dc563fba", "attributes": {"cashback_url": "https://tracking.cashkaro.com/visitproduct/22010/PPS4-itm655b3dc563fba?id=", "product_label": "", "availability": "No", "card_type": true, "price": {"original_price": "4195.00", "discounted_price": "2189.00", "cashback_amount": "61.29", "price_aftercashback": "2127.71", "currency": "INR"}, "product_button_text": "", "product_start_datetime": null, "product_end_datetime": null, "merchant": {"offer_id": "22010", "name": "Flipkart SHA MarMap", "unique_identifier": "flipkart-sha-marmap", "cashback_type": "Rewards", "cashback_payment_type": "percent", "offer_type": "Cashback only", "image_url": "https://asset20.ckassets.com/resources/image/stores/flipkart-tv-bbd-mapping-1697103111.png", "coupons_count": 0, "secondary_cashback_count": 1, "final_terms_condition": "<li>Add products to your Cart/Wishlist only after clicking out from CashKaro</li><li>Missing Reward Tickets will be resolved within 10 days</li>", "report_storename": "Flipkart", "app_tracking_enabled_android": 1, "app_tracking_enabled_ios": 1, "is_custom_override_case": 1, "intermediate_page_text": ""}}}]}}, {"type": "products", "id": "PPS1-B0B3G5XZN5", "attributes": {"name": "InstaCuppa Portable Blender for Smoothie 230 Watt, Black", "card_type": true, "product_label": "", "category_price_starting_from": "", "category_earn_text": "", "category_detail": "", "facets": {"Colour": ["Black"]}, "image_url": "https://m.media-amazon.com/images/I/51Rsjx5byPL._SX569_.jpg", "image_urls": {"image_url_1": "https://m.media-amazon.com/images/I/51Rsjx5byPL._SX569_.jpg", "image_url_2": "https://m.media-amazon.com/images/I/71jjISN9sNL._SX569_.jpg", "image_url_3": "https://m.media-amazon.com/images/I/7108eJ67hbL._SX569_.jpg", "image_url_4": ""}, "cashback_url": "https://tracking.cashkaro.com/visitproduct/18886/PPS1-B0B3G5XZN5?id=", "is_compared": true, "brand": "Inalsa", "product_button_text": "", "product_start_datetime": null, "product_end_datetime": null, "merchant_offer_id": "18886", "merchant_name": "Amazon Home & Kitchen Exclusive", "cashback_type": "Rewards", "merchant_image_url": "https://asset20.ckassets.com/resources/image/stores/amazon-1602658695.png", "offer_type": "Cashback + Coupons", "coupons_count": 0, "secondary_cashback_count": 0, "compared_CKSID": "CKS-Kitchen-Appliances-000322", "compared_sellers_count": 2, "compared_product_name": "InstaCuppa 230W Portable Blender", "price": {"original_price": "3499.00", "discounted_price": "2999.00", "cashback_amount": "0.00", "price_aftercashback": "2999.00", "currency": "INR", "discount_percentage": 14}, "key_features": {"Seller": "Flipkart", "Brand": "Inalsa"}}, "relationships": {"products_compared": [{"type": "products", "id": "PPS4-MIXGGN2T9WZBPJYE", "attributes": {"cashback_url": "https://tracking.cashkaro.com/visitproduct/22010/PPS4-MIXGGN2T9WZBPJYE?id=", "product_label": "", "availability": "Yes", "card_type": true, "price": {"original_price": "3499.00", "discounted_price": "2999.00", "cashback_amount": "83.97", "price_aftercashback": "2915.03", "currency": "INR"}, "product_button_text": "", "product_start_datetime": null, "product_end_datetime": null, "merchant": {"offer_id": "22010", "name": "Flipkart SHA MarMap", "unique_identifier": "flipkart-sha-marmap", "cashback_type": "Rewards", "cashback_payment_type": "percent", "offer_type": "Cashback only", "image_url": "https://asset20.ckassets.com/resources/image/stores/flipkart-tv-bbd-mapping-1697103111.png", "coupons_count": 0, "secondary_cashback_count": 1, "final_terms_condition": "<li>Add products to your Cart/Wishlist only after clicking out from CashKaro</li><li>Missing Reward Tickets will be resolved within 10 days</li>", "report_storename": "Flipkart", "app_tracking_enabled_android": 1, "app_tracking_enabled_ios": 1, "is_custom_override_case": 1, "intermediate_page_text": ""}}}, {"type": "products", "id": "PPS1-B0B3G5XZN5", "attributes": {"cashback_url": "https://tracking.cashkaro.com/visitproduct/18886/PPS1-B0B3G5XZN5?id=", "product_label": "", "availability": "Yes", "card_type": true, "price": {"original_price": "3499.00", "discounted_price": "2999.00", "cashback_amount": "0.00", "price_aftercashback": "2999.00", "currency": "INR"}, "product_button_text": "", "product_start_datetime": null, "product_end_datetime": null, "merchant": {"offer_id": "18886", "name": "Amazon Home & Kitchen Exclusive", "unique_identifier": "amazon-home-kitchen-exclusive-1", "cashback_type": "Rewards", "cashback_payment_type": "percent", "offer_type": "Cashback + Coupons", "image_url": "https://asset20.ckassets.com/resources/image/stores/amazon-1602658695.png", "coupons_count": 0, "secondary_cashback_count": 0, "final_terms_condition": "<li>Add Products to your cart / wishlist only after clicking out from CashKaro</li><li>Rewards on Amazon App orders: Yes</li><li>No CashKaro Rewards on transactions through Amazon Business Account</li><li>Your Missing Rewards ticket will be resolved within 10 Days</li>", "report_storename": "Amazon", "app_tracking_enabled_android": 1, "app_tracking_enabled_ios": 1, "is_custom_override_case": 1, "intermediate_page_text": ""}}}]}}, {"type": "products", "id": "PPS4-itmefeb08d0e2aad", "attributes": {"name": "Maharaja Whiteline Hb-129 175 Watt Hand Blender, White & Blue", "card_type": true, "product_label": "", "category_price_starting_from": "", "category_earn_text": "", "category_detail": "", "facets": {"Colour": ["White & Blue"]}, "image_url": "https://m.media-amazon.com/images/I/41Jo0NH0vOL._SX569_.jpg", "image_urls": {"image_url_1": "https://m.media-amazon.com/images/I/41Jo0NH0vOL._SX569_.jpg", "image_url_2": "https://m.media-amazon.com/images/I/61C+ulJfqlL._SX569_.jpg", "image_url_3": "https://m.media-amazon.com/images/I/61eqQx3OUfL._SX569_.jpg", "image_url_4": ""}, "cashback_url": "https://tracking.cashkaro.com/visitproduct/22010/PPS4-itmefeb08d0e2aad?id=", "is_compared": true, "brand": "Maharaja", "product_button_text": "", "product_start_datetime": null, "product_end_datetime": null, "merchant_offer_id": "22010", "merchant_name": "Flipkart SHA MarMap", "cashback_type": "Rewards", "merchant_image_url": "https://asset20.ckassets.com/resources/image/stores/flipkart-tv-bbd-mapping-1697103111.png", "offer_type": "Cashback only", "coupons_count": 0, "secondary_cashback_count": 1, "compared_CKSID": "CKS-Kitchen-Appliances-000323", "compared_sellers_count": 2, "compared_product_name": "Maharaja Whiteline Hb-129 175W Hand Blender", "price": {"original_price": "1399.00", "discounted_price": "699.00", "cashback_amount": "19.57", "price_aftercashback": "679.43", "currency": "INR", "discount_percentage": 50}, "key_features": {"Seller": "Flipkart", "Brand": "Maharaja"}}, "relationships": {"products_compared": [{"type": "products", "id": "PPS4-itmefeb08d0e2aad", "attributes": {"cashback_url": "https://tracking.cashkaro.com/visitproduct/22010/PPS4-itmefeb08d0e2aad?id=", "product_label": "", "availability": "Yes", "card_type": true, "price": {"original_price": "1399.00", "discounted_price": "699.00", "cashback_amount": "19.57", "price_aftercashback": "679.43", "currency": "INR"}, "product_button_text": "", "product_start_datetime": null, "product_end_datetime": null, "merchant": {"offer_id": "22010", "name": "Flipkart SHA MarMap", "unique_identifier": "flipkart-sha-marmap", "cashback_type": "Rewards", "cashback_payment_type": "percent", "offer_type": "Cashback only", "image_url": "https://asset20.ckassets.com/resources/image/stores/flipkart-tv-bbd-mapping-1697103111.png", "coupons_count": 0, "secondary_cashback_count": 1, "final_terms_condition": "<li>Add products to your Cart/Wishlist only after clicking out from CashKaro</li><li>Missing Reward Tickets will be resolved within 10 days</li>", "report_storename": "Flipkart", "app_tracking_enabled_android": 1, "app_tracking_enabled_ios": 1, "is_custom_override_case": 1, "intermediate_page_text": ""}}}, {"type": "products", "id": "PPS1-B08X7DQ6WQ", "attributes": {"cashback_url": "https://tracking.cashkaro.com/visitproduct/18886/PPS1-B08X7DQ6WQ?id=", "product_label": "", "availability": "Yes", "card_type": true, "price": {"original_price": "1200.00", "discounted_price": "981.00", "cashback_amount": "0.00", "price_aftercashback": "981.00", "currency": "INR"}, "product_button_text": "", "product_start_datetime": null, "product_end_datetime": null, "merchant": {"offer_id": "18886", "name": "Amazon Home & Kitchen Exclusive", "unique_identifier": "amazon-home-kitchen-exclusive-1", "cashback_type": "Rewards", "cashback_payment_type": "percent", "offer_type": "Cashback + Coupons", "image_url": "https://asset20.ckassets.com/resources/image/stores/amazon-1602658695.png", "coupons_count": 0, "secondary_cashback_count": 0, "final_terms_condition": "<li>Add Products to your cart / wishlist only after clicking out from CashKaro</li><li>Rewards on Amazon App orders: Yes</li><li>No CashKaro Rewards on transactions through Amazon Business Account</li><li>Your Missing Rewards ticket will be resolved within 10 Days</li>", "report_storename": "Amazon", "app_tracking_enabled_android": 1, "app_tracking_enabled_ios": 1, "is_custom_override_case": 1, "intermediate_page_text": ""}}}]}}, {"type": "products", "id": "PPS4-itmdf7fe3e1f4796", "attributes": {"name": "PRO365 Indo Portable Mocktails/Coffee Foamer/Cappuccino/Lemonade/Milk Frother, Black", "card_type": true, "product_label": "", "category_price_starting_from": "", "category_earn_text": "", "category_detail": "", "facets": {"Colour": ["Black"]}, "image_url": "https://m.media-amazon.com/images/I/318NlX2-vsL.jpg", "image_urls": {"image_url_1": "https://m.media-amazon.com/images/I/318NlX2-vsL.jpg", "image_url_2": "https://m.media-amazon.com/images/I/61CoZVWXwcL._SX569_.jpg", "image_url_3": "https://m.media-amazon.com/images/I/41TyFFYzpNL.jpg", "image_url_4": ""}, "cashback_url": "https://tracking.cashkaro.com/visitproduct/22010/PPS4-itmdf7fe3e1f4796?id=", "is_compared": true, "brand": "PRO 365", "product_button_text": "", "product_start_datetime": null, "product_end_datetime": null, "merchant_offer_id": "22010", "merchant_name": "Flipkart SHA MarMap", "cashback_type": "Rewards", "merchant_image_url": "https://asset20.ckassets.com/resources/image/stores/flipkart-tv-bbd-mapping-1697103111.png", "offer_type": "Cashback only", "coupons_count": 0, "secondary_cashback_count": 1, "compared_CKSID": "CKS-Kitchen-Appliances-000324", "compared_sellers_count": 2, "compared_product_name": "Pro 365 Indo Portable Frother", "price": {"original_price": "599.00", "discounted_price": "195.00", "cashback_amount": "5.46", "price_aftercashback": "189.54", "currency": "INR", "discount_percentage": 67}, "key_features": {"Seller": "Flipkart", "Brand": "PRO365"}}, "relationships": {"products_compared": [{"type": "products", "id": "PPS4-itmdf7fe3e1f4796", "attributes": {"cashback_url": "https://tracking.cashkaro.com/visitproduct/22010/PPS4-itmdf7fe3e1f4796?id=", "product_label": "", "availability": "Yes", "card_type": true, "price": {"original_price": "599.00", "discounted_price": "195.00", "cashback_amount": "5.46", "price_aftercashback": "189.54", "currency": "INR"}, "product_button_text": "", "product_start_datetime": null, "product_end_datetime": null, "merchant": {"offer_id": "22010", "name": "Flipkart SHA MarMap", "unique_identifier": "flipkart-sha-marmap", "cashback_type": "Rewards", "cashback_payment_type": "percent", "offer_type": "Cashback only", "image_url": "https://asset20.ckassets.com/resources/image/stores/flipkart-tv-bbd-mapping-1697103111.png", "coupons_count": 0, "secondary_cashback_count": 1, "final_terms_condition": "<li>Add products to your Cart/Wishlist only after clicking out from CashKaro</li><li>Missing Reward Tickets will be resolved within 10 days</li>", "report_storename": "Flipkart", "app_tracking_enabled_android": 1, "app_tracking_enabled_ios": 1, "is_custom_override_case": 1, "intermediate_page_text": ""}}}, {"type": "products", "id": "PPS1-B07GXPDLYQ", "attributes": {"cashback_url": "https://tracking.cashkaro.com/visitproduct/18886/PPS1-B07GXPDLYQ?id=", "product_label": "", "availability": "Yes", "card_type": true, "price": {"original_price": "499.00", "discounted_price": "198.00", "cashback_amount": "0.00", "price_aftercashback": "198.00", "currency": "INR"}, "product_button_text": "", "product_start_datetime": null, "product_end_datetime": null, "merchant": {"offer_id": "18886", "name": "Amazon Home & Kitchen Exclusive", "unique_identifier": "amazon-home-kitchen-exclusive-1", "cashback_type": "Rewards", "cashback_payment_type": "percent", "offer_type": "Cashback + Coupons", "image_url": "https://asset20.ckassets.com/resources/image/stores/amazon-1602658695.png", "coupons_count": 0, "secondary_cashback_count": 0, "final_terms_condition": "<li>Add Products to your cart / wishlist only after clicking out from CashKaro</li><li>Rewards on Amazon App orders: Yes</li><li>No CashKaro Rewards on transactions through Amazon Business Account</li><li>Your Missing Rewards ticket will be resolved within 10 Days</li>", "report_storename": "Amazon", "app_tracking_enabled_android": 1, "app_tracking_enabled_ios": 1, "is_custom_override_case": 1, "intermediate_page_text": ""}}}]}}, {"type": "products", "id": "PPS1-B0BLC2BYPX", "attributes": {"name": "Zuvexa USB Rechargeable Electric Foam Maker Handheld Milk Wand Mixer Frother for Hot Milk, Black", "card_type": true, "product_label": "", "category_price_starting_from": "", "category_earn_text": "", "category_detail": "", "facets": {"Colour": ["Black"]}, "image_url": "https://m.media-amazon.com/images/I/41714O1hnmS._SY300_SX300_QL70_FMwebp_.jpg", "image_urls": {"image_url_1": "https://m.media-amazon.com/images/I/41714O1hnmS._SY300_SX300_QL70_FMwebp_.jpg", "image_url_2": "https://m.media-amazon.com/images/I/81gPi4rzq7S._SX569_.jpg", "image_url_3": "https://m.media-amazon.com/images/I/815oY5MNgLS._SX569_.jpg", "image_url_4": ""}, "cashback_url": "https://tracking.cashkaro.com/visitproduct/18886/PPS1-B0BLC2BYPX?id=", "is_compared": true, "brand": "Zuvexa", "product_button_text": "", "product_start_datetime": null, "product_end_datetime": null, "merchant_offer_id": "18886", "merchant_name": "Amazon Home & Kitchen Exclusive", "cashback_type": "Rewards", "merchant_image_url": "https://asset20.ckassets.com/resources/image/stores/amazon-1602658695.png", "offer_type": "Cashback + Coupons", "coupons_count": 0, "secondary_cashback_count": 0, "compared_CKSID": "CKS-Kitchen-Appliances-000325", "compared_sellers_count": 1, "compared_product_name": "Zuvexa USB Rechargeable Electric Mixer Frother", "price": {"original_price": "999.00", "discounted_price": "548.00", "cashback_amount": "0.00", "price_aftercashback": "548.00", "currency": "INR", "discount_percentage": 45}, "key_features": {"Seller": "Amazon", "Brand": "Zuvexa"}}, "relationships": {"products_compared": [{"type": "products", "id": "PPS1-B0BLC2BYPX", "attributes": {"cashback_url": "https://tracking.cashkaro.com/visitproduct/18886/PPS1-B0BLC2BYPX?id=", "product_label": "", "availability": "Yes", "card_type": true, "price": {"original_price": "999.00", "discounted_price": "548.00", "cashback_amount": "0.00", "price_aftercashback": "548.00", "currency": "INR"}, "product_button_text": "", "product_start_datetime": null, "product_end_datetime": null, "merchant": {"offer_id": "18886", "name": "Amazon Home & Kitchen Exclusive", "unique_identifier": "amazon-home-kitchen-exclusive-1", "cashback_type": "Rewards", "cashback_payment_type": "percent", "offer_type": "Cashback + Coupons", "image_url": "https://asset20.ckassets.com/resources/image/stores/amazon-1602658695.png", "coupons_count": 0, "secondary_cashback_count": 0, "final_terms_condition": "<li>Add Products to your cart / wishlist only after clicking out from CashKaro</li><li>Rewards on Amazon App orders: Yes</li><li>No CashKaro Rewards on transactions through Amazon Business Account</li><li>Your Missing Rewards ticket will be resolved within 10 Days</li>", "report_storename": "Amazon", "app_tracking_enabled_android": 1, "app_tracking_enabled_ios": 1, "is_custom_override_case": 1, "intermediate_page_text": ""}}}]}}]