[{"type": "products", "id": "PPS280-puma-cat-men-casual-shoes-0503", "attributes": {"name": "Puma: Upto 60% Off on Men's Casual Shoes & Sneakers + Flat 7% CashKaro Cashback", "card_type": false, "product_label": "", "category_price_starting_from": "", "category_earn_text": "GRAB DEAL", "category_detail": "", "facets": [], "image_url": "https://asset22.ckassets.com/resources/image/staticpage_images/MicrosoftTeams-image (1020)-1695033861.png", "image_urls": {"image_url_1": "https://asset22.ckassets.com/resources/image/staticpage_images/MicrosoftTeams-image (1020)-1695033861.png", "image_url_2": "", "image_url_3": "", "image_url_4": ""}, "cashback_url": "https://tracking.cashkaro.com/visitproduct/17282/PPS280-puma-cat-men-casual-shoes-0503?id=", "is_compared": false, "brand": "", "product_button_text": "GRAB DEAL", "product_start_datetime": null, "product_end_datetime": null, "merchant_offer_id": "17282", "merchant_name": "Puma", "cashback_type": "Cashback", "merchant_image_url": "https://asset20.ckassets.com/resources/image/stores/puma-coupons-1660816104.jpg", "offer_type": "Cashback + Coupons", "coupons_count": 0, "secondary_cashback_count": 0, "price": {"original_price": "100.00", "discounted_price": "50.00", "cashback_amount": "3.50", "price_aftercashback": "46.50", "currency": "INR", "discount_percentage": 50}}}]