[{"type": "products", "id": "PPS280-ucb-cat-men-jeans-0503", "attributes": {"name": "UCB: Upto 60% Off on Men's Jeans and Joggers + Flat 25% CashKaro Cashback", "card_type": false, "product_label": "", "category_price_starting_from": "", "category_earn_text": "GRAB DEAL", "category_detail": "", "facets": [], "image_url": "https://asset22.ckassets.com/resources/image/staticpage_images/MicrosoftTeams-image (1009)-1695025009.png", "image_urls": {"image_url_1": "https://asset22.ckassets.com/resources/image/staticpage_images/MicrosoftTeams-image (1009)-1695025009.png", "image_url_2": "", "image_url_3": "", "image_url_4": ""}, "cashback_url": "https://tracking.cashkaro.com/visitproduct/10042664/PPS280-ucb-cat-men-jeans-0503?id=", "is_compared": false, "brand": "", "product_button_text": "GRAB DEAL", "product_start_datetime": null, "product_end_datetime": null, "merchant_offer_id": "10042664", "merchant_name": "United Colors of Benetton", "cashback_type": "Cashback", "merchant_image_url": "https://asset20.ckassets.com/resources/image/stores/benetton-coupons-1696914684.png", "offer_type": "Cashback + Coupons", "coupons_count": 0, "secondary_cashback_count": 0, "price": {"original_price": "100.00", "discounted_price": "50.00", "cashback_amount": "12.50", "price_aftercashback": "37.50", "currency": "INR", "discount_percentage": 50}}}, {"type": "products", "id": "PPS280-ucb-cat-men-trousers-0503", "attributes": {"name": "UCB: Upto 50% Off on Men's Trousers + Flat 25% CashKaro Cashback", "card_type": false, "product_label": "", "category_price_starting_from": "", "category_earn_text": "GRAB DEAL", "category_detail": "", "facets": [], "image_url": "https://asset22.ckassets.com/resources/image/staticpage_images/MicrosoftTeams-image (1008)-1695025023.png", "image_urls": {"image_url_1": "https://asset22.ckassets.com/resources/image/staticpage_images/MicrosoftTeams-image (1008)-1695025023.png", "image_url_2": "", "image_url_3": "", "image_url_4": ""}, "cashback_url": "https://tracking.cashkaro.com/visitproduct/10042664/PPS280-ucb-cat-men-trousers-0503?id=", "is_compared": false, "brand": "", "product_button_text": "GRAB DEAL", "product_start_datetime": null, "product_end_datetime": null, "merchant_offer_id": "10042664", "merchant_name": "United Colors of Benetton", "cashback_type": "Cashback", "merchant_image_url": "https://asset20.ckassets.com/resources/image/stores/benetton-coupons-1696914684.png", "offer_type": "Cashback + Coupons", "coupons_count": 0, "secondary_cashback_count": 0, "price": {"original_price": "100.00", "discounted_price": "50.00", "cashback_amount": "12.50", "price_aftercashback": "37.50", "currency": "INR", "discount_percentage": 50}}}, {"type": "products", "id": "PPS280-xyxx-cat-men-bottom-wear-0503", "attributes": {"name": "XYXX: Bottom Wear Starting from Rs 419 + Flat 25% CashKaro Cashback", "card_type": false, "product_label": "", "category_price_starting_from": "", "category_earn_text": "GRAB DEAL", "category_detail": "", "facets": [], "image_url": "https://asset22.ckassets.com/resources/image/staticpage_images/XYXX TSP(02-12)-2-1701665277.jpg", "image_urls": {"image_url_1": "https://asset22.ckassets.com/resources/image/staticpage_images/XYXX TSP(02-12)-2-1701665277.jpg", "image_url_2": "", "image_url_3": "", "image_url_4": ""}, "cashback_url": "https://tracking.cashkaro.com/visitproduct/17863/PPS280-xyxx-cat-men-bottom-wear-0503?id=", "is_compared": false, "brand": "", "product_button_text": "GRAB DEAL", "product_start_datetime": null, "product_end_datetime": null, "merchant_offer_id": "17863", "merchant_name": "XYXX Crew", "cashback_type": "Cashback", "merchant_image_url": "https://asset20.ckassets.com/resources/image/stores/xyxx-discount-code-test-1657890481.png", "offer_type": "Cashback + Coupons", "coupons_count": 0, "secondary_cashback_count": 0, "price": {"original_price": "100.00", "discounted_price": "50.00", "cashback_amount": "12.50", "price_aftercashback": "37.50", "currency": "INR", "discount_percentage": 50}}}]