[{"type": "products", "id": "PPS1-amazon-cat-women-ethnic-0503", "attributes": {"name": "Amazon: 50-80% Off on Women's Ethnic wear + Flat 3% CashKaro Rewards", "card_type": false, "product_label": "", "category_price_starting_from": "", "category_earn_text": "GRAB DEAL", "category_detail": "", "facets": [], "image_url": "https://asset22.ckassets.com/resources/image/staticpage_images/Ethnic wear-1709639745.jpg", "image_urls": {"image_url_1": "https://asset22.ckassets.com/resources/image/staticpage_images/Ethnic wear-1709639745.jpg", "image_url_2": "", "image_url_3": "", "image_url_4": ""}, "cashback_url": "https://tracking.cashkaro.com/visitproduct/18861/PPS1-amazon-cat-women-ethnic-0503?id=", "is_compared": false, "brand": "", "product_button_text": "GRAB DEAL", "product_start_datetime": null, "product_end_datetime": null, "merchant_offer_id": "18861", "merchant_name": "Amazon Fashion & Clothing", "cashback_type": "Rewards", "merchant_image_url": "https://asset20.ckassets.com/resources/image/stores/amazon-1602658695.png", "offer_type": "Cashback + Coupons", "coupons_count": 0, "secondary_cashback_count": 1, "price": {"original_price": "100.00", "discounted_price": "50.00", "cashback_amount": "1.50", "price_aftercashback": "48.50", "currency": "INR", "discount_percentage": 50}}}]