[{"type": "products", "id": "PPS280-ucb-cat-women-jeans-0503", "attributes": {"name": "UCB: Upto 60% Off on Women's Jeans and Joggers + Flat 25% CashKaro Cashback", "card_type": false, "product_label": "", "category_price_starting_from": "", "category_earn_text": "GRAB DEAL", "category_detail": "", "facets": [], "image_url": "https://asset22.ckassets.com/resources/image/staticpage_images/MicrosoftTeams-image (1013)-1695024952.png", "image_urls": {"image_url_1": "https://asset22.ckassets.com/resources/image/staticpage_images/MicrosoftTeams-image (1013)-1695024952.png", "image_url_2": "", "image_url_3": "", "image_url_4": ""}, "cashback_url": "https://tracking.cashkaro.com/visitproduct/10042664/PPS280-ucb-cat-women-jeans-0503?id=", "is_compared": false, "brand": "", "product_button_text": "GRAB DEAL", "product_start_datetime": null, "product_end_datetime": null, "merchant_offer_id": "10042664", "merchant_name": "United Colors of Benetton", "cashback_type": "Cashback", "merchant_image_url": "https://asset20.ckassets.com/resources/image/stores/benetton-coupons-1696914684.png", "offer_type": "Cashback + Coupons", "coupons_count": 0, "secondary_cashback_count": 0, "price": {"original_price": "100.00", "discounted_price": "50.00", "cashback_amount": "12.50", "price_aftercashback": "37.50", "currency": "INR", "discount_percentage": 50}}}, {"type": "products", "id": "PPS280-ucb-cat-women-trousers-0503", "attributes": {"name": "UCB: Upto 60% Off on Women's Trousers + Flat 25% CashKaro Cashback", "card_type": false, "product_label": "", "category_price_starting_from": "", "category_earn_text": "GRAB DEAL", "category_detail": "", "facets": [], "image_url": "https://asset22.ckassets.com/resources/image/staticpage_images/MicrosoftTeams-image (1006)-1695025045.png", "image_urls": {"image_url_1": "https://asset22.ckassets.com/resources/image/staticpage_images/MicrosoftTeams-image (1006)-1695025045.png", "image_url_2": "", "image_url_3": "", "image_url_4": ""}, "cashback_url": "https://tracking.cashkaro.com/visitproduct/10042664/PPS280-ucb-cat-women-trousers-0503?id=", "is_compared": false, "brand": "", "product_button_text": "GRAB DEAL", "product_start_datetime": null, "product_end_datetime": null, "merchant_offer_id": "10042664", "merchant_name": "United Colors of Benetton", "cashback_type": "Cashback", "merchant_image_url": "https://asset20.ckassets.com/resources/image/stores/benetton-coupons-1696914684.png", "offer_type": "Cashback + Coupons", "coupons_count": 0, "secondary_cashback_count": 0, "price": {"original_price": "100.00", "discounted_price": "50.00", "cashback_amount": "12.50", "price_aftercashback": "37.50", "currency": "INR", "discount_percentage": 50}}}]